event_id,event_date,event_title,event_type,law_family,issuing_agency,jurisdiction_id,effective_date,expiration_date,impact_level,status,institutions_affected_count,prior_versions_superseded,federal_register_citation,event_quarter_label,query_spike_triggered
EVT-00850,2023-01-01,HUD published annual indexing of FHA loan limits,Amendment,FHA,HUD,JUR-054,2023-02-28,2025-01-23,High,Pending,23,3,FR Doc. 2023-63181,Q1 2023,Yes
EVT-00911,2023-01-02,Arkansas: Updated MLO license renewal procedures and CE requirements,Amendment,State Licensing,AR SRD,JUR-004,2023-04-02,9999-12-31,Medium,Active,5,2,State Notice 2023-0911,Q1 2023,No
EVT-00001,2023-01-03,Georgia DBF updated mortgage lender examination procedures,Enforcement Action,Safety & Soundness,GA DBF,JUR-010,2023-02-18,9999-12-31,Medium,Active,15,3,State Notice 2023-0001,Q1 2023,No
EVT-00002,2023-01-04,OCC model risk management supervisory expectations updated,Amendment,Safety & Soundness,OCC,JUR-053,2023-03-16,2023-11-24,High,Pending,11,2,State Notice 2023-0002,Q1 2023,No
EVT-00488,2023-01-04,Delaware Foreclosure Procedure Update,Amendment,State-DE,DE OSB,JUR-008,2023-03-11,2024-03-26,Critical,Pending,12,3,State Notice 2023-0488,Q1 2023,No
EVT-01045,2023-01-04,Kansas: Updated MLO license renewal procedures and CE requirements,Amendment,State Licensing,KS OSBC,JUR-016,2023-01-17,9999-12-31,Medium,Active,2,0,State Notice 2023-1045,Q1 2023,No
EVT-01429,2023-01-05,Proposed rule comment period opened,Proposed Rule,State Licensing,WV DOB,JUR-048,2023-01-20,9999-12-31,Medium,Active,4,0,State Notice 2023-1429,Q1 2023,No
EVT-01430,2023-01-06,No-action letter request received and under review,No-Action Letter,UDAAP,WV DOB,JUR-048,2023-01-11,2024-09-14,Low,Pending,1,0,State Notice 2023-1430,Q1 2023,No
EVT-00003,2023-01-07,RESPA Section 8 interpretation clarified for AfBA arrangements,New Rule,RESPA,CFPB,JUR-052,2023-03-31,2024-01-11,Low,Superseded,19,0,FR Doc. 2023-10978,Q1 2023,No
EVT-00472,2023-01-08,Colorado Fair Lending Examination Guidance,Guidance,State-CO,CO DRE,JUR-006,2023-02-19,9999-12-31,Critical,Active,21,2,State Notice 2023-0472,Q1 2023,No
EVT-00826,2023-01-08,Wisconsin High-Cost Loan Threshold Update,Amendment,State-WI,WI DFI,JUR-049,2023-01-10,9999-12-31,Medium,Active,22,3,State Notice 2023-0826,Q1 2023,No
EVT-01431,2023-01-09,Consumer complaint resolution procedures updated,Amendment,Consumer Protection,NC OCB,JUR-033,2023-01-10,2024-01-28,Medium,Pending,9,1,State Notice 2023-1431,Q1 2023,Yes
EVT-01067,2023-01-10,Louisiana: Updated MLO license renewal procedures and CE requirements,Amendment,State Licensing,LA OFI,JUR-018,2023-04-08,9999-12-31,Medium,Active,2,1,State Notice 2023-1067,Q1 2023,No
EVT-00004,2023-01-11,Freddie Mac LTV limits tightened for investment property purchases,New Rule,GSE,Freddie Mac,JUR-057,2023-02-03,9999-12-31,Low,Active,17,1,State Notice 2023-0004,Q1 2023,No
EVT-00794,2023-01-11,Vermont High-Cost Loan Threshold Update,Amendment,State-VT,VT DFR,JUR-045,2023-03-22,9999-12-31,High,Active,21,3,State Notice 2023-0794,Q1 2023,No
EVT-00912,2023-01-11,Arkansas: Issued guidance on state-specific mortgage disclosure timing,Guidance,Disclosure,AR SRD,JUR-004,2023-02-16,9999-12-31,Medium,Active,3,1,State Notice 2023-0912,Q1 2023,No
EVT-01432,2023-01-12,Predatory lending database quarterly update,Reporting,Predatory Lending,LA OFI,JUR-018,2023-03-01,9999-12-31,Medium,Active,3,1,State Notice 2023-1432,Q1 2023,No
EVT-00648,2023-01-13,Nebraska Annual MLO License Renewal Announcement,Guidance,State-NE,NE DBF,JUR-027,2023-02-05,9999-12-31,Critical,Active,19,3,State Notice 2023-0648,Q1 2023,No
EVT-00005,2023-01-14,Ohio DFI updated QM points and fees exemption thresholds,Interpretation,QM,OH DFI,JUR-035,2023-03-18,9999-12-31,Low,Active,24,3,State Notice 2023-0005,Q1 2023,No
EVT-01433,2023-01-15,Annual privacy notice distribution deadline reminder,Guidance,Privacy,LA OFI,JUR-018,2023-01-24,9999-12-31,Low,Active,4,1,State Notice 2023-1433,Q1 2023,No
EVT-01434,2023-01-16,Mortgage examination findings letter issued,Enforcement Action,Safety & Soundness,CT DOB,JUR-007,2023-03-11,9999-12-31,Medium,Active,6,1,State Notice 2023-1434,Q1 2023,No
EVT-00006,2023-01-17,Texas Department of Savings issued escrow account audit requirements,Enforcement Action,Escrow,TX DBO,JUR-043,2023-01-18,9999-12-31,Medium,Active,14,3,State Notice 2023-0006,Q1 2023,No
EVT-01435,2023-01-18,MLO license examination cycle initiated,Guidance,State Licensing,OCC,JUR-053,2023-01-23,9999-12-31,Low,Active,5,1,FR Doc. 2023-82357,Q1 2023,No
EVT-00007,2023-01-19,Texas Department of Savings issued escrow account audit requirements,Amendment,Escrow,TX DBO,JUR-043,2023-04-18,2024-07-11,Medium,Superseded,18,2,State Notice 2023-0007,Q1 2023,No
EVT-01436,2023-01-20,Regulatory sandbox application period opened,Guidance,Consumer Protection,CA DFPI,JUR-005,2023-03-03,9999-12-31,Low,Active,4,1,State Notice 2023-1436,Q1 2023,No
EVT-01437,2023-01-21,MLO license examination cycle initiated,Guidance,State Licensing,IA DOB,JUR-015,2023-03-17,9999-12-31,Low,Active,2,1,State Notice 2023-1437,Q1 2023,No
EVT-00008,2023-01-22,Freddie Mac LTV limits tightened for investment property purchases,Interpretation,GSE,Freddie Mac,JUR-057,2023-02-06,9999-12-31,Critical,Active,8,1,State Notice 2023-0008,Q1 2023,No
EVT-01438,2023-01-23,Flood insurance escrow compliance review initiated,Guidance,Flood Insurance,MS DBCF,JUR-024,2023-02-15,9999-12-31,Low,Active,6,0,State Notice 2023-1438,Q1 2023,No
EVT-01439,2023-01-24,Final rule effective date confirmed,Final Rule,Disclosure,UT DRE,JUR-044,2023-01-28,2024-01-18,High,Pending,9,0,State Notice 2023-1439,Q1 2023,Yes
EVT-01440,2023-01-25,Fair lending examination scheduled,Guidance,Fair Lending,LA OFI,JUR-018,2023-03-10,2024-04-17,Medium,Pending,6,0,State Notice 2023-1440,Q1 2023,No
EVT-00009,2023-01-26,FDIC updated appraisal independence requirements under 12 CFR 323,No-Action Letter,Appraisal,FDIC,JUR-055,2023-04-15,2024-07-01,High,Superseded,17,0,State Notice 2023-0009,Q1 2023,Yes
EVT-01441,2023-01-27,Predatory lending database quarterly update,Reporting,Predatory Lending,FHFA,JUR-057,2023-02-13,9999-12-31,Medium,Active,4,1,FR Doc. 2023-18675,Q1 2023,No
EVT-00010,2023-01-28,VA funding fee schedule updated per 38 U.S.C. § 3729,No-Action Letter,VA,VA,JUR-058,2023-02-28,9999-12-31,High,Active,5,2,State Notice 2023-0010,Q1 2023,Yes
EVT-01442,2023-01-29,Flood insurance escrow compliance review initiated,Guidance,Flood Insurance,TN DFI,JUR-042,2023-03-01,9999-12-31,Low,Active,7,1,State Notice 2023-1442,Q1 2023,No
EVT-01443,2023-01-30,Escrow account auditing standards reminder issued,Guidance,Escrow,KS OSBC,JUR-016,2023-03-06,2024-05-28,Low,Pending,10,1,State Notice 2023-1443,Q1 2023,No
EVT-00011,2023-01-31,Pennsylvania DBS issued flood insurance escrow guidance,Proposed Rule,Flood Insurance,PA DBS,JUR-038,2023-03-11,2024-05-06,Critical,Pending,11,4,State Notice 2023-0011,Q1 2023,No
EVT-01143,2023-01-31,Missouri: Updated MLO license renewal procedures and CE requirements,Amendment,State Licensing,MO DOF,JUR-025,2023-03-10,9999-12-31,Medium,Active,1,1,State Notice 2023-1143,Q1 2023,No
EVT-01444,2023-02-01,Regulatory sandbox application period opened,Guidance,Consumer Protection,IA DOB,JUR-015,2023-03-05,9999-12-31,Low,Active,8,0,State Notice 2023-1444,Q1 2023,No
EVT-00628,2023-02-02,Mississippi Escrow Account Audit Requirements,Guidance,State-MS,MS DBCF,JUR-024,2023-02-24,9999-12-31,Medium,Active,5,3,State Notice 2023-0628,Q1 2023,Yes
EVT-01394,2023-02-02,West Virginia: Updated MLO license renewal procedures and CE requirements,Amendment,State Licensing,WV DOB,JUR-048,2023-03-01,9999-12-31,Medium,Active,5,0,State Notice 2023-1394,Q1 2023,Yes
EVT-00012,2023-02-03,New York DFS cybersecurity requirements extended to mortgage servicers,Enforcement Action,Servicing,NY DFS,JUR-032,2023-04-08,9999-12-31,Medium,Active,8,5,State Notice 2023-0012,Q1 2023,No
EVT-00710,2023-02-03,North Dakota Predatory Lending Enforcement Action,Enforcement Action,State-ND,ND DFI,JUR-034,2023-03-20,9999-12-31,Critical,Active,12,1,State Notice 2023-0710,Q1 2023,No
EVT-01445,2023-02-04,Regulatory compliance monitoring report submitted to agency,Reporting,State Licensing,DE OSB,JUR-008,2023-02-13,9999-12-31,Low,Active,3,1,State Notice 2023-1445,Q1 2023,No
EVT-01446,2023-02-05,No-action letter request received and under review,No-Action Letter,UDAAP,CA DFPI,JUR-005,2023-03-01,9999-12-31,Low,Active,7,1,State Notice 2023-1446,Q1 2023,No
EVT-00013,2023-02-06,USDA Rural Development updated guaranteed loan income limits,Guidance,Government Lending,USDA,JUR-059,2023-02-27,2023-10-25,Medium,Superseded,17,3,State Notice 2023-0013,Q1 2023,No
EVT-00878,2023-02-06,Alabama: Updated MLO license renewal procedures and CE requirements,Amendment,State Licensing,AL SBD,JUR-001,2023-03-12,9999-12-31,Medium,Active,3,0,State Notice 2023-0878,Q1 2023,No
EVT-00966,2023-02-06,Florida: Updated MLO license renewal procedures and CE requirements,Amendment,State Licensing,FL OFR,JUR-009,2023-02-19,9999-12-31,Medium,Active,4,2,State Notice 2023-0966,Q1 2023,No
EVT-00992,2023-02-07,Hawaii: Updated MLO license renewal procedures and CE requirements,Amendment,State Licensing,HI DFI,JUR-011,2023-05-04,9999-12-31,Medium,Active,2,2,State Notice 2023-0992,Q1 2023,Yes
EVT-01447,2023-02-08,BSA/AML examination initiated for mortgage lenders,Enforcement Action,AML/BSA,OK Banking,JUR-036,2023-03-23,9999-12-31,High,Active,2,1,State Notice 2023-1447,Q1 2023,Yes
EVT-00979,2023-02-09,Georgia: Updated MLO license renewal procedures and CE requirements,Amendment,State Licensing,GA DBF,JUR-010,2023-03-06,9999-12-31,Medium,Active,5,1,State Notice 2023-0979,Q1 2023,Yes
EVT-00014,2023-02-10,Fannie Mae desktop appraisal eligibility expanded nationwide,Interpretation,GSE,Fannie Mae,JUR-057,2023-02-28,9999-12-31,High,Active,10,5,State Notice 2023-0014,Q1 2023,No
EVT-01448,2023-02-11,Annual privacy notice distribution deadline reminder,Guidance,Privacy,DE OSB,JUR-008,2023-03-01,9999-12-31,Low,Active,7,0,State Notice 2023-1448,Q1 2023,No
EVT-00015,2023-02-12,VA funding fee schedule updated per 38 U.S.C. § 3729,Enforcement Action,VA,VA,JUR-058,2023-04-18,9999-12-31,Medium,Active,2,2,State Notice 2023-0015,Q1 2023,No
EVT-01449,2023-02-13,High-cost mortgage threshold annual adjustment,Amendment,High-Cost Mortgage,WA DFI,JUR-047,2023-03-01,2025-01-21,High,Pending,3,0,State Notice 2023-1449,Q1 2023,No
EVT-01100,2023-02-14,Massachusetts: Updated MLO license renewal procedures and CE requirements,Amendment,State Licensing,MA DOB,JUR-021,2023-03-31,9999-12-31,Medium,Active,5,1,State Notice 2023-1100,Q1 2023,No
EVT-01281,2023-02-14,Pennsylvania: Updated MLO license renewal procedures and CE requirements,Amendment,State Licensing,PA DBS,JUR-038,2023-04-13,9999-12-31,Medium,Active,2,1,State Notice 2023-1281,Q1 2023,No
EVT-01450,2023-02-15,Proposed rule comment period opened,Proposed Rule,State Licensing,SD DOB,JUR-041,2023-03-25,2024-04-11,Medium,Pending,3,1,State Notice 2023-1450,Q1 2023,No
EVT-00016,2023-02-16,Illinois predatory lending counseling database reporting activated,Interpretation,Predatory Lending,IL DFI,JUR-013,2023-03-20,2023-12-04,Critical,Pending,20,5,State Notice 2023-0016,Q1 2023,No
EVT-00892,2023-02-17,Alaska: Updated MLO license renewal procedures and CE requirements,Amendment,State Licensing,AK DBS,JUR-002,2023-02-26,9999-12-31,Medium,Active,1,0,State Notice 2023-0892,Q1 2023,No
EVT-01068,2023-02-17,Louisiana: Issued guidance on state-specific mortgage disclosure timing,Guidance,Disclosure,LA OFI,JUR-018,2023-04-07,2025-02-25,Medium,Pending,4,0,State Notice 2023-1068,Q1 2023,No
EVT-00017,2023-02-18,North Carolina OCOB issued guidance on non-QM loan disclosures,Interpretation,State Licensing,NC OFR,JUR-033,2023-03-07,2025-02-18,Medium,Pending,12,4,State Notice 2023-0017,Q1 2023,No
EVT-01451,2023-02-19,Escrow account auditing standards reminder issued,Guidance,Escrow,OH DFI,JUR-035,2023-04-09,9999-12-31,Low,Active,9,0,State Notice 2023-1451,Q1 2023,No
EVT-00479,2023-02-20,Connecticut Foreclosure Procedure Update,Amendment,State-CT,CT DOB,JUR-007,2023-03-14,9999-12-31,Low,Active,14,1,State Notice 2023-0479,Q1 2023,No
EVT-01322,2023-02-21,Tennessee: Updated MLO license renewal procedures and CE requirements,Amendment,State Licensing,TN DFI,JUR-042,2023-03-01,9999-12-31,Medium,Active,3,0,State Notice 2023-1322,Q1 2023,No
EVT-00627,2023-02-22,Mississippi Foreclosure Procedure Update,Amendment,State-MS,MS DBCF,JUR-024,2023-03-10,9999-12-31,High,Active,8,2,State Notice 2023-0627,Q1 2023,No
EVT-00018,2023-02-23,Florida OFR updated mortgage broker continuing education requirements,Guidance,State Licensing,FL OFR,JUR-009,2023-04-11,2024-02-22,Critical,Pending,24,0,State Notice 2023-0018,Q1 2023,No
EVT-00019,2023-02-24,Illinois predatory lending counseling database reporting activated,Enforcement Action,Predatory Lending,IL DFI,JUR-013,2023-04-09,9999-12-31,High,Active,25,4,State Notice 2023-0019,Q1 2023,Yes
EVT-01452,2023-02-25,No-action letter request received and under review,No-Action Letter,UDAAP,MA DOB,JUR-021,2023-03-28,9999-12-31,Low,Active,1,0,State Notice 2023-1452,Q1 2023,No
EVT-01453,2023-02-26,Annual privacy notice distribution deadline reminder,Guidance,Privacy,MD OFR,JUR-020,2023-03-13,9999-12-31,Low,Active,1,0,State Notice 2023-1453,Q1 2023,No
EVT-01226,2023-02-27,North Carolina: Updated MLO license renewal procedures and CE requirements,Amendment,State Licensing,NC OCB,JUR-033,2023-05-05,2024-08-31,Medium,Pending,3,2,State Notice 2023-1226,Q1 2023,No
EVT-00020,2023-02-28,QM rule safe harbor points and fees thresholds adjusted for inflation,Proposed Rule,QM,CFPB,JUR-052,2023-04-15,9999-12-31,High,Active,19,1,FR Doc. 2023-58371,Q1 2023,No
EVT-00853,2023-02-28,FRB issued SR letter on LIBOR transition for ARMs,Guidance,TILA,FRB,JUR-056,2023-04-22,2024-06-12,High,Pending,15,0,FR Doc. 2023-21610,Q1 2023,No
EVT-00647,2023-03-01,Montana New Mortgage Disclosure Requirement,New Rule,State-MT,MT DBFI,JUR-026,2023-03-24,2024-08-01,Medium,Superseded,11,2,State Notice 2023-0647,Q1 2023,No
EVT-00952,2023-03-02,Delaware: Updated MLO license renewal procedures and CE requirements,Amendment,State Licensing,DE OSB,JUR-008,2023-03-16,2023-12-16,Medium,Pending,2,0,State Notice 2023-0952,Q1 2023,No
EVT-01227,2023-03-02,North Carolina: Issued guidance on state-specific mortgage disclosure timing,Guidance,Disclosure,NC OCB,JUR-033,2023-04-28,9999-12-31,Medium,Active,3,2,State Notice 2023-1227,Q1 2023,No
EVT-00021,2023-03-03,HMDA 2024 data collection thresholds revised — open-end credit lines,New Rule,HMDA,CFPB,JUR-052,2023-03-26,9999-12-31,High,Active,20,2,FR Doc. 2023-53309,Q1 2023,Yes
EVT-00751,2023-03-04,Rhode Island New Mortgage Disclosure Requirement,New Rule,State-RI,RI DBR,JUR-039,2023-05-06,2024-08-24,Low,Pending,21,2,State Notice 2023-0751,Q1 2023,No
EVT-00022,2023-03-05,North Carolina OCOB issued guidance on non-QM loan disclosures,Guidance,State Licensing,NC OFR,JUR-033,2023-05-15,2024-02-17,High,Pending,3,5,State Notice 2023-0022,Q1 2023,Yes
EVT-00632,2023-03-05,Missouri Annual MLO License Renewal Announcement,Guidance,State-MO,MO DOF,JUR-025,2023-03-12,9999-12-31,Medium,Active,14,0,State Notice 2023-0632,Q1 2023,Yes
EVT-00778,2023-03-06,Texas High-Cost Loan Threshold Update,Amendment,State-TX,TX DBO,JUR-043,2023-05-18,9999-12-31,Low,Active,7,0,State Notice 2023-0778,Q1 2023,No
EVT-00829,2023-03-07,Wisconsin Fair Lending Examination Guidance,Guidance,State-WI,WI DFI,JUR-049,2023-05-30,2023-12-12,Medium,Pending,8,1,State Notice 2023-0829,Q1 2023,No
EVT-01454,2023-03-08,Regulatory sandbox application period opened,Guidance,Consumer Protection,OCC,JUR-053,2023-04-08,2023-12-14,Low,Pending,3,0,FR Doc. 2023-79822,Q1 2023,No
EVT-00023,2023-03-09,Pennsylvania DBS issued flood insurance escrow guidance,Final Rule,Flood Insurance,PA DBS,JUR-038,2023-04-03,9999-12-31,Critical,Active,7,4,State Notice 2023-0023,Q1 2023,No
EVT-01033,2023-03-09,Iowa: Updated MLO license renewal procedures and CE requirements,Amendment,State Licensing,IA DOB,JUR-015,2023-03-21,9999-12-31,Medium,Active,3,2,State Notice 2023-1033,Q1 2023,No
EVT-01013,2023-03-10,Illinois: Updated MLO license renewal procedures and CE requirements,Amendment,State Licensing,IL DFI,JUR-013,2023-03-24,2025-02-10,Medium,Pending,2,2,State Notice 2023-1013,Q1 2023,No
EVT-01455,2023-03-11,Regulatory sandbox application period opened,Guidance,Consumer Protection,OK Banking,JUR-036,2023-03-21,9999-12-31,Low,Active,5,1,State Notice 2023-1455,Q1 2023,No
EVT-01456,2023-03-12,Flood insurance escrow compliance review initiated,Guidance,Flood Insurance,OH DFI,JUR-035,2023-04-29,9999-12-31,Low,Active,4,1,State Notice 2023-1456,Q1 2023,No
EVT-00024,2023-03-13,FRB Regulation B amended to add sexual orientation to protected classes,Enforcement Action,Fair Lending,FRB,JUR-052,2023-04-27,9999-12-31,High,Active,5,4,FR Doc. 2023-86130,Q1 2023,Yes
EVT-01457,2023-03-14,Servicing examination checklist updated,Amendment,Servicing,FHFA,JUR-057,2023-05-10,9999-12-31,Medium,Active,8,0,FR Doc. 2023-77839,Q1 2023,No
EVT-00848,2023-03-15,CFPB issued supervisory highlights for mortgage servicers,Guidance,Servicing,CFPB,JUR-052,2023-03-20,9999-12-31,Medium,Active,14,1,FR Doc. 2023-20441,Q1 2023,No
EVT-00025,2023-03-16,ECOA small business data collection rule effective date confirmed,New Rule,ECOA,FRB,JUR-052,2023-05-12,2024-09-03,Low,Superseded,21,5,FR Doc. 2023-11558,Q1 2023,No
EVT-00714,2023-03-17,Ohio High-Cost Loan Threshold Update,Amendment,State-OH,OH DFI,JUR-035,2023-04-23,9999-12-31,High,Active,7,0,State Notice 2023-0714,Q1 2023,Yes
EVT-00026,2023-03-18,QM rule safe harbor points and fees thresholds adjusted for inflation,Interpretation,QM,CFPB,JUR-052,2023-03-28,9999-12-31,High,Active,18,2,FR Doc. 2023-91136,Q1 2023,Yes
EVT-01458,2023-03-19,Flood insurance escrow compliance review initiated,Guidance,Flood Insurance,IA DOB,JUR-015,2023-03-23,9999-12-31,Low,Active,6,0,State Notice 2023-1458,Q1 2023,No
EVT-01119,2023-03-20,Minnesota: Updated MLO license renewal procedures and CE requirements,Amendment,State Licensing,MN DOC,JUR-023,2023-03-30,2024-05-16,Medium,Pending,1,1,State Notice 2023-1119,Q1 2023,No
EVT-01207,2023-03-20,New Mexico: Updated MLO license renewal procedures and CE requirements,Amendment,State Licensing,NM FID,JUR-031,2023-06-05,9999-12-31,Medium,Active,3,0,State Notice 2023-1207,Q1 2023,No
EVT-00027,2023-03-21,Florida OFR updated mortgage broker continuing education requirements,No-Action Letter,State Licensing,FL OFR,JUR-009,2023-06-12,2024-05-14,Low,Superseded,15,3,State Notice 2023-0027,Q1 2023,No
EVT-00879,2023-03-21,Alabama: Issued guidance on state-specific mortgage disclosure timing,Guidance,Disclosure,AL SBD,JUR-001,2023-03-29,9999-12-31,Medium,Active,4,2,State Notice 2023-0879,Q1 2023,No
EVT-00605,2023-03-22,Massachusetts Fair Lending Examination Guidance,Guidance,State-MA,MA DOB,JUR-021,2023-04-30,9999-12-31,Critical,Active,2,2,State Notice 2023-0605,Q1 2023,No
EVT-00678,2023-03-22,New Jersey Predatory Lending Enforcement Action,Enforcement Action,State-NJ,NJ DBI,JUR-030,2023-04-22,9999-12-31,Low,Active,15,1,State Notice 2023-0678,Q1 2023,No
EVT-01459,2023-03-23,Regulatory sandbox application period opened,Guidance,Consumer Protection,PA DBS,JUR-038,2023-03-23,9999-12-31,Low,Active,2,0,State Notice 2023-1459,Q1 2023,No
EVT-00520,2023-03-24,Hawaii MLO Continuing Education Update,Guidance,State-HI,HI DFI,JUR-011,2023-03-27,9999-12-31,High,Active,1,1,State Notice 2023-0520,Q1 2023,Yes
EVT-01002,2023-03-24,Idaho: Updated MLO license renewal procedures and CE requirements,Amendment,State Licensing,ID DOF,JUR-012,2023-06-11,2024-07-08,Medium,Pending,5,0,State Notice 2023-1002,Q1 2023,No
EVT-00028,2023-03-25,FDIC updated appraisal independence requirements under 12 CFR 323,Amendment,Appraisal,FDIC,JUR-055,2023-06-08,9999-12-31,High,Active,13,3,State Notice 2023-0028,Q1 2023,Yes
EVT-01460,2023-03-26,Flood insurance escrow compliance review initiated,Guidance,Flood Insurance,CA DFPI,JUR-005,2023-05-22,9999-12-31,Low,Active,1,1,State Notice 2023-1460,Q1 2023,No
EVT-00476,2023-03-27,Connecticut Annual MLO License Renewal Announcement,Guidance,State-CT,CT DOB,JUR-007,2023-05-05,9999-12-31,Medium,Active,12,1,State Notice 2023-0476,Q1 2023,Yes
EVT-01197,2023-03-27,New Jersey: Updated MLO license renewal procedures and CE requirements,Amendment,State Licensing,NJ DBI,JUR-030,2023-04-10,9999-12-31,Medium,Active,3,1,State Notice 2023-1197,Q1 2023,Yes
EVT-00029,2023-03-28,RESPA Section 8 interpretation clarified for AfBA arrangements,Amendment,RESPA,CFPB,JUR-052,2023-03-28,2023-09-26,Low,Pending,20,3,FR Doc. 2023-56846,Q1 2023,No
EVT-01163,2023-03-29,Nebraska: Updated MLO license renewal procedures and CE requirements,Amendment,State Licensing,NE DBF,JUR-027,2023-06-14,9999-12-31,Medium,Active,2,1,State Notice 2023-1163,Q1 2023,Yes
EVT-01198,2023-03-29,New Jersey: Issued guidance on state-specific mortgage disclosure timing,Guidance,Disclosure,NJ DBI,JUR-030,2023-04-23,2024-12-06,Medium,Pending,5,1,State Notice 2023-1198,Q1 2023,No
EVT-00980,2023-03-30,Georgia: Issued guidance on state-specific mortgage disclosure timing,Guidance,Disclosure,GA DBF,JUR-010,2023-05-24,9999-12-31,Medium,Active,5,2,State Notice 2023-0980,Q1 2023,Yes
EVT-00030,2023-03-31,Florida OFR updated mortgage broker continuing education requirements,No-Action Letter,State Licensing,FL OFR,JUR-009,2023-04-24,9999-12-31,Critical,Active,15,2,State Notice 2023-0030,Q1 2023,No
EVT-00690,2023-03-31,New York High-Cost Loan Threshold Update,Amendment,State-NY,NY DFS,JUR-032,2023-05-22,2024-07-18,Medium,Superseded,15,2,State Notice 2023-0690,Q1 2023,No
EVT-00849,2023-04-01,OCC issued examination handbook update — mortgage lending,Guidance,Safety & Soundness,OCC,JUR-053,2023-05-18,9999-12-31,Medium,Active,13,2,FR Doc. 2023-56088,Q2 2023,No
EVT-01461,2023-04-02,MLO license examination cycle initiated,Guidance,State Licensing,NC OCB,JUR-033,2023-04-17,9999-12-31,Low,Active,5,1,State Notice 2023-1461,Q2 2023,No
EVT-00031,2023-04-03,Illinois predatory lending counseling database reporting activated,Interpretation,Predatory Lending,IL DFI,JUR-013,2023-06-10,9999-12-31,Low,Active,15,2,State Notice 2023-0031,Q2 2023,No
EVT-00770,2023-04-03,Tennessee High-Cost Loan Threshold Update,Amendment,State-TN,TN DFI,JUR-042,2023-04-07,2024-09-09,High,Superseded,16,3,State Notice 2023-0770,Q2 2023,No
EVT-00032,2023-04-04,OCC model risk management supervisory expectations updated,Amendment,Safety & Soundness,OCC,JUR-053,2023-06-09,9999-12-31,High,Active,4,2,State Notice 2023-0032,Q2 2023,Yes
EVT-00656,2023-04-04,Nevada Annual MLO License Renewal Announcement,Guidance,State-NV,NV DML,JUR-028,2023-05-02,2023-12-24,Medium,Pending,1,1,State Notice 2023-0656,Q2 2023,No
EVT-01411,2023-04-04,Wyoming: Updated MLO license renewal procedures and CE requirements,Amendment,State Licensing,WY DOB,JUR-050,2023-05-24,9999-12-31,Medium,Active,2,0,State Notice 2023-1411,Q2 2023,No
EVT-00967,2023-04-05,Florida: Issued guidance on state-specific mortgage disclosure timing,Guidance,Disclosure,FL OFR,JUR-009,2023-04-17,2024-06-05,Medium,Pending,4,0,State Notice 2023-0967,Q2 2023,No
EVT-01080,2023-04-05,Maine: Updated MLO license renewal procedures and CE requirements,Amendment,State Licensing,ME BFI,JUR-019,2023-05-10,9999-12-31,Medium,Active,1,2,State Notice 2023-1080,Q2 2023,No
EVT-01215,2023-04-05,New York: Updated MLO license renewal procedures and CE requirements,Amendment,State Licensing,NY DFS,JUR-032,2023-05-06,9999-12-31,Medium,Active,3,1,State Notice 2023-1215,Q2 2023,No
EVT-01300,2023-04-05,South Carolina: Updated MLO license renewal procedures and CE requirements,Amendment,State Licensing,SC BFI,JUR-040,2023-06-11,9999-12-31,Medium,Active,1,2,State Notice 2023-1300,Q2 2023,No
EVT-00923,2023-04-06,California: Updated MLO license renewal procedures and CE requirements,Amendment,State Licensing,CA DFPI,JUR-005,2023-06-15,2024-04-26,Medium,Pending,1,0,State Notice 2023-0923,Q2 2023,Yes
EVT-01228,2023-04-06,North Carolina: Published examination procedures for state mortgage companies,Guidance,Safety & Soundness,NC OCB,JUR-033,2023-05-25,9999-12-31,Low,Active,1,1,State Notice 2023-1228,Q2 2023,No
EVT-01462,2023-04-07,State usury rate quarterly adjustment published,Amendment,Rate Limits,WA DFI,JUR-047,2023-05-13,2025-03-07,High,Pending,4,1,State Notice 2023-1462,Q2 2023,Yes
EVT-00033,2023-04-08,Fannie Mae desktop appraisal eligibility expanded nationwide,Final Rule,GSE,Fannie Mae,JUR-057,2023-04-25,9999-12-31,Medium,Active,18,0,State Notice 2023-0033,Q2 2023,No
EVT-00717,2023-04-08,Ohio Fair Lending Examination Guidance,Guidance,State-OH,OH DFI,JUR-035,2023-06-30,9999-12-31,Medium,Active,4,2,State Notice 2023-0717,Q2 2023,No
EVT-01463,2023-04-09,NMLS call report quarterly submission reminder,Guidance,Reporting,IL DFI,JUR-013,2023-04-15,9999-12-31,Low,Active,2,1,State Notice 2023-1463,Q2 2023,No
EVT-00034,2023-04-10,Illinois predatory lending counseling database reporting activated,Amendment,Predatory Lending,IL DFI,JUR-013,2023-06-07,9999-12-31,High,Active,2,1,State Notice 2023-0034,Q2 2023,Yes
EVT-01464,2023-04-11,Annual privacy notice distribution deadline reminder,Guidance,Privacy,NJ DBI,JUR-030,2023-04-14,2024-01-19,Low,Pending,1,1,State Notice 2023-1464,Q2 2023,No
EVT-01465,2023-04-12,No-action letter request received and under review,No-Action Letter,UDAAP,CT DOB,JUR-007,2023-04-24,9999-12-31,Low,Active,4,1,State Notice 2023-1465,Q2 2023,No
EVT-00035,2023-04-13,CFPB published circular on digital mortgage advertising disclosures,Proposed Rule,UDAAP,CFPB,JUR-052,2023-05-22,9999-12-31,Medium,Active,1,3,FR Doc. 2023-34069,Q2 2023,No
EVT-00501,2023-04-13,Florida New Mortgage Disclosure Requirement,New Rule,State-FL,FL OFR,JUR-009,2023-06-23,9999-12-31,High,Active,15,1,State Notice 2023-0501,Q2 2023,Yes
EVT-01466,2023-04-14,Escrow account auditing standards reminder issued,Guidance,Escrow,LA OFI,JUR-018,2023-04-29,9999-12-31,Low,Active,2,1,State Notice 2023-1466,Q2 2023,No
EVT-01467,2023-04-15,Annual examination schedule published,Guidance,Safety & Soundness,CT DOB,JUR-007,2023-04-18,9999-12-31,Low,Active,9,0,State Notice 2023-1467,Q2 2023,No
EVT-00572,2023-04-16,Kentucky Predatory Lending Enforcement Action,Enforcement Action,State-KY,KY DFI,JUR-017,2023-05-12,2024-03-21,Medium,Pending,10,3,State Notice 2023-0572,Q2 2023,Yes
EVT-01240,2023-04-17,North Dakota: Updated MLO license renewal procedures and CE requirements,Amendment,State Licensing,ND DFI,JUR-034,2023-05-31,9999-12-31,Medium,Active,4,1,State Notice 2023-1240,Q2 2023,Yes
EVT-00036,2023-04-18,HMDA 2024 data collection thresholds revised — open-end credit lines,No-Action Letter,HMDA,CFPB,JUR-052,2023-06-27,9999-12-31,Medium,Active,15,0,FR Doc. 2023-76186,Q2 2023,No
EVT-01259,2023-04-18,Oklahoma: Updated MLO license renewal procedures and CE requirements,Amendment,State Licensing,OK Banking,JUR-036,2023-05-30,9999-12-31,Medium,Active,3,2,State Notice 2023-1259,Q2 2023,No
EVT-01081,2023-04-19,Maine: Issued guidance on state-specific mortgage disclosure timing,Guidance,Disclosure,ME BFI,JUR-019,2023-04-21,9999-12-31,Medium,Active,3,0,State Notice 2023-1081,Q2 2023,No
EVT-01155,2023-04-19,Montana: Updated MLO license renewal procedures and CE requirements,Amendment,State Licensing,MT DBFI,JUR-026,2023-06-10,2024-12-05,Medium,Pending,4,2,State Notice 2023-1155,Q2 2023,No
EVT-00037,2023-04-20,New York DFS cybersecurity requirements extended to mortgage servicers,Final Rule,Servicing,NY DFS,JUR-032,2023-07-11,2024-03-05,Medium,Superseded,15,5,State Notice 2023-0037,Q2 2023,No
EVT-01034,2023-04-20,Iowa: Issued guidance on state-specific mortgage disclosure timing,Guidance,Disclosure,IA DOB,JUR-015,2023-06-23,9999-12-31,Medium,Active,1,0,State Notice 2023-1034,Q2 2023,Yes
EVT-01323,2023-04-20,Tennessee: Issued guidance on state-specific mortgage disclosure timing,Guidance,Disclosure,TN DFI,JUR-042,2023-06-12,9999-12-31,Medium,Active,3,1,State Notice 2023-1323,Q2 2023,No
EVT-01382,2023-04-21,Washington: Updated MLO license renewal procedures and CE requirements,Amendment,State Licensing,WA DFI,JUR-047,2023-06-24,9999-12-31,Medium,Active,5,1,State Notice 2023-1382,Q2 2023,No
EVT-01395,2023-04-21,West Virginia: Issued guidance on state-specific mortgage disclosure timing,Guidance,Disclosure,WV DOB,JUR-048,2023-06-17,9999-12-31,Medium,Active,2,2,State Notice 2023-1395,Q2 2023,Yes
EVT-00545,2023-04-22,Indiana Predatory Lending Enforcement Action,Enforcement Action,State-IN,IN DFI,JUR-014,2023-07-01,2024-05-05,Medium,Superseded,21,3,State Notice 2023-0545,Q2 2023,No
EVT-00038,2023-04-23,CFPB enforcement action: servicer fined $28M for escrow violations,Proposed Rule,Servicing,CFPB,JUR-052,2023-05-18,2024-06-13,Low,Superseded,13,5,FR Doc. 2023-33817,Q2 2023,No
EVT-00817,2023-04-24,West Virginia Mortgage Lending Law Amendment,Amendment,State-WV,WV DOB,JUR-048,2023-06-21,2025-02-15,High,Pending,15,0,State Notice 2023-0817,Q2 2023,No
EVT-01468,2023-04-25,Consumer complaint resolution procedures updated,Amendment,Consumer Protection,FDIC,JUR-055,2023-05-21,9999-12-31,Medium,Active,8,0,FR Doc. 2023-73653,Q2 2023,No
EVT-00039,2023-04-26,HUD issued mortgagee letter on HECM principal limit factor update,Interpretation,Reverse Mortgage,HUD,JUR-054,2023-07-19,9999-12-31,Medium,Active,22,3,State Notice 2023-0039,Q2 2023,Yes
EVT-00832,2023-04-26,Wyoming Annual MLO License Renewal Announcement,Guidance,State-WY,WY DOB,JUR-050,2023-05-13,9999-12-31,Medium,Active,8,2,State Notice 2023-0832,Q2 2023,No
EVT-01101,2023-04-26,Massachusetts: Issued guidance on state-specific mortgage disclosure timing,Guidance,Disclosure,MA DOB,JUR-021,2023-05-30,9999-12-31,Medium,Active,4,1,State Notice 2023-1101,Q2 2023,No
EVT-00459,2023-04-27,California Mortgage Lending Law Amendment,Amendment,State-CA,CA DFPI,JUR-005,2023-07-01,9999-12-31,High,Active,3,0,State Notice 2023-0459,Q2 2023,Yes
EVT-00458,2023-04-28,California Annual MLO License Renewal Announcement,Guidance,State-CA,CA DFPI,JUR-005,2023-05-04,9999-12-31,Medium,Active,17,1,State Notice 2023-0458,Q2 2023,No
EVT-01102,2023-04-28,Massachusetts: Published examination procedures for state mortgage companies,Guidance,Safety & Soundness,MA DOB,JUR-021,2023-06-16,9999-12-31,Low,Active,1,2,State Notice 2023-1102,Q2 2023,No
EVT-01469,2023-04-29,NMLS call report quarterly submission reminder,Guidance,Reporting,AR SRD,JUR-004,2023-05-09,9999-12-31,Low,Active,7,0,State Notice 2023-1469,Q2 2023,No
EVT-00040,2023-04-30,HMDA 2024 data collection thresholds revised — open-end credit lines,Interpretation,HMDA,CFPB,JUR-052,2023-07-19,9999-12-31,High,Active,22,4,FR Doc. 2023-91645,Q2 2023,Yes
EVT-00041,2023-05-01,Florida OFR updated mortgage broker continuing education requirements,Interpretation,State Licensing,FL OFR,JUR-009,2023-05-02,9999-12-31,Medium,Active,8,2,State Notice 2023-0041,Q2 2023,No
EVT-00445,2023-05-01,Arizona Fair Lending Examination Guidance,Guidance,State-AZ,AZ DFI,JUR-003,2023-05-30,9999-12-31,High,Active,11,0,State Notice 2023-0445,Q2 2023,Yes
EVT-00455,2023-05-01,Arkansas Predatory Lending Enforcement Action,Enforcement Action,State-AR,AR SRD,JUR-004,2023-05-22,9999-12-31,Medium,Active,13,2,State Notice 2023-0455,Q2 2023,No
EVT-00968,2023-05-01,Florida: Published examination procedures for state mortgage companies,Guidance,Safety & Soundness,FL OFR,JUR-009,2023-06-03,9999-12-31,Low,Active,3,2,State Notice 2023-0968,Q2 2023,No
EVT-00796,2023-05-02,Vermont Escrow Account Audit Requirements,Guidance,State-VT,VT DFR,JUR-045,2023-05-13,2024-07-03,Low,Pending,18,0,State Notice 2023-0796,Q2 2023,No
EVT-01470,2023-05-03,Servicing examination checklist updated,Amendment,Servicing,DC DISB,JUR-051,2023-05-21,9999-12-31,Medium,Active,7,1,State Notice 2023-1470,Q2 2023,No
EVT-01471,2023-05-04,Escrow account auditing standards reminder issued,Guidance,Escrow,IN DFI,JUR-014,2023-06-10,9999-12-31,Low,Active,9,0,State Notice 2023-1471,Q2 2023,No
EVT-00450,2023-05-05,Arkansas Mortgage Lending Law Amendment,Amendment,State-AR,AR SRD,JUR-004,2023-06-25,9999-12-31,Low,Active,4,1,State Notice 2023-0450,Q2 2023,No
EVT-00042,2023-05-06,Fannie Mae desktop appraisal eligibility expanded nationwide,Final Rule,GSE,Fannie Mae,JUR-057,2023-05-19,9999-12-31,Critical,Active,4,5,State Notice 2023-0042,Q2 2023,No
EVT-01472,2023-05-07,Annual privacy notice distribution deadline reminder,Guidance,Privacy,AR SRD,JUR-004,2023-05-10,9999-12-31,Low,Active,10,1,State Notice 2023-1472,Q2 2023,No
EVT-01473,2023-05-08,BSA/AML examination initiated for mortgage lenders,Enforcement Action,AML/BSA,HUD,JUR-054,2023-06-09,9999-12-31,High,Active,3,0,FR Doc. 2023-20500,Q2 2023,Yes
EVT-00043,2023-05-09,ECOA small business data collection rule effective date confirmed,New Rule,ECOA,FRB,JUR-052,2023-07-15,9999-12-31,Medium,Active,1,1,FR Doc. 2023-69397,Q2 2023,No
EVT-00913,2023-05-09,Arkansas: Published examination procedures for state mortgage companies,Guidance,Safety & Soundness,AR SRD,JUR-004,2023-05-27,9999-12-31,Low,Active,1,1,State Notice 2023-0913,Q2 2023,No
EVT-00953,2023-05-09,Delaware: Issued guidance on state-specific mortgage disclosure timing,Guidance,Disclosure,DE OSB,JUR-008,2023-05-21,9999-12-31,Medium,Active,4,1,State Notice 2023-0953,Q2 2023,No
EVT-00044,2023-05-10,QM rule safe harbor points and fees thresholds adjusted for inflation,Interpretation,QM,CFPB,JUR-052,2023-06-17,2025-02-26,Medium,Pending,17,0,FR Doc. 2023-10137,Q2 2023,No
EVT-00614,2023-05-10,Michigan Predatory Lending Enforcement Action,Enforcement Action,State-MI,MI DIFS,JUR-022,2023-07-30,9999-12-31,Critical,Active,23,2,State Notice 2023-0614,Q2 2023,No
EVT-00880,2023-05-10,Alabama: Published examination procedures for state mortgage companies,Guidance,Safety & Soundness,AL SBD,JUR-001,2023-05-12,9999-12-31,Low,Active,5,1,State Notice 2023-0880,Q2 2023,No
EVT-01474,2023-05-11,Annual examination schedule published,Guidance,Safety & Soundness,KS OSBC,JUR-016,2023-05-18,9999-12-31,Low,Active,10,0,State Notice 2023-1474,Q2 2023,No
EVT-01475,2023-05-12,Regulatory sandbox application period opened,Guidance,Consumer Protection,SC BFI,JUR-040,2023-06-07,9999-12-31,Low,Active,10,1,State Notice 2023-1475,Q2 2023,No
EVT-00736,2023-05-13,Pennsylvania Annual MLO License Renewal Announcement,Guidance,State-PA,PA DBS,JUR-038,2023-07-22,9999-12-31,Medium,Active,10,1,State Notice 2023-0736,Q2 2023,No
EVT-00045,2023-05-14,Pennsylvania DBS issued flood insurance escrow guidance,Proposed Rule,Flood Insurance,PA DBS,JUR-038,2023-06-20,9999-12-31,Medium,Active,22,0,State Notice 2023-0045,Q2 2023,No
EVT-00634,2023-05-15,Missouri High-Cost Loan Threshold Update,Amendment,State-MO,MO DOF,JUR-025,2023-05-31,2024-10-24,Medium,Pending,13,2,State Notice 2023-0634,Q2 2023,Yes
EVT-00046,2023-05-16,Florida OFR updated mortgage broker continuing education requirements,Interpretation,State Licensing,FL OFR,JUR-009,2023-07-08,9999-12-31,Critical,Active,9,3,State Notice 2023-0046,Q2 2023,No
EVT-00993,2023-05-17,Hawaii: Issued guidance on state-specific mortgage disclosure timing,Guidance,Disclosure,HI DFI,JUR-011,2023-06-07,2024-05-12,Medium,Pending,1,1,State Notice 2023-0993,Q2 2023,No
EVT-00727,2023-05-18,Oklahoma New Mortgage Disclosure Requirement,New Rule,State-OK,OK BD,JUR-036,2023-06-17,2024-12-23,Critical,Superseded,12,3,State Notice 2023-0727,Q2 2023,No
EVT-00830,2023-05-18,Wisconsin Predatory Lending Enforcement Action,Enforcement Action,State-WI,WI DFI,JUR-049,2023-05-30,9999-12-31,Medium,Active,15,0,State Notice 2023-0830,Q2 2023,No
EVT-01056,2023-05-18,Kentucky: Updated MLO license renewal procedures and CE requirements,Amendment,State Licensing,KY DFI,JUR-017,2023-06-26,9999-12-31,Medium,Active,4,0,State Notice 2023-1056,Q2 2023,No
EVT-01003,2023-05-19,Idaho: Issued guidance on state-specific mortgage disclosure timing,Guidance,Disclosure,ID DOF,JUR-012,2023-06-21,2024-02-16,Medium,Pending,2,2,State Notice 2023-1003,Q2 2023,No
EVT-01476,2023-05-20,AMC registration renewal period opened,Guidance,Appraisal,IN DFI,JUR-014,2023-07-01,9999-12-31,Low,Active,6,0,State Notice 2023-1476,Q2 2023,No
EVT-00047,2023-05-21,RESPA Section 8 interpretation clarified for AfBA arrangements,Interpretation,RESPA,CFPB,JUR-052,2023-06-14,9999-12-31,Critical,Active,19,1,FR Doc. 2023-67859,Q2 2023,No
EVT-00440,2023-05-22,Arizona Annual MLO License Renewal Announcement,Guidance,State-AZ,AZ DFI,JUR-003,2023-07-29,9999-12-31,Critical,Active,5,3,State Notice 2023-0440,Q2 2023,No
EVT-00048,2023-05-23,OCC model risk management supervisory expectations updated,Final Rule,Safety & Soundness,OCC,JUR-053,2023-05-24,9999-12-31,Medium,Active,11,1,State Notice 2023-0048,Q2 2023,No
EVT-00649,2023-05-23,Nebraska Mortgage Lending Law Amendment,Amendment,State-NE,NE DBF,JUR-027,2023-06-10,2024-01-07,Low,Superseded,3,1,State Notice 2023-0649,Q2 2023,No
EVT-00489,2023-05-24,Delaware Escrow Account Audit Requirements,Guidance,State-DE,DE OSB,JUR-008,2023-08-17,2024-12-30,Medium,Pending,22,0,State Notice 2023-0489,Q2 2023,Yes
EVT-00901,2023-05-24,Arizona: Updated MLO license renewal procedures and CE requirements,Amendment,State Licensing,AZ DFI,JUR-003,2023-06-07,9999-12-31,Medium,Active,5,0,State Notice 2023-0901,Q2 2023,No
EVT-01477,2023-05-25,Flood insurance escrow compliance review initiated,Guidance,Flood Insurance,TX DBO,JUR-043,2023-06-13,2025-03-22,Low,Pending,6,0,State Notice 2023-1477,Q2 2023,No
EVT-00049,2023-05-26,FHA MIP annual premium restructure for first-time homebuyers,Proposed Rule,FHA,HUD,JUR-054,2023-06-25,9999-12-31,Low,Active,16,5,State Notice 2023-0049,Q2 2023,No
EVT-00557,2023-05-26,Kansas Annual MLO License Renewal Announcement,Guidance,State-KS,KS OSBC,JUR-016,2023-08-21,9999-12-31,High,Active,21,1,State Notice 2023-0557,Q2 2023,No
EVT-01282,2023-05-26,Pennsylvania: Issued guidance on state-specific mortgage disclosure timing,Guidance,Disclosure,PA DBS,JUR-038,2023-08-12,9999-12-31,Medium,Active,2,2,State Notice 2023-1282,Q2 2023,No
EVT-00423,2023-05-27,Alabama Mortgage Lending Law Amendment,Amendment,State-AL,AL SBD,JUR-001,2023-08-12,9999-12-31,Low,Active,18,1,State Notice 2023-0423,Q2 2023,No
EVT-00050,2023-05-28,RESPA Section 8 interpretation clarified for AfBA arrangements,Proposed Rule,RESPA,CFPB,JUR-052,2023-08-01,9999-12-31,Low,Active,19,5,FR Doc. 2023-85041,Q2 2023,No
EVT-00660,2023-05-28,Nevada Escrow Account Audit Requirements,Guidance,State-NV,NV DML,JUR-028,2023-07-17,2024-02-25,Critical,Superseded,14,0,State Notice 2023-0660,Q2 2023,No
EVT-00464,2023-05-29,California Predatory Lending Enforcement Action,Enforcement Action,State-CA,CA DFPI,JUR-005,2023-05-30,2024-03-07,Medium,Pending,3,1,State Notice 2023-0464,Q2 2023,No
EVT-00969,2023-05-29,Florida: Amended surety bond requirements for mortgage brokers,Amendment,State Licensing,FL OFR,JUR-009,2023-06-23,9999-12-31,Medium,Active,3,0,State Notice 2023-0969,Q2 2023,No
EVT-00753,2023-05-30,South Carolina Mortgage Lending Law Amendment,Amendment,State-SC,SC BFI,JUR-040,2023-08-26,9999-12-31,High,Active,15,3,State Notice 2023-0753,Q2 2023,Yes
EVT-01273,2023-05-31,Oregon: Updated MLO license renewal procedures and CE requirements,Amendment,State Licensing,OR DFR,JUR-037,2023-07-07,9999-12-31,Medium,Active,4,2,State Notice 2023-1273,Q2 2023,No
EVT-00981,2023-06-01,Georgia: Published examination procedures for state mortgage companies,Guidance,Safety & Soundness,GA DBF,JUR-010,2023-08-28,9999-12-31,Low,Active,3,1,State Notice 2023-0981,Q2 2023,No
EVT-00051,2023-06-02,California DFPI issued guidance on AI-assisted underwriting,No-Action Letter,State Licensing,CA DFPI,JUR-005,2023-08-17,9999-12-31,High,Active,6,5,State Notice 2023-0051,Q2 2023,Yes
EVT-01478,2023-06-03,Regulatory compliance monitoring report submitted to agency,Reporting,State Licensing,NJ DBI,JUR-030,2023-07-12,9999-12-31,Low,Active,10,0,State Notice 2023-1478,Q2 2023,No
EVT-00052,2023-06-04,HMDA 2024 data collection thresholds revised — open-end credit lines,New Rule,HMDA,CFPB,JUR-052,2023-08-24,9999-12-31,High,Active,3,1,FR Doc. 2023-77994,Q2 2023,No
EVT-01292,2023-06-05,Rhode Island: Updated MLO license renewal procedures and CE requirements,Amendment,State Licensing,RI DBR,JUR-039,2023-06-07,9999-12-31,Medium,Active,2,1,State Notice 2023-1292,Q2 2023,Yes
EVT-00053,2023-06-06,Georgia DBF updated mortgage lender examination procedures,Proposed Rule,Safety & Soundness,GA DBF,JUR-010,2023-06-25,9999-12-31,Critical,Active,5,3,State Notice 2023-0053,Q2 2023,No
EVT-00852,2023-06-06,FDIC published RFI on AI in financial services,Proposed Rule,Model Risk,FDIC,JUR-055,2023-06-20,9999-12-31,Medium,Active,24,0,FR Doc. 2023-70885,Q2 2023,No
EVT-00942,2023-06-06,Connecticut: Updated MLO license renewal procedures and CE requirements,Amendment,State Licensing,CT DOB,JUR-007,2023-07-18,2024-02-16,Medium,Pending,5,1,State Notice 2023-0942,Q2 2023,No
EVT-01129,2023-06-06,Mississippi: Updated MLO license renewal procedures and CE requirements,Amendment,State Licensing,MS DBCF,JUR-024,2023-08-25,2024-09-20,Medium,Pending,2,1,State Notice 2023-1129,Q2 2023,No
EVT-01479,2023-06-07,Consumer complaint resolution procedures updated,Amendment,Consumer Protection,NC OCB,JUR-033,2023-06-15,9999-12-31,Medium,Active,6,0,State Notice 2023-1479,Q2 2023,Yes
EVT-00506,2023-06-08,Georgia Foreclosure Procedure Update,Amendment,State-GA,GA DBF,JUR-010,2023-07-14,9999-12-31,High,Active,11,2,State Notice 2023-0506,Q2 2023,No
EVT-00054,2023-06-09,Illinois predatory lending counseling database reporting activated,Enforcement Action,Predatory Lending,IL DFI,JUR-013,2023-08-10,9999-12-31,Medium,Active,12,3,State Notice 2023-0054,Q2 2023,No
EVT-00814,2023-06-09,Washington Predatory Lending Enforcement Action,Enforcement Action,State-WA,WA DFI,JUR-047,2023-08-20,9999-12-31,High,Active,18,1,State Notice 2023-0814,Q2 2023,No
EVT-01480,2023-06-10,Flood insurance escrow compliance review initiated,Guidance,Flood Insurance,MS DBCF,JUR-024,2023-06-28,9999-12-31,Low,Active,3,1,State Notice 2023-1480,Q2 2023,No
EVT-01481,2023-06-11,Annual examination schedule published,Guidance,Safety & Soundness,VA BFI,JUR-046,2023-06-30,9999-12-31,Low,Active,10,0,State Notice 2023-1481,Q2 2023,No
EVT-00702,2023-06-12,North Carolina Predatory Lending Enforcement Action,Enforcement Action,State-NC,NC OCB,JUR-033,2023-06-14,9999-12-31,Medium,Active,5,3,State Notice 2023-0702,Q2 2023,No
EVT-01208,2023-06-12,New Mexico: Issued guidance on state-specific mortgage disclosure timing,Guidance,Disclosure,NM FID,JUR-031,2023-08-08,9999-12-31,Medium,Active,1,1,State Notice 2023-1208,Q2 2023,No
EVT-01402,2023-06-12,Wisconsin: Updated MLO license renewal procedures and CE requirements,Amendment,State Licensing,WI DFI,JUR-049,2023-09-08,9999-12-31,Medium,Active,3,1,State Notice 2023-1402,Q2 2023,No
EVT-00055,2023-06-13,FHA MIP annual premium restructure for first-time homebuyers,Amendment,FHA,HUD,JUR-054,2023-08-30,2024-08-03,High,Superseded,22,0,State Notice 2023-0055,Q2 2023,Yes
EVT-00893,2023-06-13,Alaska: Issued guidance on state-specific mortgage disclosure timing,Guidance,Disclosure,AK DBS,JUR-002,2023-08-29,9999-12-31,Medium,Active,5,2,State Notice 2023-0893,Q2 2023,No
EVT-01482,2023-06-14,Final rule effective date confirmed,Final Rule,Disclosure,FRB,JUR-056,2023-06-20,2024-05-02,High,Pending,2,0,FR Doc. 2023-44664,Q2 2023,Yes
EVT-01483,2023-06-15,No-action letter request received and under review,No-Action Letter,UDAAP,LA OFI,JUR-018,2023-07-23,9999-12-31,Low,Active,4,1,State Notice 2023-1483,Q2 2023,No
EVT-00056,2023-06-16,FRB Regulation B amended to add sexual orientation to protected classes,Final Rule,Fair Lending,FRB,JUR-052,2023-07-22,9999-12-31,Medium,Active,20,5,FR Doc. 2023-98869,Q2 2023,Yes
EVT-00461,2023-06-17,California Foreclosure Procedure Update,Amendment,State-CA,CA DFPI,JUR-005,2023-08-09,2025-07-24,Low,Pending,11,2,State Notice 2023-0461,Q2 2023,No
EVT-00699,2023-06-17,North Carolina Foreclosure Procedure Update,Amendment,State-NC,NC OCB,JUR-033,2023-08-03,9999-12-31,High,Active,11,0,State Notice 2023-0699,Q2 2023,No
EVT-00057,2023-06-18,TILA APR calculation methodology updated for SOFR-indexed ARMs,Amendment,TILA,CFPB,JUR-052,2023-07-09,9999-12-31,Medium,Active,1,0,FR Doc. 2023-10603,Q2 2023,No
EVT-00720,2023-06-19,Oklahoma Annual MLO License Renewal Announcement,Guidance,State-OK,OK BD,JUR-036,2023-08-12,9999-12-31,High,Active,20,1,State Notice 2023-0720,Q2 2023,Yes
EVT-01484,2023-06-20,State usury rate quarterly adjustment published,Amendment,Rate Limits,KY DFI,JUR-017,2023-07-21,2024-09-30,High,Pending,1,0,State Notice 2023-1484,Q2 2023,Yes
EVT-00696,2023-06-21,North Carolina Annual MLO License Renewal Announcement,Guidance,State-NC,NC OCB,JUR-033,2023-07-11,9999-12-31,Medium,Active,17,1,State Notice 2023-0696,Q2 2023,No
EVT-01362,2023-06-21,Vermont: Updated MLO license renewal procedures and CE requirements,Amendment,State Licensing,VT DFR,JUR-045,2023-08-08,9999-12-31,Medium,Active,5,2,State Notice 2023-1362,Q2 2023,No
EVT-01485,2023-06-22,Proposed rule comment period opened,Proposed Rule,State Licensing,LA OFI,JUR-018,2023-06-22,9999-12-31,Medium,Active,6,0,State Notice 2023-1485,Q2 2023,No
EVT-00058,2023-06-23,Pennsylvania DBS issued flood insurance escrow guidance,Enforcement Action,Flood Insurance,PA DBS,JUR-038,2023-07-23,9999-12-31,Medium,Active,20,1,State Notice 2023-0058,Q2 2023,Yes
EVT-01486,2023-06-24,AMC registration renewal period opened,Guidance,Appraisal,HI DFI,JUR-011,2023-08-10,9999-12-31,Low,Active,8,1,State Notice 2023-1486,Q2 2023,No
EVT-00535,2023-06-25,Illinois Fair Lending Examination Guidance,Guidance,State-IL,IL DFI,JUR-013,2023-07-25,9999-12-31,Low,Active,16,1,State Notice 2023-0535,Q2 2023,No
EVT-00059,2023-06-26,VA funding fee schedule updated per 38 U.S.C. § 3729,Guidance,VA,VA,JUR-058,2023-09-19,9999-12-31,Medium,Active,1,0,State Notice 2023-0059,Q2 2023,No
EVT-00060,2023-06-27,ECOA small business data collection rule effective date confirmed,Proposed Rule,ECOA,FRB,JUR-052,2023-07-14,2025-05-01,Medium,Superseded,5,2,FR Doc. 2023-22852,Q2 2023,No
EVT-01487,2023-06-28,Community Reinvestment Act assessment area update,Amendment,CRA,CA DFPI,JUR-005,2023-08-24,2024-07-21,Medium,Pending,9,0,State Notice 2023-1487,Q2 2023,No
EVT-00735,2023-06-29,Oregon New Mortgage Disclosure Requirement,New Rule,State-OR,OR DFR,JUR-037,2023-09-24,9999-12-31,Critical,Active,22,2,State Notice 2023-0735,Q2 2023,No
EVT-01103,2023-06-29,Massachusetts: Amended surety bond requirements for mortgage brokers,Amendment,State Licensing,MA DOB,JUR-021,2023-08-01,2024-09-14,Medium,Pending,2,2,State Notice 2023-1103,Q2 2023,No
EVT-01110,2023-06-29,Michigan: Updated MLO license renewal procedures and CE requirements,Amendment,State Licensing,MI DIFS,JUR-022,2023-09-03,2024-09-05,Medium,Pending,2,2,State Notice 2023-1110,Q2 2023,No
EVT-01174,2023-06-29,Nevada: Updated MLO license renewal procedures and CE requirements,Amendment,State Licensing,NV DML,JUR-028,2023-09-13,9999-12-31,Medium,Active,1,0,State Notice 2023-1174,Q2 2023,No
EVT-00061,2023-06-30,California DFPI issued guidance on AI-assisted underwriting,Proposed Rule,State Licensing,CA DFPI,JUR-005,2023-07-01,9999-12-31,High,Active,6,1,State Notice 2023-0061,Q2 2023,Yes
EVT-01130,2023-06-30,Mississippi: Issued guidance on state-specific mortgage disclosure timing,Guidance,Disclosure,MS DBCF,JUR-024,2023-07-25,9999-12-31,Medium,Active,3,2,State Notice 2023-1130,Q2 2023,No
EVT-01175,2023-06-30,Nevada: Issued guidance on state-specific mortgage disclosure timing,Guidance,Disclosure,NV DML,JUR-028,2023-09-01,2025-08-02,Medium,Pending,5,1,State Notice 2023-1175,Q2 2023,No
EVT-01488,2023-07-01,Annual privacy notice distribution deadline reminder,Guidance,Privacy,PA DBS,JUR-038,2023-08-05,9999-12-31,Low,Active,3,1,State Notice 2023-1488,Q3 2023,No
EVT-01489,2023-07-02,Escrow account auditing standards reminder issued,Guidance,Escrow,AZ DFI,JUR-003,2023-07-21,9999-12-31,Low,Active,6,0,State Notice 2023-1489,Q3 2023,No
EVT-01490,2023-07-03,Annual privacy notice distribution deadline reminder,Guidance,Privacy,KS OSBC,JUR-016,2023-07-09,2025-01-01,Low,Pending,9,1,State Notice 2023-1490,Q3 2023,No
EVT-01491,2023-07-04,Annual examination schedule published,Guidance,Safety & Soundness,FDIC,JUR-055,2023-08-24,9999-12-31,Low,Active,7,0,FR Doc. 2023-33206,Q3 2023,No
EVT-00062,2023-07-05,Fannie Mae desktop appraisal eligibility expanded nationwide,Proposed Rule,GSE,Fannie Mae,JUR-057,2023-09-04,9999-12-31,High,Active,21,1,State Notice 2023-0062,Q3 2023,Yes
EVT-00063,2023-07-06,North Carolina OCOB issued guidance on non-QM loan disclosures,Interpretation,State Licensing,NC OFR,JUR-033,2023-09-10,2024-08-16,Critical,Pending,15,5,State Notice 2023-0063,Q3 2023,No
EVT-00430,2023-07-06,Alabama MLO Continuing Education Update,Guidance,State-AL,AL SBD,JUR-001,2023-07-12,9999-12-31,Critical,Active,5,1,State Notice 2023-0430,Q3 2023,No
EVT-00566,2023-07-06,Kentucky Annual MLO License Renewal Announcement,Guidance,State-KY,KY DFI,JUR-017,2023-09-04,9999-12-31,Medium,Active,11,2,State Notice 2023-0566,Q3 2023,Yes
EVT-01420,2023-07-07,DC: Updated MLO license renewal procedures and CE requirements,Amendment,State Licensing,DC DISB,JUR-051,2023-09-28,9999-12-31,Medium,Active,5,0,State Notice 2023-1420,Q3 2023,No
EVT-01492,2023-07-08,Escrow account auditing standards reminder issued,Guidance,Escrow,WV DOB,JUR-048,2023-09-05,9999-12-31,Low,Active,6,1,State Notice 2023-1492,Q3 2023,No
EVT-00842,2023-07-09,District of Columbia High-Cost Loan Threshold Update,Amendment,State-DC,DC DISB,JUR-051,2023-09-15,9999-12-31,Low,Active,2,2,State Notice 2023-0842,Q3 2023,No
EVT-00064,2023-07-10,Georgia DBF updated mortgage lender examination procedures,Final Rule,Safety & Soundness,GA DBF,JUR-010,2023-08-31,2025-06-09,High,Superseded,19,0,State Notice 2023-0064,Q3 2023,No
EVT-00537,2023-07-10,Illinois New Mortgage Disclosure Requirement,New Rule,State-IL,IL DFI,JUR-013,2023-08-16,9999-12-31,High,Active,23,1,State Notice 2023-0537,Q3 2023,Yes
EVT-01014,2023-07-10,Illinois: Issued guidance on state-specific mortgage disclosure timing,Guidance,Disclosure,IL DFI,JUR-013,2023-09-02,9999-12-31,Medium,Active,1,1,State Notice 2023-1014,Q3 2023,No
EVT-00496,2023-07-11,Florida High-Cost Loan Threshold Update,Amendment,State-FL,FL OFR,JUR-009,2023-08-10,9999-12-31,Low,Active,8,1,State Notice 2023-0496,Q3 2023,No
EVT-00065,2023-07-12,Georgia DBF updated mortgage lender examination procedures,Proposed Rule,Safety & Soundness,GA DBF,JUR-010,2023-08-15,2025-05-14,High,Superseded,13,4,State Notice 2023-0065,Q3 2023,No
EVT-00681,2023-07-13,New Mexico Mortgage Lending Law Amendment,Amendment,State-NM,NM FID,JUR-031,2023-09-22,9999-12-31,Low,Active,10,2,State Notice 2023-0681,Q3 2023,No
EVT-00881,2023-07-14,Alabama: Amended surety bond requirements for mortgage brokers,Amendment,State Licensing,AL SBD,JUR-001,2023-07-18,9999-12-31,Medium,Active,3,1,State Notice 2023-0881,Q3 2023,No
EVT-00066,2023-07-15,CFPB published circular on digital mortgage advertising disclosures,Proposed Rule,UDAAP,CFPB,JUR-052,2023-07-24,9999-12-31,High,Active,11,3,FR Doc. 2023-81623,Q3 2023,Yes
EVT-01493,2023-07-16,Flood insurance escrow compliance review initiated,Guidance,Flood Insurance,LA OFI,JUR-018,2023-07-26,9999-12-31,Low,Active,2,1,State Notice 2023-1493,Q3 2023,No
EVT-00640,2023-07-17,Montana Annual MLO License Renewal Announcement,Guidance,State-MT,MT DBFI,JUR-026,2023-09-02,9999-12-31,Critical,Active,18,0,State Notice 2023-0640,Q3 2023,No
EVT-00758,2023-07-18,South Carolina Predatory Lending Enforcement Action,Enforcement Action,State-SC,SC BFI,JUR-040,2023-07-24,9999-12-31,Medium,Active,20,3,State Notice 2023-0758,Q3 2023,No
EVT-00067,2023-07-19,Ohio DFI updated QM points and fees exemption thresholds,Interpretation,QM,OH DFI,JUR-035,2023-08-13,2025-04-14,Medium,Superseded,3,0,State Notice 2023-0067,Q3 2023,No
EVT-01004,2023-07-19,Idaho: Published examination procedures for state mortgage companies,Guidance,Safety & Soundness,ID DOF,JUR-012,2023-08-15,9999-12-31,Low,Active,5,0,State Notice 2023-1004,Q3 2023,No
EVT-01494,2023-07-20,MLO license examination cycle initiated,Guidance,State Licensing,FDIC,JUR-055,2023-09-10,9999-12-31,Low,Active,6,1,FR Doc. 2023-70332,Q3 2023,No
EVT-01495,2023-07-21,Predatory lending database quarterly update,Reporting,Predatory Lending,TX DBO,JUR-043,2023-08-15,9999-12-31,Medium,Active,6,1,State Notice 2023-1495,Q3 2023,No
EVT-01496,2023-07-22,MLO license examination cycle initiated,Guidance,State Licensing,WY DOB,JUR-050,2023-08-08,9999-12-31,Low,Active,6,1,State Notice 2023-1496,Q3 2023,No
EVT-00068,2023-07-23,USDA Rural Development updated guaranteed loan income limits,Amendment,Government Lending,USDA,JUR-059,2023-10-01,2024-11-24,Medium,Pending,6,5,State Notice 2023-0068,Q3 2023,No
EVT-00069,2023-07-24,Pennsylvania DBS issued flood insurance escrow guidance,Enforcement Action,Flood Insurance,PA DBS,JUR-038,2023-08-29,9999-12-31,Medium,Active,16,4,State Notice 2023-0069,Q3 2023,Yes
EVT-00586,2023-07-24,Maine High-Cost Loan Threshold Update,Amendment,State-ME,ME BFI,JUR-019,2023-09-29,9999-12-31,Medium,Active,24,1,State Notice 2023-0586,Q3 2023,No
EVT-01216,2023-07-24,New York: Issued guidance on state-specific mortgage disclosure timing,Guidance,Disclosure,NY DFS,JUR-032,2023-08-10,9999-12-31,Medium,Active,4,1,State Notice 2023-1216,Q3 2023,No
EVT-01260,2023-07-24,Oklahoma: Issued guidance on state-specific mortgage disclosure timing,Guidance,Disclosure,OK Banking,JUR-036,2023-09-05,9999-12-31,Medium,Active,2,2,State Notice 2023-1260,Q3 2023,No
EVT-00543,2023-07-25,Indiana Escrow Account Audit Requirements,Guidance,State-IN,IN DFI,JUR-014,2023-08-18,9999-12-31,Medium,Active,12,1,State Notice 2023-0543,Q3 2023,Yes
EVT-01313,2023-07-25,South Dakota: Updated MLO license renewal procedures and CE requirements,Amendment,State Licensing,SD DOB,JUR-041,2023-09-03,9999-12-31,Medium,Active,4,1,State Notice 2023-1313,Q3 2023,No
EVT-01497,2023-07-26,Final rule effective date confirmed,Final Rule,Disclosure,FHFA,JUR-057,2023-08-02,9999-12-31,High,Active,3,1,FR Doc. 2023-44237,Q3 2023,Yes
EVT-00070,2023-07-27,TILA APR calculation methodology updated for SOFR-indexed ARMs,Proposed Rule,TILA,CFPB,JUR-052,2023-10-22,9999-12-31,Critical,Active,2,1,FR Doc. 2023-50239,Q3 2023,No
EVT-01046,2023-07-28,Kansas: Issued guidance on state-specific mortgage disclosure timing,Guidance,Disclosure,KS OSBC,JUR-016,2023-08-09,9999-12-31,Medium,Active,1,1,State Notice 2023-1046,Q3 2023,No
EVT-01498,2023-07-29,Regulatory compliance monitoring report submitted to agency,Reporting,State Licensing,CT DOB,JUR-007,2023-09-05,9999-12-31,Low,Active,7,1,State Notice 2023-1498,Q3 2023,No
EVT-00546,2023-07-30,Indiana New Mortgage Disclosure Requirement,New Rule,State-IN,IN DFI,JUR-014,2023-07-31,9999-12-31,Medium,Active,16,3,State Notice 2023-0546,Q3 2023,No
EVT-00071,2023-07-31,California DFPI issued guidance on AI-assisted underwriting,New Rule,State Licensing,CA DFPI,JUR-005,2023-10-22,9999-12-31,Medium,Active,19,4,State Notice 2023-0071,Q3 2023,No
EVT-00677,2023-07-31,New Jersey Fair Lending Examination Guidance,Guidance,State-NJ,NJ DBI,JUR-030,2023-09-12,9999-12-31,Low,Active,17,1,State Notice 2023-0677,Q3 2023,No
EVT-00882,2023-07-31,Alabama: Updated state anti-predatory lending statute thresholds,Amendment,Predatory Lending,AL SBD,JUR-001,2023-09-21,9999-12-31,High,Active,5,2,State Notice 2023-0882,Q3 2023,Yes
EVT-00468,2023-08-01,Colorado Mortgage Lending Law Amendment,Amendment,State-CO,CO DRE,JUR-006,2023-08-18,9999-12-31,Medium,Active,4,1,State Notice 2023-0468,Q3 2023,No
EVT-00711,2023-08-01,North Dakota New Mortgage Disclosure Requirement,New Rule,State-ND,ND DFI,JUR-034,2023-10-14,9999-12-31,Low,Active,5,0,State Notice 2023-0711,Q3 2023,No
EVT-01261,2023-08-01,Oklahoma: Published examination procedures for state mortgage companies,Guidance,Safety & Soundness,OK Banking,JUR-036,2023-10-07,9999-12-31,Low,Active,2,1,State Notice 2023-1261,Q3 2023,No
EVT-01383,2023-08-01,Washington: Issued guidance on state-specific mortgage disclosure timing,Guidance,Disclosure,WA DFI,JUR-047,2023-10-25,9999-12-31,Medium,Active,3,2,State Notice 2023-1383,Q3 2023,No
EVT-01499,2023-08-02,No-action letter request received and under review,No-Action Letter,UDAAP,VA,JUR-058,2023-09-03,2024-06-27,Low,Pending,10,0,FR Doc. 2023-60488,Q3 2023,No
EVT-00567,2023-08-03,Kentucky Mortgage Lending Law Amendment,Amendment,State-KY,KY DFI,JUR-017,2023-08-23,9999-12-31,Medium,Active,23,3,State Notice 2023-0567,Q3 2023,No
EVT-00072,2023-08-04,FRB Regulation B amended to add sexual orientation to protected classes,No-Action Letter,Fair Lending,FRB,JUR-052,2023-09-27,9999-12-31,High,Active,9,4,FR Doc. 2023-59043,Q3 2023,Yes
EVT-01500,2023-08-05,AMC registration renewal period opened,Guidance,Appraisal,AZ DFI,JUR-003,2023-09-19,9999-12-31,Low,Active,7,0,State Notice 2023-1500,Q3 2023,No
EVT-01501,2023-08-06,Annual examination schedule published,Guidance,Safety & Soundness,OH DFI,JUR-035,2023-09-18,9999-12-31,Low,Active,4,1,State Notice 2023-1501,Q3 2023,No
EVT-00073,2023-08-07,Freddie Mac LTV limits tightened for investment property purchases,Amendment,GSE,Freddie Mac,JUR-057,2023-10-19,9999-12-31,Medium,Active,25,0,State Notice 2023-0073,Q3 2023,No
EVT-00500,2023-08-07,Florida Predatory Lending Enforcement Action,Enforcement Action,State-FL,FL OFR,JUR-009,2023-09-30,9999-12-31,High,Active,23,3,State Notice 2023-0500,Q3 2023,No
EVT-01373,2023-08-07,Virginia: Updated MLO license renewal procedures and CE requirements,Amendment,State Licensing,VA BFI,JUR-046,2023-09-20,9999-12-31,Medium,Active,1,1,State Notice 2023-1373,Q3 2023,No
EVT-01324,2023-08-08,Tennessee: Published examination procedures for state mortgage companies,Guidance,Safety & Soundness,TN DFI,JUR-042,2023-10-30,2025-09-01,Low,Pending,2,2,State Notice 2023-1324,Q3 2023,No
EVT-00074,2023-08-09,HMDA 2024 data collection thresholds revised — open-end credit lines,Interpretation,HMDA,CFPB,JUR-052,2023-09-14,9999-12-31,Medium,Active,25,1,FR Doc. 2023-13093,Q3 2023,No
EVT-00764,2023-08-09,South Dakota Escrow Account Audit Requirements,Guidance,State-SD,SD DOB,JUR-041,2023-10-03,9999-12-31,High,Active,24,2,State Notice 2023-0764,Q3 2023,No
EVT-01348,2023-08-10,Utah: Updated MLO license renewal procedures and CE requirements,Amendment,State Licensing,UT DRE,JUR-044,2023-10-18,9999-12-31,Medium,Active,2,1,State Notice 2023-1348,Q3 2023,No
EVT-00075,2023-08-11,TILA APR calculation methodology updated for SOFR-indexed ARMs,New Rule,TILA,CFPB,JUR-052,2023-09-28,2024-05-15,Low,Superseded,16,0,FR Doc. 2023-76943,Q3 2023,No
EVT-01412,2023-08-11,Wyoming: Issued guidance on state-specific mortgage disclosure timing,Guidance,Disclosure,WY DOB,JUR-050,2023-11-08,9999-12-31,Medium,Active,4,2,State Notice 2023-1412,Q3 2023,No
EVT-01502,2023-08-12,NMLS call report quarterly submission reminder,Guidance,Reporting,CA DFPI,JUR-005,2023-10-11,9999-12-31,Low,Active,6,1,State Notice 2023-1502,Q3 2023,No
EVT-01503,2023-08-13,MLO license examination cycle initiated,Guidance,State Licensing,WA DFI,JUR-047,2023-10-09,9999-12-31,Low,Active,5,1,State Notice 2023-1503,Q3 2023,No
EVT-01504,2023-08-14,Final rule effective date confirmed,Final Rule,Disclosure,MT DBFI,JUR-026,2023-09-01,2024-07-07,High,Pending,4,1,State Notice 2023-1504,Q3 2023,No
EVT-00076,2023-08-15,Ohio DFI updated QM points and fees exemption thresholds,New Rule,QM,OH DFI,JUR-035,2023-09-08,9999-12-31,High,Active,23,2,State Notice 2023-0076,Q3 2023,No
EVT-00703,2023-08-16,North Carolina New Mortgage Disclosure Requirement,New Rule,State-NC,NC OCB,JUR-033,2023-09-21,9999-12-31,High,Active,4,0,State Notice 2023-0703,Q3 2023,Yes
EVT-00943,2023-08-16,Connecticut: Issued guidance on state-specific mortgage disclosure timing,Guidance,Disclosure,CT DOB,JUR-007,2023-09-07,9999-12-31,Medium,Active,3,1,State Notice 2023-0943,Q3 2023,No
EVT-01314,2023-08-16,South Dakota: Issued guidance on state-specific mortgage disclosure timing,Guidance,Disclosure,SD DOB,JUR-041,2023-08-20,9999-12-31,Medium,Active,3,1,State Notice 2023-1314,Q3 2023,No
EVT-00077,2023-08-17,ECOA small business data collection rule effective date confirmed,No-Action Letter,ECOA,FRB,JUR-052,2023-11-06,2025-10-03,Medium,Superseded,9,3,FR Doc. 2023-71441,Q3 2023,No
EVT-00438,2023-08-18,Alaska New Mortgage Disclosure Requirement,New Rule,State-AK,AK DBS,JUR-002,2023-10-03,9999-12-31,Critical,Active,8,0,State Notice 2023-0438,Q3 2023,No
EVT-00474,2023-08-18,Colorado New Mortgage Disclosure Requirement,New Rule,State-CO,CO DRE,JUR-006,2023-08-27,9999-12-31,Low,Active,18,0,State Notice 2023-0474,Q3 2023,No
EVT-01131,2023-08-18,Mississippi: Published examination procedures for state mortgage companies,Guidance,Safety & Soundness,MS DBCF,JUR-024,2023-09-21,9999-12-31,Low,Active,3,0,State Notice 2023-1131,Q3 2023,No
EVT-01505,2023-08-19,NMLS call report quarterly submission reminder,Guidance,Reporting,UT DRE,JUR-044,2023-10-05,9999-12-31,Low,Active,3,1,State Notice 2023-1505,Q3 2023,No
EVT-01506,2023-08-20,NMLS call report quarterly submission reminder,Guidance,Reporting,OK Banking,JUR-036,2023-10-12,9999-12-31,Low,Active,1,1,State Notice 2023-1506,Q3 2023,No
EVT-00575,2023-08-21,Louisiana Annual MLO License Renewal Announcement,Guidance,State-LA,LA OFI,JUR-018,2023-10-19,2024-09-20,High,Superseded,16,2,State Notice 2023-0575,Q3 2023,No
EVT-00078,2023-08-22,FHA MIP annual premium restructure for first-time homebuyers,Interpretation,FHA,HUD,JUR-054,2023-10-15,9999-12-31,Medium,Active,4,1,State Notice 2023-0078,Q3 2023,No
EVT-00548,2023-08-22,Iowa Annual MLO License Renewal Announcement,Guidance,State-IA,IA DOB,JUR-015,2023-08-30,9999-12-31,Medium,Active,3,0,State Notice 2023-0548,Q3 2023,No
EVT-01217,2023-08-22,New York: Published examination procedures for state mortgage companies,Guidance,Safety & Soundness,NY DFS,JUR-032,2023-10-10,9999-12-31,Low,Active,5,0,State Notice 2023-1217,Q3 2023,No
EVT-01176,2023-08-23,Nevada: Published examination procedures for state mortgage companies,Guidance,Safety & Soundness,NV DML,JUR-028,2023-10-30,9999-12-31,Low,Active,4,1,State Notice 2023-1176,Q3 2023,No
EVT-00609,2023-08-24,Michigan Mortgage Lending Law Amendment,Amendment,State-MI,MI DIFS,JUR-022,2023-10-22,9999-12-31,High,Active,25,1,State Notice 2023-0609,Q3 2023,Yes
EVT-00079,2023-08-25,VA funding fee schedule updated per 38 U.S.C. § 3729,Guidance,VA,VA,JUR-058,2023-10-05,2025-02-26,High,Superseded,25,5,State Notice 2023-0079,Q3 2023,Yes
EVT-01507,2023-08-26,AMC registration renewal period opened,Guidance,Appraisal,IN DFI,JUR-014,2023-09-22,9999-12-31,Low,Active,10,1,State Notice 2023-1507,Q3 2023,No
EVT-00080,2023-08-27,Ohio DFI updated QM points and fees exemption thresholds,New Rule,QM,OH DFI,JUR-035,2023-11-05,9999-12-31,Medium,Active,23,5,State Notice 2023-0080,Q3 2023,Yes
EVT-00816,2023-08-27,West Virginia Annual MLO License Renewal Announcement,Guidance,State-WV,WV DOB,JUR-048,2023-11-22,2025-10-02,High,Superseded,3,3,State Notice 2023-0816,Q3 2023,Yes
EVT-01508,2023-08-28,High-cost mortgage threshold annual adjustment,Amendment,High-Cost Mortgage,UT DRE,JUR-044,2023-09-29,9999-12-31,High,Active,8,0,State Notice 2023-1508,Q3 2023,Yes
EVT-01403,2023-08-29,Wisconsin: Issued guidance on state-specific mortgage disclosure timing,Guidance,Disclosure,WI DFI,JUR-049,2023-10-26,9999-12-31,Medium,Active,5,1,State Notice 2023-1403,Q3 2023,No
EVT-01509,2023-08-30,Final rule effective date confirmed,Final Rule,Disclosure,NC OCB,JUR-033,2023-10-09,2025-03-15,High,Pending,2,0,State Notice 2023-1509,Q3 2023,Yes
EVT-00081,2023-08-31,HMDA 2024 data collection thresholds revised — open-end credit lines,Proposed Rule,HMDA,CFPB,JUR-052,2023-09-03,9999-12-31,High,Active,9,1,FR Doc. 2023-13336,Q3 2023,Yes
EVT-00550,2023-08-31,Iowa High-Cost Loan Threshold Update,Amendment,State-IA,IA DOB,JUR-015,2023-11-10,9999-12-31,Critical,Active,20,1,State Notice 2023-0550,Q3 2023,No
EVT-00994,2023-09-01,Hawaii: Published examination procedures for state mortgage companies,Guidance,Safety & Soundness,HI DFI,JUR-011,2023-11-17,9999-12-31,Low,Active,1,1,State Notice 2023-0994,Q3 2023,No
EVT-00082,2023-09-02,FDIC updated appraisal independence requirements under 12 CFR 323,Final Rule,Appraisal,FDIC,JUR-055,2023-11-29,9999-12-31,Medium,Active,14,0,State Notice 2023-0082,Q3 2023,No
EVT-01510,2023-09-03,AMC registration renewal period opened,Guidance,Appraisal,IA DOB,JUR-015,2023-10-24,9999-12-31,Low,Active,4,0,State Notice 2023-1510,Q3 2023,No
EVT-01511,2023-09-04,Regulatory compliance monitoring report submitted to agency,Reporting,State Licensing,NM FID,JUR-031,2023-10-28,2024-07-08,Low,Pending,8,1,State Notice 2023-1511,Q3 2023,No
EVT-00083,2023-09-05,California DFPI issued guidance on AI-assisted underwriting,Enforcement Action,State Licensing,CA DFPI,JUR-005,2023-10-09,2024-11-04,Low,Superseded,25,0,State Notice 2023-0083,Q3 2023,No
EVT-00443,2023-09-05,Arizona Foreclosure Procedure Update,Amendment,State-AZ,AZ DFI,JUR-003,2023-10-06,9999-12-31,High,Active,11,0,State Notice 2023-0443,Q3 2023,No
EVT-01512,2023-09-06,Proposed rule comment period opened,Proposed Rule,State Licensing,VA BFI,JUR-046,2023-09-30,2025-08-16,Medium,Pending,7,0,State Notice 2023-1512,Q3 2023,No
EVT-01513,2023-09-07,Escrow account auditing standards reminder issued,Guidance,Escrow,AL SBD,JUR-001,2023-10-26,9999-12-31,Low,Active,7,0,State Notice 2023-1513,Q3 2023,No
EVT-00084,2023-09-08,VA funding fee schedule updated per 38 U.S.C. § 3729,Proposed Rule,VA,VA,JUR-058,2023-12-01,9999-12-31,Low,Active,18,1,State Notice 2023-0084,Q3 2023,No
EVT-01514,2023-09-09,Escrow account auditing standards reminder issued,Guidance,Escrow,VT DFR,JUR-045,2023-10-12,9999-12-31,Low,Active,8,0,State Notice 2023-1514,Q3 2023,No
EVT-01515,2023-09-10,Annual examination schedule published,Guidance,Safety & Soundness,KS OSBC,JUR-016,2023-11-07,9999-12-31,Low,Active,2,1,State Notice 2023-1515,Q3 2023,No
EVT-00085,2023-09-11,USDA Rural Development updated guaranteed loan income limits,New Rule,Government Lending,USDA,JUR-059,2023-11-19,9999-12-31,Medium,Active,22,2,State Notice 2023-0085,Q3 2023,No
EVT-01035,2023-09-11,Iowa: Published examination procedures for state mortgage companies,Guidance,Safety & Soundness,IA DOB,JUR-015,2023-12-10,2024-07-19,Low,Pending,1,2,State Notice 2023-1035,Q3 2023,No
EVT-01199,2023-09-11,New Jersey: Published examination procedures for state mortgage companies,Guidance,Safety & Soundness,NJ DBI,JUR-030,2023-12-09,9999-12-31,Low,Active,2,1,State Notice 2023-1199,Q3 2023,No
EVT-00851,2023-09-12,CFPB finalized rule on nonbank registration for enforcement orders,Final Rule,UDAAP,CFPB,JUR-052,2023-10-02,9999-12-31,High,Active,21,0,FR Doc. 2023-15377,Q3 2023,Yes
EVT-00954,2023-09-12,Delaware: Published examination procedures for state mortgage companies,Guidance,Safety & Soundness,DE OSB,JUR-008,2023-10-13,9999-12-31,Low,Active,1,0,State Notice 2023-0954,Q3 2023,No
EVT-01374,2023-09-12,Virginia: Issued guidance on state-specific mortgage disclosure timing,Guidance,Disclosure,VA BFI,JUR-046,2023-11-26,9999-12-31,Medium,Active,4,0,State Notice 2023-1374,Q3 2023,No
EVT-01229,2023-09-13,North Carolina: Amended surety bond requirements for mortgage brokers,Amendment,State Licensing,NC OCB,JUR-033,2023-09-21,9999-12-31,Medium,Active,5,1,State Notice 2023-1229,Q3 2023,No
EVT-01250,2023-09-13,Ohio: Updated MLO license renewal procedures and CE requirements,Amendment,State Licensing,OH DFI,JUR-035,2023-10-30,9999-12-31,Medium,Active,2,1,State Notice 2023-1250,Q3 2023,Yes
EVT-00086,2023-09-14,Georgia DBF updated mortgage lender examination procedures,Amendment,Safety & Soundness,GA DBF,JUR-010,2023-11-18,9999-12-31,Medium,Active,9,5,State Notice 2023-0086,Q3 2023,No
EVT-00742,2023-09-14,Pennsylvania Predatory Lending Enforcement Action,Enforcement Action,State-PA,PA DBS,JUR-038,2023-10-24,9999-12-31,Low,Active,15,3,State Notice 2023-0742,Q3 2023,No
EVT-01516,2023-09-15,Escrow account auditing standards reminder issued,Guidance,Escrow,FHFA,JUR-057,2023-10-24,9999-12-31,Low,Active,7,1,FR Doc. 2023-76162,Q3 2023,No
EVT-00087,2023-09-16,Georgia DBF updated mortgage lender examination procedures,Amendment,Safety & Soundness,GA DBF,JUR-010,2023-11-09,9999-12-31,Medium,Active,11,5,State Notice 2023-0087,Q3 2023,Yes
EVT-01517,2023-09-17,Escrow account auditing standards reminder issued,Guidance,Escrow,WV DOB,JUR-048,2023-11-11,9999-12-31,Low,Active,8,1,State Notice 2023-1517,Q3 2023,No
EVT-01025,2023-09-18,Indiana: Updated MLO license renewal procedures and CE requirements,Amendment,State Licensing,IN DFI,JUR-014,2023-11-17,2025-07-19,Medium,Pending,1,2,State Notice 2023-1025,Q3 2023,Yes
EVT-01518,2023-09-19,Flood insurance escrow compliance review initiated,Guidance,Flood Insurance,FRB,JUR-056,2023-10-20,2024-12-17,Low,Pending,8,0,FR Doc. 2023-45992,Q3 2023,No
EVT-00088,2023-09-20,OCC model risk management supervisory expectations updated,New Rule,Safety & Soundness,OCC,JUR-053,2023-11-03,9999-12-31,Low,Active,24,0,State Notice 2023-0088,Q3 2023,No
EVT-01262,2023-09-20,Oklahoma: Amended surety bond requirements for mortgage brokers,Amendment,State Licensing,OK Banking,JUR-036,2023-10-18,9999-12-31,Medium,Active,5,1,State Notice 2023-1262,Q3 2023,No
EVT-01132,2023-09-21,Mississippi: Amended surety bond requirements for mortgage brokers,Amendment,State Licensing,MS DBCF,JUR-024,2023-10-02,9999-12-31,Medium,Active,3,1,State Notice 2023-1132,Q3 2023,No
EVT-01315,2023-09-21,South Dakota: Published examination procedures for state mortgage companies,Guidance,Safety & Soundness,SD DOB,JUR-041,2023-11-03,9999-12-31,Low,Active,5,0,State Notice 2023-1315,Q3 2023,No
EVT-00089,2023-09-22,Fannie Mae desktop appraisal eligibility expanded nationwide,New Rule,GSE,Fannie Mae,JUR-057,2023-11-18,9999-12-31,Medium,Active,19,2,State Notice 2023-0089,Q3 2023,No
EVT-01519,2023-09-23,AMC registration renewal period opened,Guidance,Appraisal,KS OSBC,JUR-016,2023-10-10,9999-12-31,Low,Active,6,1,State Notice 2023-1519,Q3 2023,No
EVT-01520,2023-09-24,Annual examination schedule published,Guidance,Safety & Soundness,CO DRE,JUR-006,2023-10-02,9999-12-31,Low,Active,3,0,State Notice 2023-1520,Q3 2023,No
EVT-01089,2023-09-25,Maryland: Updated MLO license renewal procedures and CE requirements,Amendment,State Licensing,MD OFR,JUR-020,2023-11-04,2025-06-02,Medium,Pending,5,2,State Notice 2023-1089,Q3 2023,No
EVT-00090,2023-09-26,OCC model risk management supervisory expectations updated,Amendment,Safety & Soundness,OCC,JUR-053,2023-12-09,2025-07-27,High,Superseded,23,0,State Notice 2023-0090,Q3 2023,Yes
EVT-00606,2023-09-27,Massachusetts Predatory Lending Enforcement Action,Enforcement Action,State-MA,MA DOB,JUR-021,2023-10-08,9999-12-31,Medium,Active,24,3,State Notice 2023-0606,Q3 2023,No
EVT-00944,2023-09-27,Connecticut: Published examination procedures for state mortgage companies,Guidance,Safety & Soundness,CT DOB,JUR-007,2023-11-15,9999-12-31,Low,Active,5,0,State Notice 2023-0944,Q3 2023,No
EVT-01521,2023-09-28,Servicing examination checklist updated,Amendment,Servicing,VA BFI,JUR-046,2023-10-02,9999-12-31,Medium,Active,7,1,State Notice 2023-1521,Q3 2023,No
EVT-00091,2023-09-29,HMDA 2024 data collection thresholds revised — open-end credit lines,Proposed Rule,HMDA,CFPB,JUR-052,2023-12-14,9999-12-31,Critical,Active,1,4,FR Doc. 2023-77777,Q3 2023,No
EVT-01522,2023-09-30,Annual privacy notice distribution deadline reminder,Guidance,Privacy,OH DFI,JUR-035,2023-10-29,9999-12-31,Low,Active,7,0,State Notice 2023-1522,Q3 2023,No
EVT-01523,2023-10-01,Flood insurance escrow compliance review initiated,Guidance,Flood Insurance,NE DBF,JUR-027,2023-10-25,9999-12-31,Low,Active,10,0,State Notice 2023-1523,Q4 2023,No
EVT-01524,2023-10-02,Interpretation letter issued on state disclosure requirements,Interpretation,Disclosure,NM FID,JUR-031,2023-12-01,9999-12-31,Medium,Active,6,1,State Notice 2023-1524,Q4 2023,No
EVT-00092,2023-10-03,Freddie Mac LTV limits tightened for investment property purchases,Amendment,GSE,Freddie Mac,JUR-057,2023-11-23,2024-06-22,Medium,Pending,22,0,State Notice 2023-0092,Q4 2023,No
EVT-01525,2023-10-04,Interpretation letter issued on state disclosure requirements,Interpretation,Disclosure,NE DBF,JUR-027,2023-11-20,2024-12-29,Medium,Pending,8,0,State Notice 2023-1525,Q4 2023,No
EVT-00516,2023-10-05,Hawaii Escrow Account Audit Requirements,Guidance,State-HI,HI DFI,JUR-011,2023-12-03,9999-12-31,High,Active,9,3,State Notice 2023-0516,Q4 2023,Yes
EVT-00734,2023-10-05,Oregon Predatory Lending Enforcement Action,Enforcement Action,State-OR,OR DFR,JUR-037,2023-10-14,9999-12-31,Medium,Active,23,3,State Notice 2023-0734,Q4 2023,No
EVT-00995,2023-10-05,Hawaii: Amended surety bond requirements for mortgage brokers,Amendment,State Licensing,HI DFI,JUR-011,2023-11-01,9999-12-31,Medium,Active,5,1,State Notice 2023-0995,Q4 2023,No
EVT-00093,2023-10-06,New York DFS cybersecurity requirements extended to mortgage servicers,Proposed Rule,Servicing,NY DFS,JUR-032,2023-12-26,9999-12-31,Critical,Active,7,2,State Notice 2023-0093,Q4 2023,No
EVT-00094,2023-10-07,VA funding fee schedule updated per 38 U.S.C. § 3729,No-Action Letter,VA,VA,JUR-058,2023-12-03,9999-12-31,Critical,Active,21,0,State Notice 2023-0094,Q4 2023,No
EVT-01526,2023-10-08,AMC registration renewal period opened,Guidance,Appraisal,NV DML,JUR-028,2023-11-08,9999-12-31,Low,Active,1,1,State Notice 2023-1526,Q4 2023,No
EVT-00687,2023-10-09,New Mexico New Mortgage Disclosure Requirement,New Rule,State-NM,NM FID,JUR-031,2023-10-28,9999-12-31,High,Active,4,0,State Notice 2023-0687,Q4 2023,Yes
EVT-00791,2023-10-09,Utah New Mortgage Disclosure Requirement,New Rule,State-UT,UT DRE,JUR-044,2023-10-22,2024-12-20,Medium,Superseded,8,0,State Notice 2023-0791,Q4 2023,No
EVT-00924,2023-10-09,California: Issued guidance on state-specific mortgage disclosure timing,Guidance,Disclosure,CA DFPI,JUR-005,2023-11-10,9999-12-31,Medium,Active,4,2,State Notice 2023-0924,Q4 2023,No
EVT-01183,2023-10-09,New Hampshire: Updated MLO license renewal procedures and CE requirements,Amendment,State Licensing,NH Banking,JUR-029,2023-11-16,9999-12-31,Medium,Active,1,1,State Notice 2023-1183,Q4 2023,Yes
EVT-01263,2023-10-09,Oklahoma: Updated state anti-predatory lending statute thresholds,Amendment,Predatory Lending,OK Banking,JUR-036,2023-12-09,9999-12-31,High,Active,2,1,State Notice 2023-1263,Q4 2023,No
EVT-00781,2023-10-10,Texas Fair Lending Examination Guidance,Guidance,State-TX,TX DBO,JUR-043,2023-12-15,2025-05-10,High,Pending,22,3,State Notice 2023-0781,Q4 2023,Yes
EVT-01209,2023-10-11,New Mexico: Published examination procedures for state mortgage companies,Guidance,Safety & Soundness,NM FID,JUR-031,2023-12-24,9999-12-31,Low,Active,1,2,State Notice 2023-1209,Q4 2023,No
EVT-00095,2023-10-12,RESPA Section 8 interpretation clarified for AfBA arrangements,Final Rule,RESPA,CFPB,JUR-052,2023-10-22,9999-12-31,Medium,Active,5,0,FR Doc. 2023-27401,Q4 2023,No
EVT-00701,2023-10-12,North Carolina Fair Lending Examination Guidance,Guidance,State-NC,NC OCB,JUR-033,2024-01-10,9999-12-31,Medium,Active,20,0,State Notice 2023-0701,Q4 2023,No
EVT-00738,2023-10-12,Pennsylvania High-Cost Loan Threshold Update,Amendment,State-PA,PA DBS,JUR-038,2023-11-11,9999-12-31,Critical,Active,1,2,State Notice 2023-0738,Q4 2023,No
EVT-01133,2023-10-12,Mississippi: Updated state anti-predatory lending statute thresholds,Amendment,Predatory Lending,MS DBCF,JUR-024,2023-12-29,9999-12-31,High,Active,5,0,State Notice 2023-1133,Q4 2023,No
EVT-01283,2023-10-12,Pennsylvania: Published examination procedures for state mortgage companies,Guidance,Safety & Soundness,PA DBS,JUR-038,2023-10-23,9999-12-31,Low,Active,1,1,State Notice 2023-1283,Q4 2023,No
EVT-01527,2023-10-13,Mortgage fraud referral submitted to state AG,Enforcement Action,Financial Crime,MT DBFI,JUR-026,2023-10-23,2025-08-11,High,Pending,3,0,State Notice 2023-1527,Q4 2023,No
EVT-00096,2023-10-14,California DFPI issued guidance on AI-assisted underwriting,Enforcement Action,State Licensing,CA DFPI,JUR-005,2023-11-29,9999-12-31,High,Active,24,5,State Notice 2023-0096,Q4 2023,Yes
EVT-01528,2023-10-15,NMLS call report quarterly submission reminder,Guidance,Reporting,PA DBS,JUR-038,2023-11-20,9999-12-31,Low,Active,1,0,State Notice 2023-1528,Q4 2023,No
EVT-01529,2023-10-16,Proposed rule comment period opened,Proposed Rule,State Licensing,NJ DBI,JUR-030,2023-10-19,9999-12-31,Medium,Active,5,1,State Notice 2023-1529,Q4 2023,No
EVT-01530,2023-10-17,Mortgage fraud referral submitted to state AG,Enforcement Action,Financial Crime,MA DOB,JUR-021,2023-12-04,9999-12-31,High,Active,7,1,State Notice 2023-1530,Q4 2023,Yes
EVT-00097,2023-10-18,HUD issued mortgagee letter on HECM principal limit factor update,Final Rule,Reverse Mortgage,HUD,JUR-054,2023-11-16,2024-12-23,Medium,Pending,21,0,State Notice 2023-0097,Q4 2023,Yes
EVT-00098,2023-10-19,North Carolina OCOB issued guidance on non-QM loan disclosures,No-Action Letter,State Licensing,NC OFR,JUR-033,2023-12-17,2024-10-08,Medium,Superseded,22,1,State Notice 2023-0098,Q4 2023,No
EVT-01090,2023-10-20,Maryland: Issued guidance on state-specific mortgage disclosure timing,Guidance,Disclosure,MD OFR,JUR-020,2023-12-07,9999-12-31,Medium,Active,1,0,State Notice 2023-1090,Q4 2023,No
EVT-00834,2023-10-21,Wyoming High-Cost Loan Threshold Update,Amendment,State-WY,WY DOB,JUR-050,2024-01-13,9999-12-31,Medium,Active,14,2,State Notice 2023-0834,Q4 2023,No
EVT-00706,2023-10-22,North Dakota High-Cost Loan Threshold Update,Amendment,State-ND,ND DFI,JUR-034,2023-11-28,9999-12-31,Medium,Active,20,2,State Notice 2023-0706,Q4 2023,Yes
EVT-00099,2023-10-23,FHA MIP annual premium restructure for first-time homebuyers,Enforcement Action,FHA,HUD,JUR-054,2023-10-31,9999-12-31,Medium,Active,11,4,State Notice 2023-0099,Q4 2023,No
EVT-00769,2023-10-23,Tennessee Mortgage Lending Law Amendment,Amendment,State-TN,TN DFI,JUR-042,2023-11-17,2025-06-30,Medium,Pending,17,0,State Notice 2023-0769,Q4 2023,No
EVT-01057,2023-10-24,Kentucky: Issued guidance on state-specific mortgage disclosure timing,Guidance,Disclosure,KY DFI,JUR-017,2023-12-11,9999-12-31,Medium,Active,2,2,State Notice 2023-1057,Q4 2023,No
EVT-01104,2023-10-24,Massachusetts: Updated state anti-predatory lending statute thresholds,Amendment,Predatory Lending,MA DOB,JUR-021,2024-01-07,9999-12-31,High,Active,3,2,State Notice 2023-1104,Q4 2023,No
EVT-01531,2023-10-25,Interpretation letter issued on state disclosure requirements,Interpretation,Disclosure,VA,JUR-058,2023-12-17,9999-12-31,Medium,Active,8,0,FR Doc. 2023-20735,Q4 2023,No
EVT-00594,2023-10-26,Maryland High-Cost Loan Threshold Update,Amendment,State-MD,MD OFR,JUR-020,2023-11-26,9999-12-31,Medium,Active,19,1,State Notice 2023-0594,Q4 2023,No
EVT-01144,2023-10-26,Missouri: Issued guidance on state-specific mortgage disclosure timing,Guidance,Disclosure,MO DOF,JUR-025,2023-12-31,2025-07-10,Medium,Pending,2,2,State Notice 2023-1144,Q4 2023,No
EVT-00100,2023-10-27,OCC model risk management supervisory expectations updated,New Rule,Safety & Soundness,OCC,JUR-053,2023-12-03,2025-01-14,High,Pending,20,3,State Notice 2023-0100,Q4 2023,No
EVT-00788,2023-10-27,Utah Escrow Account Audit Requirements,Guidance,State-UT,UT DRE,JUR-044,2023-12-03,9999-12-31,High,Active,23,0,State Notice 2023-0788,Q4 2023,No
EVT-01532,2023-10-28,Annual examination schedule published,Guidance,Safety & Soundness,AR SRD,JUR-004,2023-12-27,9999-12-31,Low,Active,6,0,State Notice 2023-1532,Q4 2023,No
EVT-00101,2023-10-29,QM rule safe harbor points and fees thresholds adjusted for inflation,No-Action Letter,QM,CFPB,JUR-052,2023-12-13,9999-12-31,Low,Active,2,5,FR Doc. 2023-56919,Q4 2023,No
EVT-00497,2023-10-29,Florida Foreclosure Procedure Update,Amendment,State-FL,FL OFR,JUR-009,2023-11-01,9999-12-31,High,Active,16,0,State Notice 2023-0497,Q4 2023,No
EVT-01533,2023-10-30,Proposed rule comment period opened,Proposed Rule,State Licensing,TN DFI,JUR-042,2023-12-17,9999-12-31,Medium,Active,1,0,State Notice 2023-1533,Q4 2023,No
EVT-01164,2023-10-31,Nebraska: Issued guidance on state-specific mortgage disclosure timing,Guidance,Disclosure,NE DBF,JUR-027,2023-11-27,9999-12-31,Medium,Active,2,2,State Notice 2023-1164,Q4 2023,No
EVT-00102,2023-11-01,California DFPI issued guidance on AI-assisted underwriting,Enforcement Action,State Licensing,CA DFPI,JUR-005,2024-01-14,2025-06-20,Medium,Pending,10,2,State Notice 2023-0102,Q4 2023,No
EVT-01274,2023-11-01,Oregon: Issued guidance on state-specific mortgage disclosure timing,Guidance,Disclosure,OR DFR,JUR-037,2023-11-22,9999-12-31,Medium,Active,3,2,State Notice 2023-1274,Q4 2023,No
EVT-00771,2023-11-02,Tennessee Foreclosure Procedure Update,Amendment,State-TN,TN DFI,JUR-042,2024-01-18,9999-12-31,Medium,Active,11,2,State Notice 2023-0771,Q4 2023,No
EVT-00996,2023-11-02,Hawaii: Updated state anti-predatory lending statute thresholds,Amendment,Predatory Lending,HI DFI,JUR-011,2024-01-06,9999-12-31,High,Active,3,2,State Notice 2023-0996,Q4 2023,Yes
EVT-01210,2023-11-02,New Mexico: Amended surety bond requirements for mortgage brokers,Amendment,State Licensing,NM FID,JUR-031,2023-11-12,9999-12-31,Medium,Active,4,2,State Notice 2023-1210,Q4 2023,No
EVT-01069,2023-11-03,Louisiana: Published examination procedures for state mortgage companies,Guidance,Safety & Soundness,LA OFI,JUR-018,2024-01-05,9999-12-31,Low,Active,2,0,State Notice 2023-1069,Q4 2023,No
EVT-01534,2023-11-04,Flood insurance escrow compliance review initiated,Guidance,Flood Insurance,AK DBS,JUR-002,2023-12-13,9999-12-31,Low,Active,3,0,State Notice 2023-1534,Q4 2023,No
EVT-00103,2023-11-05,OCC model risk management supervisory expectations updated,Enforcement Action,Safety & Soundness,OCC,JUR-053,2024-01-25,2025-08-24,Low,Superseded,12,0,State Notice 2023-0103,Q4 2023,No
EVT-01251,2023-11-06,Ohio: Issued guidance on state-specific mortgage disclosure timing,Guidance,Disclosure,OH DFI,JUR-035,2023-11-19,9999-12-31,Medium,Active,4,2,State Notice 2023-1251,Q4 2023,No
EVT-00549,2023-11-07,Iowa Mortgage Lending Law Amendment,Amendment,State-IA,IA DOB,JUR-015,2023-11-26,2025-03-31,Critical,Pending,3,1,State Notice 2023-0549,Q4 2023,No
EVT-01165,2023-11-07,Nebraska: Published examination procedures for state mortgage companies,Guidance,Safety & Soundness,NE DBF,JUR-027,2023-11-19,2024-08-27,Low,Pending,2,2,State Notice 2023-1165,Q4 2023,No
EVT-00104,2023-11-08,CFPB published circular on digital mortgage advertising disclosures,Guidance,UDAAP,CFPB,JUR-052,2024-01-04,9999-12-31,Critical,Active,4,1,FR Doc. 2023-49015,Q4 2023,No
EVT-00955,2023-11-08,Delaware: Amended surety bond requirements for mortgage brokers,Amendment,State Licensing,DE OSB,JUR-008,2023-11-11,9999-12-31,Medium,Active,5,0,State Notice 2023-0955,Q4 2023,No
EVT-00508,2023-11-09,Georgia Fair Lending Examination Guidance,Guidance,State-GA,GA DBF,JUR-010,2024-02-07,9999-12-31,High,Active,14,3,State Notice 2023-0508,Q4 2023,Yes
EVT-00933,2023-11-09,Colorado: Updated MLO license renewal procedures and CE requirements,Amendment,State Licensing,CO DRE,JUR-006,2024-01-16,9999-12-31,Medium,Active,2,2,State Notice 2023-0933,Q4 2023,No
EVT-00528,2023-11-10,Idaho New Mortgage Disclosure Requirement,New Rule,State-ID,ID DOF,JUR-012,2024-01-04,2025-12-18,High,Superseded,21,2,State Notice 2023-0528,Q4 2023,Yes
EVT-00105,2023-11-11,ECOA small business data collection rule effective date confirmed,Interpretation,ECOA,FRB,JUR-052,2024-01-04,9999-12-31,Medium,Active,1,1,FR Doc. 2023-75517,Q4 2023,No
EVT-01535,2023-11-12,Escrow account auditing standards reminder issued,Guidance,Escrow,NM FID,JUR-031,2023-12-24,9999-12-31,Low,Active,2,0,State Notice 2023-1535,Q4 2023,No
EVT-00478,2023-11-13,Connecticut High-Cost Loan Threshold Update,Amendment,State-CT,CT DOB,JUR-007,2023-12-13,9999-12-31,Critical,Active,6,3,State Notice 2023-0478,Q4 2023,No
EVT-00644,2023-11-13,Montana Escrow Account Audit Requirements,Guidance,State-MT,MT DBFI,JUR-026,2024-02-05,9999-12-31,Medium,Active,4,2,State Notice 2023-0644,Q4 2023,No
EVT-01120,2023-11-13,Minnesota: Issued guidance on state-specific mortgage disclosure timing,Guidance,Disclosure,MN DOC,JUR-023,2024-01-08,2025-09-15,Medium,Pending,4,1,State Notice 2023-1120,Q4 2023,No
EVT-00106,2023-11-14,Fannie Mae desktop appraisal eligibility expanded nationwide,Enforcement Action,GSE,Fannie Mae,JUR-057,2024-01-02,9999-12-31,Low,Active,14,0,State Notice 2023-0106,Q4 2023,No
EVT-00997,2023-11-14,Hawaii: Issued guidance on state fair lending examination priorities,Guidance,Fair Lending,HI DFI,JUR-011,2024-01-15,9999-12-31,High,Active,5,2,State Notice 2023-0997,Q4 2023,No
EVT-00970,2023-11-15,Florida: Updated state anti-predatory lending statute thresholds,Amendment,Predatory Lending,FL OFR,JUR-009,2024-01-08,9999-12-31,High,Active,3,1,State Notice 2023-0970,Q4 2023,No
EVT-01015,2023-11-15,Illinois: Published examination procedures for state mortgage companies,Guidance,Safety & Soundness,IL DFI,JUR-013,2024-01-23,9999-12-31,Low,Active,4,2,State Notice 2023-1015,Q4 2023,No
EVT-01145,2023-11-15,Missouri: Published examination procedures for state mortgage companies,Guidance,Safety & Soundness,MO DOF,JUR-025,2023-11-26,9999-12-31,Low,Active,4,2,State Notice 2023-1145,Q4 2023,No
EVT-01230,2023-11-16,North Carolina: Updated state anti-predatory lending statute thresholds,Amendment,Predatory Lending,NC OCB,JUR-033,2023-11-29,9999-12-31,High,Active,2,1,State Notice 2023-1230,Q4 2023,Yes
EVT-01349,2023-11-16,Utah: Issued guidance on state-specific mortgage disclosure timing,Guidance,Disclosure,UT DRE,JUR-044,2024-01-03,9999-12-31,Medium,Active,4,0,State Notice 2023-1349,Q4 2023,No
EVT-00107,2023-11-17,FRB Regulation B amended to add sexual orientation to protected classes,Final Rule,Fair Lending,FRB,JUR-052,2023-12-16,9999-12-31,Critical,Active,23,1,FR Doc. 2023-45929,Q4 2023,No
EVT-01375,2023-11-17,Virginia: Published examination procedures for state mortgage companies,Guidance,Safety & Soundness,VA BFI,JUR-046,2024-01-09,9999-12-31,Low,Active,5,1,State Notice 2023-1375,Q4 2023,No
EVT-00554,2023-11-18,Iowa Predatory Lending Enforcement Action,Enforcement Action,State-IA,IA DOB,JUR-015,2023-12-18,2024-08-30,High,Pending,6,0,State Notice 2023-0554,Q4 2023,Yes
EVT-00652,2023-11-19,Nebraska Escrow Account Audit Requirements,Guidance,State-NE,NE DBF,JUR-027,2024-02-06,2024-10-26,High,Superseded,9,3,State Notice 2023-0652,Q4 2023,Yes
EVT-00108,2023-11-20,Freddie Mac LTV limits tightened for investment property purchases,Amendment,GSE,Freddie Mac,JUR-057,2024-01-25,2025-02-10,Medium,Pending,12,0,State Notice 2023-0108,Q4 2023,No
EVT-01047,2023-11-20,Kansas: Published examination procedures for state mortgage companies,Guidance,Safety & Soundness,KS OSBC,JUR-016,2023-11-20,9999-12-31,Low,Active,4,2,State Notice 2023-1047,Q4 2023,No
EVT-01536,2023-11-21,High-cost mortgage threshold annual adjustment,Amendment,High-Cost Mortgage,WY DOB,JUR-050,2023-12-01,9999-12-31,High,Active,10,0,State Notice 2023-1536,Q4 2023,Yes
EVT-01537,2023-11-22,Interpretation letter issued on state disclosure requirements,Interpretation,Disclosure,FRB,JUR-056,2023-12-29,9999-12-31,Medium,Active,5,1,FR Doc. 2023-13365,Q4 2023,No
EVT-00109,2023-11-23,HUD issued mortgagee letter on HECM principal limit factor update,Final Rule,Reverse Mortgage,HUD,JUR-054,2023-12-29,9999-12-31,Low,Active,4,4,State Notice 2023-0109,Q4 2023,No
EVT-01421,2023-11-23,DC: Issued guidance on state-specific mortgage disclosure timing,Guidance,Disclosure,DC DISB,JUR-051,2024-01-20,2024-11-23,Medium,Pending,5,2,State Notice 2023-1421,Q4 2023,No
EVT-00809,2023-11-24,Washington Mortgage Lending Law Amendment,Amendment,State-WA,WA DFI,JUR-047,2024-01-14,2025-05-26,Low,Pending,23,0,State Notice 2023-0809,Q4 2023,No
EVT-01538,2023-11-25,NMLS call report quarterly submission reminder,Guidance,Reporting,VA BFI,JUR-046,2023-12-07,9999-12-31,Low,Active,2,0,State Notice 2023-1538,Q4 2023,No
EVT-00110,2023-11-26,FHA MIP annual premium restructure for first-time homebuyers,New Rule,FHA,HUD,JUR-054,2023-12-08,2025-01-22,Critical,Pending,21,2,State Notice 2023-0110,Q4 2023,No
EVT-00473,2023-11-27,Colorado Predatory Lending Enforcement Action,Enforcement Action,State-CO,CO DRE,JUR-006,2024-01-22,2025-09-30,Medium,Superseded,18,0,State Notice 2023-0473,Q4 2023,No
EVT-00854,2023-11-28,FHFA announced 2024 conforming loan limits,Amendment,GSE,FHFA,JUR-057,2023-12-30,9999-12-31,High,Active,21,1,FR Doc. 2023-36903,Q4 2023,No
EVT-00902,2023-11-28,Arizona: Issued guidance on state-specific mortgage disclosure timing,Guidance,Disclosure,AZ DFI,JUR-003,2024-01-08,2025-12-23,Medium,Pending,1,1,State Notice 2023-0902,Q4 2023,Yes
EVT-00111,2023-11-29,HMDA 2024 data collection thresholds revised — open-end credit lines,Final Rule,HMDA,CFPB,JUR-052,2023-12-17,9999-12-31,Low,Active,6,2,FR Doc. 2023-40825,Q4 2023,No
EVT-00772,2023-11-29,Tennessee Escrow Account Audit Requirements,Guidance,State-TN,TN DFI,JUR-042,2024-01-18,2025-05-18,Medium,Superseded,19,2,State Notice 2023-0772,Q4 2023,No
EVT-00422,2023-11-30,Alabama Annual MLO License Renewal Announcement,Guidance,State-AL,AL SBD,JUR-001,2024-01-16,9999-12-31,Medium,Active,22,2,State Notice 2023-0422,Q4 2023,No
EVT-00112,2023-12-01,New York DFS cybersecurity requirements extended to mortgage servicers,Final Rule,Servicing,NY DFS,JUR-032,2024-02-28,9999-12-31,High,Active,11,2,State Notice 2023-0112,Q4 2023,No
EVT-00424,2023-12-01,Alabama High-Cost Loan Threshold Update,Amendment,State-AL,AL SBD,JUR-001,2024-01-29,9999-12-31,Medium,Active,21,1,State Notice 2023-0424,Q4 2023,No
EVT-00855,2023-12-01,VA updated funding fee tables effective Jan 2024,Amendment,VA,VA,JUR-058,2023-12-27,9999-12-31,High,Active,13,2,FR Doc. 2023-11089,Q4 2023,No
EVT-01070,2023-12-01,Louisiana: Amended surety bond requirements for mortgage brokers,Amendment,State Licensing,LA OFI,JUR-018,2024-02-18,9999-12-31,Medium,Active,4,2,State Notice 2023-1070,Q4 2023,Yes
EVT-00523,2023-12-02,Idaho High-Cost Loan Threshold Update,Amendment,State-ID,ID DOF,JUR-012,2024-01-10,2024-08-03,High,Pending,10,3,State Notice 2023-0523,Q4 2023,Yes
EVT-00608,2023-12-03,Michigan Annual MLO License Renewal Announcement,Guidance,State-MI,MI DIFS,JUR-022,2024-01-04,9999-12-31,Critical,Active,10,2,State Notice 2023-0608,Q4 2023,No
EVT-00925,2023-12-04,California: Published examination procedures for state mortgage companies,Guidance,Safety & Soundness,CA DFPI,JUR-005,2024-01-14,2025-07-11,Low,Pending,5,1,State Notice 2023-0925,Q4 2023,No
EVT-00113,2023-12-05,CFPB published circular on digital mortgage advertising disclosures,Proposed Rule,UDAAP,CFPB,JUR-052,2024-03-04,9999-12-31,Medium,Active,22,2,FR Doc. 2023-82133,Q4 2023,No
EVT-01146,2023-12-05,Missouri: Amended surety bond requirements for mortgage brokers,Amendment,State Licensing,MO DOF,JUR-025,2024-01-31,2025-05-08,Medium,Pending,2,2,State Notice 2023-1146,Q4 2023,No
EVT-00114,2023-12-06,Freddie Mac LTV limits tightened for investment property purchases,New Rule,GSE,Freddie Mac,JUR-057,2023-12-20,2024-08-02,Low,Pending,18,2,State Notice 2023-0114,Q4 2023,No
EVT-00454,2023-12-07,Arkansas Fair Lending Examination Guidance,Guidance,State-AR,AR SRD,JUR-004,2024-01-28,9999-12-31,Medium,Active,7,3,State Notice 2023-0454,Q4 2023,No
EVT-01275,2023-12-07,Oregon: Published examination procedures for state mortgage companies,Guidance,Safety & Soundness,OR DFR,JUR-037,2024-03-01,2025-03-27,Low,Pending,2,2,State Notice 2023-1275,Q4 2023,No
EVT-01539,2023-12-08,Mortgage examination findings letter issued,Enforcement Action,Safety & Soundness,MD OFR,JUR-020,2024-01-15,2024-11-13,Medium,Pending,10,0,State Notice 2023-1539,Q4 2023,No
EVT-01540,2023-12-09,Annual privacy notice distribution deadline reminder,Guidance,Privacy,OH DFI,JUR-035,2024-01-05,9999-12-31,Low,Active,6,0,State Notice 2023-1540,Q4 2023,No
EVT-01541,2023-12-10,Annual examination schedule published,Guidance,Safety & Soundness,TN DFI,JUR-042,2023-12-31,9999-12-31,Low,Active,1,1,State Notice 2023-1541,Q4 2023,No
EVT-00115,2023-12-11,VA funding fee schedule updated per 38 U.S.C. § 3729,Enforcement Action,VA,VA,JUR-058,2023-12-23,2025-08-11,Low,Superseded,11,3,State Notice 2023-0115,Q4 2023,No
EVT-00982,2023-12-11,Georgia: Amended surety bond requirements for mortgage brokers,Amendment,State Licensing,GA DBF,JUR-010,2023-12-17,9999-12-31,Medium,Active,5,2,State Notice 2023-0982,Q4 2023,No
EVT-01218,2023-12-11,New York: Amended surety bond requirements for mortgage brokers,Amendment,State Licensing,NY DFS,JUR-032,2024-02-12,2024-11-25,Medium,Pending,2,1,State Notice 2023-1218,Q4 2023,No
EVT-01542,2023-12-12,NMLS call report quarterly submission reminder,Guidance,Reporting,MS DBCF,JUR-024,2024-02-07,2025-11-18,Low,Pending,3,1,State Notice 2023-1542,Q4 2023,No
EVT-01543,2023-12-13,Fair lending examination scheduled,Guidance,Fair Lending,FRB,JUR-056,2024-02-02,2025-12-08,Medium,Pending,7,1,FR Doc. 2023-70931,Q4 2023,No
EVT-00116,2023-12-14,California DFPI issued guidance on AI-assisted underwriting,No-Action Letter,State Licensing,CA DFPI,JUR-005,2023-12-31,2024-07-09,Medium,Pending,19,1,State Notice 2023-0116,Q4 2023,No
EVT-00495,2023-12-14,Florida Mortgage Lending Law Amendment,Amendment,State-FL,FL OFR,JUR-009,2024-03-07,9999-12-31,High,Active,17,2,State Notice 2023-0495,Q4 2023,Yes
EVT-00117,2023-12-15,California DFPI issued guidance on AI-assisted underwriting,Amendment,State Licensing,CA DFPI,JUR-005,2024-01-03,9999-12-31,High,Active,21,2,State Notice 2023-0117,Q4 2023,No
EVT-00595,2023-12-15,Maryland Foreclosure Procedure Update,Amendment,State-MD,MD OFR,JUR-020,2024-01-06,2025-07-30,High,Pending,20,1,State Notice 2023-0595,Q4 2023,No
EVT-01544,2023-12-16,Annual privacy notice distribution deadline reminder,Guidance,Privacy,KS OSBC,JUR-016,2024-02-07,9999-12-31,Low,Active,2,1,State Notice 2023-1544,Q4 2023,No
EVT-01545,2023-12-17,Regulatory sandbox application period opened,Guidance,Consumer Protection,KS OSBC,JUR-016,2024-02-03,9999-12-31,Low,Active,8,1,State Notice 2023-1545,Q4 2023,No
EVT-01219,2023-12-18,New York: Updated state anti-predatory lending statute thresholds,Amendment,Predatory Lending,NY DFS,JUR-032,2024-01-28,2025-09-30,High,Pending,3,0,State Notice 2023-1219,Q4 2023,Yes
EVT-01284,2023-12-19,Pennsylvania: Amended surety bond requirements for mortgage brokers,Amendment,State Licensing,PA DBS,JUR-038,2024-02-14,9999-12-31,Medium,Active,2,0,State Notice 2023-1284,Q4 2023,No
EVT-01363,2023-12-19,Vermont: Issued guidance on state-specific mortgage disclosure timing,Guidance,Disclosure,VT DFR,JUR-045,2024-01-19,9999-12-31,Medium,Active,2,2,State Notice 2023-1363,Q4 2023,Yes
EVT-01422,2023-12-19,DC: Published examination procedures for state mortgage companies,Guidance,Safety & Soundness,DC DISB,JUR-051,2023-12-30,9999-12-31,Low,Active,3,1,State Notice 2023-1422,Q4 2023,No
EVT-00118,2023-12-20,HMDA 2024 data collection thresholds revised — open-end credit lines,No-Action Letter,HMDA,CFPB,JUR-052,2024-02-10,9999-12-31,High,Active,7,5,FR Doc. 2023-57779,Q4 2023,No
EVT-00119,2023-12-21,FHA MIP annual premium restructure for first-time homebuyers,New Rule,FHA,HUD,JUR-054,2024-02-26,9999-12-31,Low,Active,2,0,State Notice 2023-0119,Q4 2023,No
EVT-00914,2023-12-22,Arkansas: Amended surety bond requirements for mortgage brokers,Amendment,State Licensing,AR SRD,JUR-004,2024-01-03,9999-12-31,Medium,Active,4,2,State Notice 2023-0914,Q4 2023,No
EVT-01121,2023-12-22,Minnesota: Published examination procedures for state mortgage companies,Guidance,Safety & Soundness,MN DOC,JUR-023,2024-02-29,9999-12-31,Low,Active,4,0,State Notice 2023-1121,Q4 2023,No
EVT-00492,2023-12-23,Delaware New Mortgage Disclosure Requirement,New Rule,State-DE,DE OSB,JUR-008,2024-03-10,9999-12-31,Medium,Active,13,0,State Notice 2023-0492,Q4 2023,No
EVT-00737,2023-12-23,Pennsylvania Mortgage Lending Law Amendment,Amendment,State-PA,PA DBS,JUR-038,2024-02-07,9999-12-31,Medium,Active,4,1,State Notice 2023-0737,Q4 2023,No
EVT-00120,2023-12-24,Texas Department of Savings issued escrow account audit requirements,No-Action Letter,Escrow,TX DBO,JUR-043,2024-01-22,2025-08-19,Low,Superseded,5,0,State Notice 2023-0120,Q4 2023,No
EVT-00797,2023-12-25,Vermont Fair Lending Examination Guidance,Guidance,State-VT,VT DFR,JUR-045,2024-02-16,9999-12-31,Critical,Active,2,3,State Notice 2023-0797,Q4 2023,No
EVT-01301,2023-12-25,South Carolina: Issued guidance on state-specific mortgage disclosure timing,Guidance,Disclosure,SC BFI,JUR-040,2023-12-30,9999-12-31,Medium,Active,2,2,State Notice 2023-1301,Q4 2023,No
EVT-00607,2023-12-26,Massachusetts New Mortgage Disclosure Requirement,New Rule,State-MA,MA DOB,JUR-021,2024-01-20,2025-07-27,High,Pending,17,2,State Notice 2023-0607,Q4 2023,Yes
EVT-00659,2023-12-26,Nevada Foreclosure Procedure Update,Amendment,State-NV,NV DML,JUR-028,2024-01-11,2025-03-01,Medium,Pending,17,2,State Notice 2023-0659,Q4 2023,No
EVT-01334,2023-12-26,Texas: Updated MLO license renewal procedures and CE requirements,Amendment,State Licensing,TX DBO,JUR-043,2024-03-15,9999-12-31,Medium,Active,5,0,State Notice 2023-1334,Q4 2023,Yes
EVT-00121,2023-12-27,TILA APR calculation methodology updated for SOFR-indexed ARMs,Enforcement Action,TILA,CFPB,JUR-052,2024-02-23,2025-03-28,Low,Superseded,17,2,FR Doc. 2023-98468,Q4 2023,No
EVT-01252,2023-12-27,Ohio: Published examination procedures for state mortgage companies,Guidance,Safety & Soundness,OH DFI,JUR-035,2024-02-11,9999-12-31,Low,Active,1,0,State Notice 2023-1252,Q4 2023,No
EVT-01396,2023-12-28,West Virginia: Published examination procedures for state mortgage companies,Guidance,Safety & Soundness,WV DOB,JUR-048,2024-02-19,9999-12-31,Low,Active,1,0,State Notice 2023-1396,Q4 2023,No
EVT-01546,2023-12-29,Mortgage fraud referral submitted to state AG,Enforcement Action,Financial Crime,MA DOB,JUR-021,2024-01-29,9999-12-31,High,Active,4,1,State Notice 2023-1546,Q4 2023,Yes
EVT-01547,2023-12-30,AMC registration renewal period opened,Guidance,Appraisal,MI DIFS,JUR-022,2024-01-16,9999-12-31,Low,Active,10,1,State Notice 2023-1547,Q4 2023,No
EVT-00122,2023-12-31,North Carolina OCOB issued guidance on non-QM loan disclosures,Interpretation,State Licensing,NC OFR,JUR-033,2024-02-07,2025-07-16,Low,Superseded,10,2,State Notice 2023-0122,Q4 2023,No
EVT-01105,2024-01-01,Massachusetts: Issued guidance on state fair lending examination priorities,Guidance,Fair Lending,MA DOB,JUR-021,2024-01-08,9999-12-31,High,Active,2,2,State Notice 2024-1105,Q1 2024,Yes
EVT-00123,2024-01-02,Fannie Mae desktop appraisal eligibility expanded nationwide,New Rule,GSE,Fannie Mae,JUR-057,2024-02-07,2025-04-03,Medium,Superseded,18,1,State Notice 2024-0123,Q1 2024,No
EVT-01211,2024-01-02,New Mexico: Updated state anti-predatory lending statute thresholds,Amendment,Predatory Lending,NM FID,JUR-031,2024-03-05,9999-12-31,High,Active,1,1,State Notice 2024-1211,Q1 2024,Yes
EVT-00934,2024-01-03,Colorado: Issued guidance on state-specific mortgage disclosure timing,Guidance,Disclosure,CO DRE,JUR-006,2024-03-09,9999-12-31,Medium,Active,3,2,State Notice 2024-0934,Q1 2024,Yes
EVT-01016,2024-01-04,Illinois: Amended surety bond requirements for mortgage brokers,Amendment,State Licensing,IL DFI,JUR-013,2024-03-02,9999-12-31,Medium,Active,4,0,State Notice 2024-1016,Q1 2024,No
EVT-00686,2024-01-05,New Mexico Predatory Lending Enforcement Action,Enforcement Action,State-NM,NM FID,JUR-031,2024-02-01,9999-12-31,Medium,Active,7,1,State Notice 2024-0686,Q1 2024,No
EVT-01071,2024-01-05,Louisiana: Updated state anti-predatory lending statute thresholds,Amendment,Predatory Lending,LA OFI,JUR-018,2024-01-29,2025-04-03,High,Pending,5,2,State Notice 2024-1071,Q1 2024,Yes
EVT-00124,2024-01-06,FDIC updated appraisal independence requirements under 12 CFR 323,No-Action Letter,Appraisal,FDIC,JUR-055,2024-03-22,2025-09-24,High,Pending,14,0,State Notice 2024-0124,Q1 2024,Yes
EVT-00689,2024-01-06,New York Mortgage Lending Law Amendment,Amendment,State-NY,NY DFS,JUR-032,2024-04-03,2025-03-18,Critical,Pending,24,3,State Notice 2024-0689,Q1 2024,No
EVT-01548,2024-01-07,Annual examination schedule published,Guidance,Safety & Soundness,AL SBD,JUR-001,2024-02-09,9999-12-31,Low,Active,4,0,State Notice 2024-1548,Q1 2024,No
EVT-00125,2024-01-08,TILA APR calculation methodology updated for SOFR-indexed ARMs,Final Rule,TILA,CFPB,JUR-052,2024-02-14,2024-09-02,Critical,Superseded,12,3,FR Doc. 2024-99115,Q1 2024,No
EVT-01376,2024-01-09,Virginia: Amended surety bond requirements for mortgage brokers,Amendment,State Licensing,VA BFI,JUR-046,2024-02-04,2025-03-13,Medium,Pending,5,0,State Notice 2024-1376,Q1 2024,Yes
EVT-01325,2024-01-10,Tennessee: Amended surety bond requirements for mortgage brokers,Amendment,State Licensing,TN DFI,JUR-042,2024-01-24,2025-07-03,Medium,Pending,5,2,State Notice 2024-1325,Q1 2024,No
EVT-00126,2024-01-11,HMDA 2024 data collection thresholds revised — open-end credit lines,Enforcement Action,HMDA,CFPB,JUR-052,2024-01-25,9999-12-31,High,Active,18,2,FR Doc. 2024-85353,Q1 2024,No
EVT-00452,2024-01-11,Arkansas Foreclosure Procedure Update,Amendment,State-AR,AR SRD,JUR-004,2024-02-15,9999-12-31,Medium,Active,3,3,State Notice 2024-0452,Q1 2024,No
EVT-01404,2024-01-11,Wisconsin: Published examination procedures for state mortgage companies,Guidance,Safety & Soundness,WI DFI,JUR-049,2024-01-15,9999-12-31,Low,Active,2,2,State Notice 2024-1404,Q1 2024,No
EVT-01111,2024-01-12,Michigan: Issued guidance on state-specific mortgage disclosure timing,Guidance,Disclosure,MI DIFS,JUR-022,2024-03-30,9999-12-31,Medium,Active,4,1,State Notice 2024-1111,Q1 2024,No
EVT-01549,2024-01-13,Flood insurance escrow compliance review initiated,Guidance,Flood Insurance,WA DFI,JUR-047,2024-02-08,9999-12-31,Low,Active,8,0,State Notice 2024-1549,Q1 2024,No
EVT-00805,2024-01-14,Virginia Fair Lending Examination Guidance,Guidance,State-VA,VA BFI,JUR-046,2024-01-31,9999-12-31,Medium,Active,8,0,State Notice 2024-0805,Q1 2024,No
EVT-00127,2024-01-15,FDIC updated appraisal independence requirements under 12 CFR 323,New Rule,Appraisal,FDIC,JUR-055,2024-01-21,9999-12-31,Medium,Active,5,0,State Notice 2024-0127,Q1 2024,No
EVT-00903,2024-01-15,Arizona: Published examination procedures for state mortgage companies,Guidance,Safety & Soundness,AZ DFI,JUR-003,2024-03-26,2025-01-10,Low,Pending,2,2,State Notice 2024-0903,Q1 2024,No
EVT-01550,2024-01-16,Enforcement consent order issued,Enforcement Action,Consumer Protection,VA BFI,JUR-046,2024-02-13,9999-12-31,High,Active,1,0,State Notice 2024-1550,Q1 2024,Yes
EVT-01082,2024-01-17,Maine: Published examination procedures for state mortgage companies,Guidance,Safety & Soundness,ME BFI,JUR-019,2024-03-04,9999-12-31,Low,Active,3,2,State Notice 2024-1082,Q1 2024,No
EVT-01147,2024-01-17,Missouri: Updated state anti-predatory lending statute thresholds,Amendment,Predatory Lending,MO DOF,JUR-025,2024-03-21,2025-07-03,High,Pending,1,1,State Notice 2024-1147,Q1 2024,Yes
EVT-01184,2024-01-17,New Hampshire: Issued guidance on state-specific mortgage disclosure timing,Guidance,Disclosure,NH Banking,JUR-029,2024-02-19,9999-12-31,Medium,Active,4,2,State Notice 2024-1184,Q1 2024,No
EVT-01264,2024-01-17,Oklahoma: Issued guidance on state fair lending examination priorities,Guidance,Fair Lending,OK Banking,JUR-036,2024-03-20,9999-12-31,High,Active,3,1,State Notice 2024-1264,Q1 2024,No
EVT-00719,2024-01-18,Ohio New Mortgage Disclosure Requirement,New Rule,State-OH,OH DFI,JUR-035,2024-03-21,9999-12-31,Low,Active,12,2,State Notice 2024-0719,Q1 2024,No
EVT-00128,2024-01-19,HUD issued mortgagee letter on HECM principal limit factor update,Final Rule,Reverse Mortgage,HUD,JUR-054,2024-02-08,2025-05-19,Medium,Pending,10,4,State Notice 2024-0128,Q1 2024,No
EVT-00129,2024-01-20,QM rule safe harbor points and fees thresholds adjusted for inflation,Enforcement Action,QM,CFPB,JUR-052,2024-03-11,9999-12-31,Medium,Active,19,3,FR Doc. 2024-42934,Q1 2024,No
EVT-00571,2024-01-20,Kentucky Fair Lending Examination Guidance,Guidance,State-KY,KY DFI,JUR-017,2024-03-26,2026-02-14,Medium,Pending,21,3,State Notice 2024-0571,Q1 2024,No
EVT-01551,2024-01-21,AMC registration renewal period opened,Guidance,Appraisal,IA DOB,JUR-015,2024-02-15,9999-12-31,Low,Active,4,1,State Notice 2024-1551,Q1 2024,No
EVT-01552,2024-01-22,Final rule effective date confirmed,Final Rule,Disclosure,NM FID,JUR-031,2024-02-24,2025-08-09,High,Pending,7,1,State Notice 2024-1552,Q1 2024,Yes
EVT-00130,2024-01-23,Ohio DFI updated QM points and fees exemption thresholds,Amendment,QM,OH DFI,JUR-035,2024-04-06,9999-12-31,Low,Active,5,5,State Notice 2024-0130,Q1 2024,No
EVT-01316,2024-01-23,South Dakota: Amended surety bond requirements for mortgage brokers,Amendment,State Licensing,SD DOB,JUR-041,2024-04-16,9999-12-31,Medium,Active,2,1,State Notice 2024-1316,Q1 2024,No
EVT-00622,2024-01-24,Minnesota Predatory Lending Enforcement Action,Enforcement Action,State-MN,MN DOC,JUR-023,2024-02-08,9999-12-31,Critical,Active,3,1,State Notice 2024-0622,Q1 2024,No
EVT-00760,2024-01-24,South Dakota Annual MLO License Renewal Announcement,Guidance,State-SD,SD DOB,JUR-041,2024-02-13,2025-12-02,Medium,Pending,16,2,State Notice 2024-0760,Q1 2024,No
EVT-00448,2024-01-25,Arizona MLO Continuing Education Update,Guidance,State-AZ,AZ DFI,JUR-003,2024-02-06,2025-10-19,High,Superseded,12,3,State Notice 2024-0448,Q1 2024,Yes
EVT-01134,2024-01-26,Mississippi: Issued guidance on state fair lending examination priorities,Guidance,Fair Lending,MS DBCF,JUR-024,2024-03-18,9999-12-31,High,Active,5,0,State Notice 2024-1134,Q1 2024,No
EVT-01553,2024-01-27,Annual privacy notice distribution deadline reminder,Guidance,Privacy,VT DFR,JUR-045,2024-02-25,9999-12-31,Low,Active,5,1,State Notice 2024-1553,Q1 2024,No
EVT-00131,2024-01-28,RESPA Section 8 interpretation clarified for AfBA arrangements,Final Rule,RESPA,CFPB,JUR-052,2024-01-30,9999-12-31,Low,Active,8,1,FR Doc. 2024-66316,Q1 2024,No
EVT-00451,2024-01-28,Arkansas High-Cost Loan Threshold Update,Amendment,State-AR,AR SRD,JUR-004,2024-02-21,9999-12-31,Medium,Active,5,3,State Notice 2024-0451,Q1 2024,No
EVT-00784,2024-01-29,Utah Annual MLO License Renewal Announcement,Guidance,State-UT,UT DRE,JUR-044,2024-02-29,2025-06-28,Medium,Pending,8,2,State Notice 2024-0784,Q1 2024,No
EVT-01285,2024-01-29,Pennsylvania: Updated state anti-predatory lending statute thresholds,Amendment,Predatory Lending,PA DBS,JUR-038,2024-02-28,9999-12-31,High,Active,2,2,State Notice 2024-1285,Q1 2024,Yes
EVT-01554,2024-01-30,Flood insurance escrow compliance review initiated,Guidance,Flood Insurance,WA DFI,JUR-047,2024-02-19,9999-12-31,Low,Active,2,0,State Notice 2024-1554,Q1 2024,No
EVT-00132,2024-01-31,HUD issued mortgagee letter on HECM principal limit factor update,Final Rule,Reverse Mortgage,HUD,JUR-054,2024-04-07,9999-12-31,Critical,Active,1,1,State Notice 2024-0132,Q1 2024,No
EVT-00915,2024-01-31,Arkansas: Updated state anti-predatory lending statute thresholds,Amendment,Predatory Lending,AR SRD,JUR-004,2024-03-20,9999-12-31,High,Active,3,2,State Notice 2024-0915,Q1 2024,Yes
EVT-00133,2024-02-01,FHA MIP annual premium restructure for first-time homebuyers,Enforcement Action,FHA,HUD,JUR-054,2024-04-13,9999-12-31,High,Active,5,1,State Notice 2024-0133,Q1 2024,Yes
EVT-01177,2024-02-01,Nevada: Amended surety bond requirements for mortgage brokers,Amendment,State Licensing,NV DML,JUR-028,2024-03-28,9999-12-31,Medium,Active,5,1,State Notice 2024-1177,Q1 2024,No
EVT-00692,2024-02-02,New York Escrow Account Audit Requirements,Guidance,State-NY,NY DFS,JUR-032,2024-03-20,2025-12-11,Low,Pending,15,2,State Notice 2024-0692,Q1 2024,No
EVT-01555,2024-02-03,Flood insurance escrow compliance review initiated,Guidance,Flood Insurance,IN DFI,JUR-014,2024-03-21,9999-12-31,Low,Active,8,1,State Notice 2024-1555,Q1 2024,No
EVT-01556,2024-02-04,No-action letter request received and under review,No-Action Letter,UDAAP,WI DFI,JUR-049,2024-03-08,9999-12-31,Low,Active,10,1,State Notice 2024-1556,Q1 2024,No
EVT-00134,2024-02-05,California DFPI issued guidance on AI-assisted underwriting,No-Action Letter,State Licensing,CA DFPI,JUR-005,2024-03-02,9999-12-31,Medium,Active,22,3,State Notice 2024-0134,Q1 2024,No
EVT-01135,2024-02-05,Mississippi: Proposed rule on state foreclosure prevention mediation,Proposed Rule,Foreclosure Prevention,MS DBCF,JUR-024,2024-02-25,2025-08-02,High,Pending,1,2,State Notice 2024-1135,Q1 2024,Yes
EVT-00956,2024-02-06,Delaware: Updated state anti-predatory lending statute thresholds,Amendment,Predatory Lending,DE OSB,JUR-008,2024-03-12,9999-12-31,High,Active,2,2,State Notice 2024-0956,Q1 2024,No
EVT-01286,2024-02-06,Pennsylvania: Issued guidance on state fair lending examination priorities,Guidance,Fair Lending,PA DBS,JUR-038,2024-03-12,9999-12-31,High,Active,4,0,State Notice 2024-1286,Q1 2024,No
EVT-01557,2024-02-07,Mortgage examination findings letter issued,Enforcement Action,Safety & Soundness,FRB,JUR-056,2024-03-01,9999-12-31,Medium,Active,5,0,FR Doc. 2024-33519,Q1 2024,No
EVT-01185,2024-02-08,New Hampshire: Published examination procedures for state mortgage companies,Guidance,Safety & Soundness,NH Banking,JUR-029,2024-02-26,9999-12-31,Low,Active,5,2,State Notice 2024-1185,Q1 2024,No
EVT-00135,2024-02-09,HMDA 2024 data collection thresholds revised — open-end credit lines,Final Rule,HMDA,CFPB,JUR-052,2024-03-18,9999-12-31,Low,Active,20,1,FR Doc. 2024-93966,Q1 2024,No
EVT-00136,2024-02-10,TILA APR calculation methodology updated for SOFR-indexed ARMs,Proposed Rule,TILA,CFPB,JUR-052,2024-03-11,2024-10-09,High,Pending,3,4,FR Doc. 2024-78926,Q1 2024,No
EVT-01558,2024-02-11,Annual examination schedule published,Guidance,Safety & Soundness,FL OFR,JUR-009,2024-02-28,9999-12-31,Low,Active,1,0,State Notice 2024-1558,Q1 2024,No
EVT-01559,2024-02-12,Community Reinvestment Act assessment area update,Amendment,CRA,FL OFR,JUR-009,2024-04-07,2026-02-18,Medium,Pending,2,0,State Notice 2024-1559,Q1 2024,No
EVT-01560,2024-02-13,Regulatory sandbox application period opened,Guidance,Consumer Protection,NM FID,JUR-031,2024-03-05,9999-12-31,Low,Active,3,0,State Notice 2024-1560,Q1 2024,No
EVT-01276,2024-02-14,Oregon: Amended surety bond requirements for mortgage brokers,Amendment,State Licensing,OR DFR,JUR-037,2024-02-19,9999-12-31,Medium,Active,5,2,State Notice 2024-1276,Q1 2024,No
EVT-00137,2024-02-15,HMDA 2024 data collection thresholds revised — open-end credit lines,Interpretation,HMDA,CFPB,JUR-052,2024-04-10,9999-12-31,Low,Active,8,3,FR Doc. 2024-10542,Q1 2024,No
EVT-01561,2024-02-16,Flood insurance escrow compliance review initiated,Guidance,Flood Insurance,USDA,JUR-059,2024-04-08,9999-12-31,Low,Active,7,1,FR Doc. 2024-18564,Q1 2024,No
EVT-00138,2024-02-17,FRB Regulation B amended to add sexual orientation to protected classes,Enforcement Action,Fair Lending,FRB,JUR-052,2024-03-05,2025-02-21,Critical,Pending,11,4,FR Doc. 2024-31205,Q1 2024,No
EVT-01562,2024-02-18,MLO license examination cycle initiated,Guidance,State Licensing,OR DFR,JUR-037,2024-03-29,9999-12-31,Low,Active,1,0,State Notice 2024-1562,Q1 2024,No
EVT-00139,2024-02-19,California DFPI issued guidance on AI-assisted underwriting,Enforcement Action,State Licensing,CA DFPI,JUR-005,2024-02-26,9999-12-31,High,Active,5,0,State Notice 2024-0139,Q1 2024,No
EVT-01364,2024-02-19,Vermont: Published examination procedures for state mortgage companies,Guidance,Safety & Soundness,VT DFR,JUR-045,2024-05-17,9999-12-31,Low,Active,3,0,State Notice 2024-1364,Q1 2024,No
EVT-01563,2024-02-20,Escrow account auditing standards reminder issued,Guidance,Escrow,FRB,JUR-056,2024-03-06,9999-12-31,Low,Active,9,1,FR Doc. 2024-25525,Q1 2024,No
EVT-00470,2024-02-21,Colorado Foreclosure Procedure Update,Amendment,State-CO,CO DRE,JUR-006,2024-05-18,9999-12-31,Low,Active,17,3,State Notice 2024-0470,Q1 2024,No
EVT-01365,2024-02-22,Vermont: Amended surety bond requirements for mortgage brokers,Amendment,State Licensing,VT DFR,JUR-045,2024-05-12,9999-12-31,Medium,Active,2,2,State Notice 2024-1365,Q1 2024,Yes
EVT-00140,2024-02-23,VA funding fee schedule updated per 38 U.S.C. § 3729,No-Action Letter,VA,VA,JUR-058,2024-02-27,9999-12-31,Medium,Active,17,0,State Notice 2024-0140,Q1 2024,No
EVT-00462,2024-02-23,California Escrow Account Audit Requirements,Guidance,State-CA,CA DFPI,JUR-005,2024-05-18,9999-12-31,Low,Active,8,2,State Notice 2024-0462,Q1 2024,No
EVT-01564,2024-02-24,No-action letter request received and under review,No-Action Letter,UDAAP,RI DBR,JUR-039,2024-04-14,9999-12-31,Low,Active,10,0,State Notice 2024-1564,Q1 2024,No
EVT-01565,2024-02-25,Annual examination schedule published,Guidance,Safety & Soundness,MO DOF,JUR-025,2024-03-24,9999-12-31,Low,Active,8,1,State Notice 2024-1565,Q1 2024,No
EVT-00141,2024-02-26,North Carolina OCOB issued guidance on non-QM loan disclosures,Interpretation,State Licensing,NC OFR,JUR-033,2024-03-16,9999-12-31,Critical,Active,3,4,State Notice 2024-0141,Q1 2024,No
EVT-01200,2024-02-26,New Jersey: Amended surety bond requirements for mortgage brokers,Amendment,State Licensing,NJ DBI,JUR-030,2024-03-26,9999-12-31,Medium,Active,2,0,State Notice 2024-1200,Q1 2024,No
EVT-01048,2024-02-27,Kansas: Amended surety bond requirements for mortgage brokers,Amendment,State Licensing,KS OSBC,JUR-016,2024-05-16,2026-04-22,Medium,Pending,4,0,State Notice 2024-1048,Q1 2024,No
EVT-01566,2024-02-28,Regulatory sandbox application period opened,Guidance,Consumer Protection,FRB,JUR-056,2024-04-07,2024-12-04,Low,Pending,2,0,FR Doc. 2024-89905,Q1 2024,No
EVT-00142,2024-02-29,New York DFS cybersecurity requirements extended to mortgage servicers,No-Action Letter,Servicing,NY DFS,JUR-032,2024-04-28,2026-04-15,High,Superseded,14,2,State Notice 2024-0142,Q1 2024,No
EVT-01277,2024-02-29,Oregon: Updated state anti-predatory lending statute thresholds,Amendment,Predatory Lending,OR DFR,JUR-037,2024-03-27,9999-12-31,High,Active,2,2,State Notice 2024-1277,Q1 2024,Yes
EVT-00553,2024-03-01,Iowa Fair Lending Examination Guidance,Guidance,State-IA,IA DOB,JUR-015,2024-05-20,9999-12-31,High,Active,22,0,State Notice 2024-0553,Q1 2024,No
EVT-00916,2024-03-01,Arkansas: Issued guidance on state fair lending examination priorities,Guidance,Fair Lending,AR SRD,JUR-004,2024-04-15,9999-12-31,High,Active,4,1,State Notice 2024-0916,Q1 2024,Yes
EVT-00143,2024-03-02,QM rule safe harbor points and fees thresholds adjusted for inflation,Guidance,QM,CFPB,JUR-052,2024-03-28,9999-12-31,Medium,Active,4,2,FR Doc. 2024-19080,Q1 2024,No
EVT-01567,2024-03-03,Flood insurance escrow compliance review initiated,Guidance,Flood Insurance,KY DFI,JUR-017,2024-04-14,9999-12-31,Low,Active,2,0,State Notice 2024-1567,Q1 2024,No
EVT-01568,2024-03-04,Predatory lending database quarterly update,Reporting,Predatory Lending,CA DFPI,JUR-005,2024-03-04,9999-12-31,Medium,Active,7,1,State Notice 2024-1568,Q1 2024,No
EVT-00144,2024-03-05,California DFPI issued guidance on AI-assisted underwriting,Final Rule,State Licensing,CA DFPI,JUR-005,2024-05-04,2025-03-07,Medium,Superseded,5,3,State Notice 2024-0144,Q1 2024,No
EVT-00917,2024-03-05,Arkansas: Proposed rule on state foreclosure prevention mediation,Proposed Rule,Foreclosure Prevention,AR SRD,JUR-004,2024-04-27,9999-12-31,High,Active,4,2,State Notice 2024-0917,Q1 2024,No
EVT-01569,2024-03-06,Enforcement consent order issued,Enforcement Action,Consumer Protection,ME BFI,JUR-019,2024-03-20,9999-12-31,High,Active,5,1,State Notice 2024-1569,Q1 2024,No
EVT-01405,2024-03-07,Wisconsin: Amended surety bond requirements for mortgage brokers,Amendment,State Licensing,WI DFI,JUR-049,2024-04-07,9999-12-31,Medium,Active,5,1,State Notice 2024-1405,Q1 2024,No
EVT-00145,2024-03-08,Fannie Mae desktop appraisal eligibility expanded nationwide,No-Action Letter,GSE,Fannie Mae,JUR-057,2024-05-25,9999-12-31,High,Active,10,0,State Notice 2024-0145,Q1 2024,Yes
EVT-01570,2024-03-09,Regulatory sandbox application period opened,Guidance,Consumer Protection,CA DFPI,JUR-005,2024-04-21,9999-12-31,Low,Active,4,1,State Notice 2024-1570,Q1 2024,No
EVT-00533,2024-03-10,Illinois Foreclosure Procedure Update,Amendment,State-IL,IL DFI,JUR-013,2024-04-24,9999-12-31,Critical,Active,11,2,State Notice 2024-0533,Q1 2024,No
EVT-01253,2024-03-11,Ohio: Amended surety bond requirements for mortgage brokers,Amendment,State Licensing,OH DFI,JUR-035,2024-04-25,9999-12-31,Medium,Active,3,1,State Notice 2024-1253,Q1 2024,No
EVT-00146,2024-03-12,OCC model risk management supervisory expectations updated,Guidance,Safety & Soundness,OCC,JUR-053,2024-05-18,9999-12-31,Critical,Active,21,2,State Notice 2024-0146,Q1 2024,No
EVT-01571,2024-03-13,Proposed rule comment period opened,Proposed Rule,State Licensing,IL DFI,JUR-013,2024-03-20,9999-12-31,Medium,Active,9,0,State Notice 2024-1571,Q1 2024,No
EVT-00147,2024-03-14,North Carolina OCOB issued guidance on non-QM loan disclosures,New Rule,State Licensing,NC OFR,JUR-033,2024-06-05,2025-01-10,High,Superseded,17,4,State Notice 2024-0147,Q1 2024,Yes
EVT-00790,2024-03-14,Utah Predatory Lending Enforcement Action,Enforcement Action,State-UT,UT DRE,JUR-044,2024-04-08,2025-07-09,Critical,Pending,18,2,State Notice 2024-0790,Q1 2024,No
EVT-00733,2024-03-15,Oregon Fair Lending Examination Guidance,Guidance,State-OR,OR DFR,JUR-037,2024-06-01,2026-04-14,Medium,Superseded,7,0,State Notice 2024-0733,Q1 2024,No
EVT-00856,2024-03-15,USDA updated rural area designations for guaranteed loans,Amendment,Government Lending,USDA,JUR-059,2024-03-21,9999-12-31,Medium,Active,21,2,FR Doc. 2024-57486,Q1 2024,No
EVT-01572,2024-03-16,Escrow account auditing standards reminder issued,Guidance,Escrow,LA OFI,JUR-018,2024-05-07,9999-12-31,Low,Active,3,0,State Notice 2024-1572,Q1 2024,No
EVT-00654,2024-03-17,Nebraska Predatory Lending Enforcement Action,Enforcement Action,State-NE,NE DBF,JUR-027,2024-05-21,9999-12-31,High,Active,14,0,State Notice 2024-0654,Q1 2024,Yes
EVT-00148,2024-03-18,CFPB published circular on digital mortgage advertising disclosures,New Rule,UDAAP,CFPB,JUR-052,2024-06-08,2025-05-18,High,Pending,22,3,FR Doc. 2024-19824,Q1 2024,Yes
EVT-00945,2024-03-18,Connecticut: Amended surety bond requirements for mortgage brokers,Amendment,State Licensing,CT DOB,JUR-007,2024-05-27,9999-12-31,Medium,Active,4,0,State Notice 2024-0945,Q1 2024,No
EVT-01265,2024-03-19,Oklahoma: Proposed rule on state foreclosure prevention mediation,Proposed Rule,Foreclosure Prevention,OK Banking,JUR-036,2024-04-06,9999-12-31,High,Active,1,2,State Notice 2024-1265,Q1 2024,No
EVT-00149,2024-03-20,RESPA Section 8 interpretation clarified for AfBA arrangements,Interpretation,RESPA,CFPB,JUR-052,2024-04-07,2025-07-05,High,Superseded,5,3,FR Doc. 2024-82849,Q1 2024,No
EVT-00926,2024-03-21,California: Amended surety bond requirements for mortgage brokers,Amendment,State Licensing,CA DFPI,JUR-005,2024-05-14,9999-12-31,Medium,Active,4,2,State Notice 2024-0926,Q1 2024,No
EVT-00918,2024-03-22,Arkansas: Final rule on state escrow account auditing requirements,Final Rule,Escrow,AR SRD,JUR-004,2024-04-25,2024-11-30,Medium,Pending,4,2,State Notice 2024-0918,Q1 2024,No
EVT-01384,2024-03-22,Washington: Published examination procedures for state mortgage companies,Guidance,Safety & Soundness,WA DFI,JUR-047,2024-03-28,9999-12-31,Low,Active,1,2,State Notice 2024-1384,Q1 2024,No
EVT-01573,2024-03-23,Regulatory compliance monitoring report submitted to agency,Reporting,State Licensing,HI DFI,JUR-011,2024-05-12,9999-12-31,Low,Active,5,1,State Notice 2024-1573,Q1 2024,No
EVT-01574,2024-03-24,Regulatory sandbox application period opened,Guidance,Consumer Protection,DE OSB,JUR-008,2024-04-22,9999-12-31,Low,Active,5,1,State Notice 2024-1574,Q1 2024,No
EVT-00150,2024-03-25,New York DFS cybersecurity requirements extended to mortgage servicers,Final Rule,Servicing,NY DFS,JUR-032,2024-04-21,9999-12-31,Critical,Active,16,2,State Notice 2024-0150,Q1 2024,No
EVT-00151,2024-03-26,FHA MIP annual premium restructure for first-time homebuyers,Proposed Rule,FHA,HUD,JUR-054,2024-04-05,9999-12-31,Critical,Active,12,1,State Notice 2024-0151,Q1 2024,No
EVT-01083,2024-03-26,Maine: Amended surety bond requirements for mortgage brokers,Amendment,State Licensing,ME BFI,JUR-019,2024-05-26,9999-12-31,Medium,Active,5,1,State Notice 2024-1083,Q1 2024,Yes
EVT-01575,2024-03-27,Flood insurance escrow compliance review initiated,Guidance,Flood Insurance,NY DFS,JUR-032,2024-04-01,9999-12-31,Low,Active,10,0,State Notice 2024-1575,Q1 2024,No
EVT-01576,2024-03-28,Foreclosure mediation program quarterly report,Reporting,Foreclosure Prevention,FRB,JUR-056,2024-04-02,9999-12-31,Medium,Active,10,0,FR Doc. 2024-40005,Q1 2024,No
EVT-00152,2024-03-29,Fannie Mae desktop appraisal eligibility expanded nationwide,New Rule,GSE,Fannie Mae,JUR-057,2024-05-04,2025-06-13,High,Superseded,16,3,State Notice 2024-0152,Q1 2024,Yes
EVT-01577,2024-03-30,AMC registration renewal period opened,Guidance,Appraisal,OR DFR,JUR-037,2024-04-01,9999-12-31,Low,Active,3,1,State Notice 2024-1577,Q1 2024,No
EVT-01578,2024-03-31,Annual examination schedule published,Guidance,Safety & Soundness,TN DFI,JUR-042,2024-04-28,9999-12-31,Low,Active,5,0,State Notice 2024-1578,Q1 2024,No
EVT-01036,2024-04-01,Iowa: Amended surety bond requirements for mortgage brokers,Amendment,State Licensing,IA DOB,JUR-015,2024-06-02,9999-12-31,Medium,Active,2,1,State Notice 2024-1036,Q2 2024,No
EVT-00153,2024-04-02,New York DFS cybersecurity requirements extended to mortgage servicers,Final Rule,Servicing,NY DFS,JUR-032,2024-06-10,9999-12-31,High,Active,13,5,State Notice 2024-0153,Q2 2024,Yes
EVT-01579,2024-04-03,Regulatory sandbox application period opened,Guidance,Consumer Protection,NY DFS,JUR-032,2024-05-03,9999-12-31,Low,Active,6,1,State Notice 2024-1579,Q2 2024,No
EVT-01186,2024-04-04,New Hampshire: Amended surety bond requirements for mortgage brokers,Amendment,State Licensing,NH Banking,JUR-029,2024-06-01,9999-12-31,Medium,Active,1,1,State Notice 2024-1186,Q2 2024,Yes
EVT-01580,2024-04-05,Mortgage fraud referral submitted to state AG,Enforcement Action,Financial Crime,CT DOB,JUR-007,2024-04-26,9999-12-31,High,Active,7,1,State Notice 2024-1580,Q2 2024,Yes
EVT-00154,2024-04-06,Fannie Mae desktop appraisal eligibility expanded nationwide,Guidance,GSE,Fannie Mae,JUR-057,2024-06-23,9999-12-31,Medium,Active,14,5,State Notice 2024-0154,Q2 2024,No
EVT-01581,2024-04-07,AMC registration renewal period opened,Guidance,Appraisal,TX DBO,JUR-043,2024-06-06,9999-12-31,Low,Active,7,0,State Notice 2024-1581,Q2 2024,No
EVT-00155,2024-04-08,FHA MIP annual premium restructure for first-time homebuyers,Guidance,FHA,HUD,JUR-054,2024-06-20,2025-11-22,High,Pending,15,1,State Notice 2024-0155,Q2 2024,Yes
EVT-01317,2024-04-09,South Dakota: Updated state anti-predatory lending statute thresholds,Amendment,Predatory Lending,SD DOB,JUR-041,2024-06-09,9999-12-31,High,Active,1,2,State Notice 2024-1317,Q2 2024,Yes
EVT-00591,2024-04-10,Maine New Mortgage Disclosure Requirement,New Rule,State-ME,ME BFI,JUR-019,2024-04-21,9999-12-31,Medium,Active,25,0,State Notice 2024-0591,Q2 2024,No
EVT-00482,2024-04-11,Connecticut Predatory Lending Enforcement Action,Enforcement Action,State-CT,CT DOB,JUR-007,2024-05-09,2025-05-21,High,Superseded,13,2,State Notice 2024-0482,Q2 2024,Yes
EVT-01005,2024-04-11,Idaho: Amended surety bond requirements for mortgage brokers,Amendment,State Licensing,ID DOF,JUR-012,2024-05-04,9999-12-31,Medium,Active,2,1,State Notice 2024-1005,Q2 2024,No
EVT-00156,2024-04-12,FDIC updated appraisal independence requirements under 12 CFR 323,New Rule,Appraisal,FDIC,JUR-055,2024-05-05,2024-12-05,Medium,Superseded,6,2,State Notice 2024-0156,Q2 2024,No
EVT-01582,2024-04-13,Regulatory sandbox application period opened,Guidance,Consumer Protection,CO DRE,JUR-006,2024-05-03,9999-12-31,Low,Active,5,1,State Notice 2024-1582,Q2 2024,No
EVT-00157,2024-04-14,Ohio DFI updated QM points and fees exemption thresholds,Guidance,QM,OH DFI,JUR-035,2024-06-24,2025-08-10,High,Superseded,15,0,State Notice 2024-0157,Q2 2024,No
EVT-01583,2024-04-15,Mortgage examination findings letter issued,Enforcement Action,Safety & Soundness,VA,JUR-058,2024-06-06,2024-12-04,Medium,Pending,9,1,FR Doc. 2024-96200,Q2 2024,No
EVT-00158,2024-04-16,Georgia DBF updated mortgage lender examination procedures,Interpretation,Safety & Soundness,GA DBF,JUR-010,2024-05-09,2026-02-23,High,Superseded,7,5,State Notice 2024-0158,Q2 2024,Yes
EVT-01584,2024-04-17,Foreclosure mediation program quarterly report,Reporting,Foreclosure Prevention,ND DFI,JUR-034,2024-05-26,9999-12-31,Medium,Active,8,1,State Notice 2024-1584,Q2 2024,Yes
EVT-01112,2024-04-18,Michigan: Published examination procedures for state mortgage companies,Guidance,Safety & Soundness,MI DIFS,JUR-022,2024-06-24,2025-02-05,Low,Pending,5,2,State Notice 2024-1112,Q2 2024,No
EVT-01212,2024-04-18,New Mexico: Issued guidance on state fair lending examination priorities,Guidance,Fair Lending,NM FID,JUR-031,2024-06-20,9999-12-31,High,Active,2,0,State Notice 2024-1212,Q2 2024,Yes
EVT-00556,2024-04-19,Iowa MLO Continuing Education Update,Guidance,State-IA,IA DOB,JUR-015,2024-05-25,9999-12-31,Low,Active,23,3,State Notice 2024-0556,Q2 2024,No
EVT-00935,2024-04-19,Colorado: Published examination procedures for state mortgage companies,Guidance,Safety & Soundness,CO DRE,JUR-006,2024-06-09,9999-12-31,Low,Active,3,1,State Notice 2024-0935,Q2 2024,No
EVT-01049,2024-04-19,Kansas: Updated state anti-predatory lending statute thresholds,Amendment,Predatory Lending,KS OSBC,JUR-016,2024-06-30,9999-12-31,High,Active,1,2,State Notice 2024-1049,Q2 2024,No
EVT-00159,2024-04-20,Georgia DBF updated mortgage lender examination procedures,No-Action Letter,Safety & Soundness,GA DBF,JUR-010,2024-05-19,9999-12-31,Low,Active,9,0,State Notice 2024-0159,Q2 2024,No
EVT-01585,2024-04-21,Regulatory compliance monitoring report submitted to agency,Reporting,State Licensing,IN DFI,JUR-014,2024-05-08,9999-12-31,Low,Active,9,0,State Notice 2024-1585,Q2 2024,No
EVT-00160,2024-04-22,TILA APR calculation methodology updated for SOFR-indexed ARMs,Interpretation,TILA,CFPB,JUR-052,2024-06-14,9999-12-31,Low,Active,9,1,FR Doc. 2024-98456,Q2 2024,No
EVT-00625,2024-04-22,Mississippi Mortgage Lending Law Amendment,Amendment,State-MS,MS DBCF,JUR-024,2024-06-03,9999-12-31,Critical,Active,20,0,State Notice 2024-0625,Q2 2024,No
EVT-00894,2024-04-22,Alaska: Published examination procedures for state mortgage companies,Guidance,Safety & Soundness,AK DBS,JUR-002,2024-06-21,9999-12-31,Low,Active,3,2,State Notice 2024-0894,Q2 2024,No
EVT-00983,2024-04-22,Georgia: Updated state anti-predatory lending statute thresholds,Amendment,Predatory Lending,GA DBF,JUR-010,2024-04-23,9999-12-31,High,Active,2,0,State Notice 2024-0983,Q2 2024,Yes
EVT-01058,2024-04-22,Kentucky: Published examination procedures for state mortgage companies,Guidance,Safety & Soundness,KY DFI,JUR-017,2024-07-13,9999-12-31,Low,Active,5,2,State Notice 2024-1058,Q2 2024,No
EVT-01335,2024-04-23,Texas: Issued guidance on state-specific mortgage disclosure timing,Guidance,Disclosure,TX DBO,JUR-043,2024-06-25,9999-12-31,Medium,Active,4,1,State Notice 2024-1335,Q2 2024,No
EVT-01406,2024-04-23,Wisconsin: Updated state anti-predatory lending statute thresholds,Amendment,Predatory Lending,WI DFI,JUR-049,2024-07-09,2026-04-29,High,Pending,4,0,State Notice 2024-1406,Q2 2024,No
EVT-01586,2024-04-24,AMC registration renewal period opened,Guidance,Appraisal,VT DFR,JUR-045,2024-05-01,9999-12-31,Low,Active,1,0,State Notice 2024-1586,Q2 2024,No
EVT-00161,2024-04-25,Illinois predatory lending counseling database reporting activated,Guidance,Predatory Lending,IL DFI,JUR-013,2024-06-03,2026-03-14,Medium,Pending,8,4,State Notice 2024-0161,Q2 2024,No
EVT-01136,2024-04-25,Mississippi: Final rule on state escrow account auditing requirements,Final Rule,Escrow,MS DBCF,JUR-024,2024-07-10,9999-12-31,Medium,Active,2,2,State Notice 2024-1136,Q2 2024,Yes
EVT-00460,2024-04-26,California High-Cost Loan Threshold Update,Amendment,State-CA,CA DFPI,JUR-005,2024-06-16,2025-08-22,High,Pending,19,0,State Notice 2024-0460,Q2 2024,No
EVT-01587,2024-04-27,Escrow account auditing standards reminder issued,Guidance,Escrow,MD OFR,JUR-020,2024-06-01,9999-12-31,Low,Active,1,1,State Notice 2024-1587,Q2 2024,No
EVT-00668,2024-04-28,New Hampshire Escrow Account Audit Requirements,Guidance,State-NH,NH BD,JUR-029,2024-05-11,9999-12-31,High,Active,7,1,State Notice 2024-0668,Q2 2024,Yes
EVT-00808,2024-04-28,Washington Annual MLO License Renewal Announcement,Guidance,State-WA,WA DFI,JUR-047,2024-05-05,9999-12-31,Low,Active,15,2,State Notice 2024-0808,Q2 2024,No
EVT-01006,2024-04-29,Idaho: Updated state anti-predatory lending statute thresholds,Amendment,Predatory Lending,ID DOF,JUR-012,2024-05-21,9999-12-31,High,Active,3,1,State Notice 2024-1006,Q2 2024,Yes
EVT-00162,2024-04-30,Florida OFR updated mortgage broker continuing education requirements,No-Action Letter,State Licensing,FL OFR,JUR-009,2024-06-01,9999-12-31,Medium,Active,5,3,State Notice 2024-0162,Q2 2024,No
EVT-01588,2024-05-01,Consumer complaint resolution procedures updated,Amendment,Consumer Protection,DE OSB,JUR-008,2024-06-30,9999-12-31,Medium,Active,2,0,State Notice 2024-1588,Q2 2024,No
EVT-00163,2024-05-02,CFPB published circular on digital mortgage advertising disclosures,Guidance,UDAAP,CFPB,JUR-052,2024-06-02,9999-12-31,Medium,Active,20,5,FR Doc. 2024-13987,Q2 2024,No
EVT-00521,2024-05-03,Idaho Annual MLO License Renewal Announcement,Guidance,State-ID,ID DOF,JUR-012,2024-05-19,2025-03-12,Medium,Superseded,19,1,State Notice 2024-0521,Q2 2024,No
EVT-00704,2024-05-03,North Dakota Annual MLO License Renewal Announcement,Guidance,State-ND,ND DFI,JUR-034,2024-06-25,2026-04-04,Low,Pending,3,0,State Notice 2024-0704,Q2 2024,No
EVT-01589,2024-05-04,Regulatory sandbox application period opened,Guidance,Consumer Protection,VA BFI,JUR-046,2024-05-22,9999-12-31,Low,Active,9,1,State Notice 2024-1589,Q2 2024,No
EVT-01590,2024-05-05,NMLS call report quarterly submission reminder,Guidance,Reporting,NM FID,JUR-031,2024-06-04,9999-12-31,Low,Active,4,1,State Notice 2024-1590,Q2 2024,No
EVT-00164,2024-05-06,Illinois predatory lending counseling database reporting activated,Amendment,Predatory Lending,IL DFI,JUR-013,2024-07-23,9999-12-31,Low,Active,8,1,State Notice 2024-0164,Q2 2024,No
EVT-00707,2024-05-07,North Dakota Foreclosure Procedure Update,Amendment,State-ND,ND DFI,JUR-034,2024-07-19,9999-12-31,Medium,Active,22,0,State Notice 2024-0707,Q2 2024,No
EVT-00927,2024-05-07,California: Updated state anti-predatory lending statute thresholds,Amendment,Predatory Lending,CA DFPI,JUR-005,2024-06-24,9999-12-31,High,Active,5,2,State Notice 2024-0927,Q2 2024,Yes
EVT-01302,2024-05-07,South Carolina: Published examination procedures for state mortgage companies,Guidance,Safety & Soundness,SC BFI,JUR-040,2024-07-15,9999-12-31,Low,Active,5,2,State Notice 2024-1302,Q2 2024,No
EVT-00439,2024-05-08,Alaska MLO Continuing Education Update,Guidance,State-AK,AK DBS,JUR-002,2024-07-19,9999-12-31,High,Active,24,3,State Notice 2024-0439,Q2 2024,Yes
EVT-00762,2024-05-08,South Dakota High-Cost Loan Threshold Update,Amendment,State-SD,SD DOB,JUR-041,2024-06-04,9999-12-31,Medium,Active,2,0,State Notice 2024-0762,Q2 2024,No
EVT-00971,2024-05-08,Florida: Issued guidance on state fair lending examination priorities,Guidance,Fair Lending,FL OFR,JUR-009,2024-05-21,9999-12-31,High,Active,5,0,State Notice 2024-0971,Q2 2024,Yes
EVT-00165,2024-05-09,QM rule safe harbor points and fees thresholds adjusted for inflation,Interpretation,QM,CFPB,JUR-052,2024-07-05,9999-12-31,Medium,Active,9,3,FR Doc. 2024-37784,Q2 2024,No
EVT-01591,2024-05-10,Community Reinvestment Act assessment area update,Amendment,CRA,IL DFI,JUR-013,2024-06-11,2025-04-26,Medium,Pending,2,1,State Notice 2024-1591,Q2 2024,No
EVT-01592,2024-05-11,NMLS call report quarterly submission reminder,Guidance,Reporting,MI DIFS,JUR-022,2024-07-09,9999-12-31,Low,Active,9,1,State Notice 2024-1592,Q2 2024,No
EVT-00166,2024-05-12,HMDA 2024 data collection thresholds revised — open-end credit lines,Final Rule,HMDA,CFPB,JUR-052,2024-06-20,2025-10-07,Medium,Superseded,12,0,FR Doc. 2024-98817,Q2 2024,No
EVT-01593,2024-05-13,Regulatory compliance monitoring report submitted to agency,Reporting,State Licensing,MD OFR,JUR-020,2024-06-19,2026-05-01,Low,Pending,3,1,State Notice 2024-1593,Q2 2024,No
EVT-00577,2024-05-14,Louisiana High-Cost Loan Threshold Update,Amendment,State-LA,LA OFI,JUR-018,2024-07-11,9999-12-31,Medium,Active,13,1,State Notice 2024-0577,Q2 2024,No
EVT-01336,2024-05-14,Texas: Published examination procedures for state mortgage companies,Guidance,Safety & Soundness,TX DBO,JUR-043,2024-07-29,9999-12-31,Low,Active,3,1,State Notice 2024-1336,Q2 2024,No
EVT-00167,2024-05-15,North Carolina OCOB issued guidance on non-QM loan disclosures,Enforcement Action,State Licensing,NC OFR,JUR-033,2024-07-20,9999-12-31,Medium,Active,19,5,State Notice 2024-0167,Q2 2024,Yes
EVT-01059,2024-05-15,Kentucky: Amended surety bond requirements for mortgage brokers,Amendment,State Licensing,KY DFI,JUR-017,2024-06-26,9999-12-31,Medium,Active,1,1,State Notice 2024-1059,Q2 2024,No
EVT-00831,2024-05-16,Wisconsin New Mortgage Disclosure Requirement,New Rule,State-WI,WI DFI,JUR-049,2024-05-21,9999-12-31,Medium,Active,8,1,State Notice 2024-0831,Q2 2024,No
EVT-01007,2024-05-16,Idaho: Issued guidance on state fair lending examination priorities,Guidance,Fair Lending,ID DOF,JUR-012,2024-05-18,9999-12-31,High,Active,4,1,State Notice 2024-1007,Q2 2024,No
EVT-00904,2024-05-17,Arizona: Amended surety bond requirements for mortgage brokers,Amendment,State Licensing,AZ DFI,JUR-003,2024-06-18,9999-12-31,Medium,Active,1,2,State Notice 2024-0904,Q2 2024,No
EVT-00928,2024-05-17,California: Issued guidance on state fair lending examination priorities,Guidance,Fair Lending,CA DFPI,JUR-005,2024-05-26,2026-02-14,High,Pending,5,0,State Notice 2024-0928,Q2 2024,Yes
EVT-00168,2024-05-18,CFPB enforcement action: servicer fined $28M for escrow violations,Guidance,Servicing,CFPB,JUR-052,2024-07-31,2025-10-14,Medium,Pending,15,4,FR Doc. 2024-75236,Q2 2024,No
EVT-01594,2024-05-19,Annual examination schedule published,Guidance,Safety & Soundness,NM FID,JUR-031,2024-06-10,9999-12-31,Low,Active,6,1,State Notice 2024-1594,Q2 2024,No
EVT-00169,2024-05-20,Fannie Mae desktop appraisal eligibility expanded nationwide,Amendment,GSE,Fannie Mae,JUR-057,2024-08-12,9999-12-31,High,Active,4,3,State Notice 2024-0169,Q2 2024,Yes
EVT-00428,2024-05-20,Alabama Predatory Lending Enforcement Action,Enforcement Action,State-AL,AL SBD,JUR-001,2024-07-30,9999-12-31,Medium,Active,24,3,State Notice 2024-0428,Q2 2024,No
EVT-01595,2024-05-21,High-cost mortgage threshold annual adjustment,Amendment,High-Cost Mortgage,FDIC,JUR-055,2024-06-05,2025-12-29,High,Pending,7,0,FR Doc. 2024-40613,Q2 2024,Yes
EVT-00170,2024-05-22,HMDA 2024 data collection thresholds revised — open-end credit lines,Enforcement Action,HMDA,CFPB,JUR-052,2024-06-28,2025-11-28,High,Superseded,1,2,FR Doc. 2024-78003,Q2 2024,No
EVT-00759,2024-05-23,South Carolina New Mortgage Disclosure Requirement,New Rule,State-SC,SC BFI,JUR-040,2024-06-12,9999-12-31,Critical,Active,19,2,State Notice 2024-0759,Q2 2024,No
EVT-01122,2024-05-24,Minnesota: Amended surety bond requirements for mortgage brokers,Amendment,State Licensing,MN DOC,JUR-023,2024-07-27,9999-12-31,Medium,Active,5,1,State Notice 2024-1122,Q2 2024,No
EVT-01350,2024-05-24,Utah: Published examination procedures for state mortgage companies,Guidance,Safety & Soundness,UT DRE,JUR-044,2024-06-05,9999-12-31,Low,Active,4,1,State Notice 2024-1350,Q2 2024,No
EVT-00171,2024-05-25,TILA APR calculation methodology updated for SOFR-indexed ARMs,Proposed Rule,TILA,CFPB,JUR-052,2024-05-30,9999-12-31,Medium,Active,23,3,FR Doc. 2024-90320,Q2 2024,No
EVT-00477,2024-05-26,Connecticut Mortgage Lending Law Amendment,Amendment,State-CT,CT DOB,JUR-007,2024-08-19,9999-12-31,High,Active,25,3,State Notice 2024-0477,Q2 2024,Yes
EVT-00731,2024-05-26,Oregon Foreclosure Procedure Update,Amendment,State-OR,OR DFR,JUR-037,2024-06-09,2025-06-14,High,Superseded,16,3,State Notice 2024-0731,Q2 2024,Yes
EVT-00998,2024-05-27,Hawaii: Proposed rule on state foreclosure prevention mediation,Proposed Rule,Foreclosure Prevention,HI DFI,JUR-011,2024-08-08,9999-12-31,High,Active,5,2,State Notice 2024-0998,Q2 2024,Yes
EVT-01366,2024-05-27,Vermont: Updated state anti-predatory lending statute thresholds,Amendment,Predatory Lending,VT DFR,JUR-045,2024-08-14,9999-12-31,High,Active,2,0,State Notice 2024-1366,Q2 2024,No
EVT-00604,2024-05-28,Massachusetts Escrow Account Audit Requirements,Guidance,State-MA,MA DOB,JUR-021,2024-08-22,2025-07-08,Critical,Superseded,21,0,State Notice 2024-0604,Q2 2024,No
EVT-00172,2024-05-29,Florida OFR updated mortgage broker continuing education requirements,Interpretation,State Licensing,FL OFR,JUR-009,2024-08-12,2025-12-26,High,Pending,11,5,State Notice 2024-0172,Q2 2024,Yes
EVT-00471,2024-05-29,Colorado Escrow Account Audit Requirements,Guidance,State-CO,CO DRE,JUR-006,2024-06-04,2026-02-07,High,Superseded,9,0,State Notice 2024-0471,Q2 2024,No
EVT-00860,2024-05-30,CFPB proposed rule on mortgage closing costs,Proposed Rule,RESPA,CFPB,JUR-052,2024-07-21,9999-12-31,High,Active,10,2,FR Doc. 2024-44164,Q2 2024,No
EVT-01266,2024-05-31,Oklahoma: Final rule on state escrow account auditing requirements,Final Rule,Escrow,OK Banking,JUR-036,2024-06-18,9999-12-31,Medium,Active,2,0,State Notice 2024-1266,Q2 2024,Yes
EVT-01596,2024-06-01,Annual privacy notice distribution deadline reminder,Guidance,Privacy,WV DOB,JUR-048,2024-07-01,9999-12-31,Low,Active,7,1,State Notice 2024-1596,Q2 2024,No
EVT-00173,2024-06-02,OCC model risk management supervisory expectations updated,Amendment,Safety & Soundness,OCC,JUR-053,2024-08-09,9999-12-31,Low,Active,25,0,State Notice 2024-0173,Q2 2024,No
EVT-00716,2024-06-02,Ohio Escrow Account Audit Requirements,Guidance,State-OH,OH DFI,JUR-035,2024-06-06,2025-06-16,Critical,Superseded,10,2,State Notice 2024-0716,Q2 2024,No
EVT-01597,2024-06-03,Final rule effective date confirmed,Final Rule,Disclosure,HUD,JUR-054,2024-06-05,9999-12-31,High,Active,9,1,FR Doc. 2024-26547,Q2 2024,Yes
EVT-00174,2024-06-04,QM rule safe harbor points and fees thresholds adjusted for inflation,Guidance,QM,CFPB,JUR-052,2024-07-13,9999-12-31,Low,Active,5,1,FR Doc. 2024-21931,Q2 2024,No
EVT-01178,2024-06-04,Nevada: Updated state anti-predatory lending statute thresholds,Amendment,Predatory Lending,NV DML,JUR-028,2024-08-10,9999-12-31,High,Active,4,1,State Notice 2024-1178,Q2 2024,No
EVT-01254,2024-06-04,Ohio: Updated state anti-predatory lending statute thresholds,Amendment,Predatory Lending,OH DFI,JUR-035,2024-08-09,9999-12-31,High,Active,3,1,State Notice 2024-1254,Q2 2024,Yes
EVT-01326,2024-06-04,Tennessee: Updated state anti-predatory lending statute thresholds,Amendment,Predatory Lending,TN DFI,JUR-042,2024-08-09,9999-12-31,High,Active,3,2,State Notice 2024-1326,Q2 2024,No
EVT-01037,2024-06-05,Iowa: Updated state anti-predatory lending statute thresholds,Amendment,Predatory Lending,IA DOB,JUR-015,2024-08-26,9999-12-31,High,Active,2,0,State Notice 2024-1037,Q2 2024,No
EVT-00175,2024-06-06,CFPB enforcement action: servicer fined $28M for escrow violations,New Rule,Servicing,CFPB,JUR-052,2024-07-24,9999-12-31,High,Active,12,1,FR Doc. 2024-51454,Q2 2024,Yes
EVT-00841,2024-06-06,District of Columbia Mortgage Lending Law Amendment,Amendment,State-DC,DC DISB,JUR-051,2024-07-02,2025-03-19,Medium,Superseded,15,2,State Notice 2024-0841,Q2 2024,No
EVT-01072,2024-06-07,Louisiana: Issued guidance on state fair lending examination priorities,Guidance,Fair Lending,LA OFI,JUR-018,2024-07-12,2026-04-08,High,Pending,4,1,State Notice 2024-1072,Q2 2024,Yes
EVT-01113,2024-06-07,Michigan: Amended surety bond requirements for mortgage brokers,Amendment,State Licensing,MI DIFS,JUR-022,2024-09-03,9999-12-31,Medium,Active,2,0,State Notice 2024-1113,Q2 2024,No
EVT-01598,2024-06-08,MLO license examination cycle initiated,Guidance,State Licensing,NH Banking,JUR-029,2024-06-14,9999-12-31,Low,Active,9,1,State Notice 2024-1598,Q2 2024,No
EVT-00176,2024-06-09,ECOA small business data collection rule effective date confirmed,Amendment,ECOA,FRB,JUR-052,2024-08-25,2026-05-24,Critical,Pending,15,4,FR Doc. 2024-97417,Q2 2024,No
EVT-01327,2024-06-10,Tennessee: Issued guidance on state fair lending examination priorities,Guidance,Fair Lending,TN DFI,JUR-042,2024-08-09,2026-02-13,High,Pending,4,2,State Notice 2024-1327,Q2 2024,No
EVT-01367,2024-06-10,Vermont: Issued guidance on state fair lending examination priorities,Guidance,Fair Lending,VT DFR,JUR-045,2024-08-21,9999-12-31,High,Active,3,1,State Notice 2024-1367,Q2 2024,Yes
EVT-01026,2024-06-11,Indiana: Issued guidance on state-specific mortgage disclosure timing,Guidance,Disclosure,IN DFI,JUR-014,2024-07-17,9999-12-31,Medium,Active,2,0,State Notice 2024-1026,Q2 2024,No
EVT-00177,2024-06-12,New York DFS cybersecurity requirements extended to mortgage servicers,Guidance,Servicing,NY DFS,JUR-032,2024-07-13,9999-12-31,High,Active,25,3,State Notice 2024-0177,Q2 2024,Yes
EVT-01599,2024-06-13,Regulatory compliance monitoring report submitted to agency,Reporting,State Licensing,VA,JUR-058,2024-06-22,2025-03-05,Low,Pending,5,1,FR Doc. 2024-71537,Q2 2024,No
EVT-00946,2024-06-14,Connecticut: Updated state anti-predatory lending statute thresholds,Amendment,Predatory Lending,CT DOB,JUR-007,2024-09-02,9999-12-31,High,Active,3,0,State Notice 2024-0946,Q2 2024,Yes
EVT-00178,2024-06-15,Fannie Mae desktop appraisal eligibility expanded nationwide,Proposed Rule,GSE,Fannie Mae,JUR-057,2024-07-19,2025-10-25,Medium,Superseded,2,3,State Notice 2024-0178,Q2 2024,Yes
EVT-01600,2024-06-16,No-action letter request received and under review,No-Action Letter,UDAAP,VT DFR,JUR-045,2024-07-11,9999-12-31,Low,Active,2,1,State Notice 2024-1600,Q2 2024,No
EVT-00957,2024-06-17,Delaware: Issued guidance on state fair lending examination priorities,Guidance,Fair Lending,DE OSB,JUR-008,2024-06-22,9999-12-31,High,Active,3,0,State Notice 2024-0957,Q2 2024,Yes
EVT-00806,2024-06-18,Virginia Predatory Lending Enforcement Action,Enforcement Action,State-VA,VA BFI,JUR-046,2024-08-06,9999-12-31,High,Active,25,2,State Notice 2024-0806,Q2 2024,No
EVT-01601,2024-06-19,Final rule effective date confirmed,Final Rule,Disclosure,VA,JUR-058,2024-07-29,9999-12-31,High,Active,9,0,FR Doc. 2024-73956,Q2 2024,Yes
EVT-00179,2024-06-20,QM rule safe harbor points and fees thresholds adjusted for inflation,New Rule,QM,CFPB,JUR-052,2024-06-24,9999-12-31,Medium,Active,1,0,FR Doc. 2024-30974,Q2 2024,No
EVT-01602,2024-06-21,Annual examination schedule published,Guidance,Safety & Soundness,SD DOB,JUR-041,2024-08-18,2025-12-05,Low,Pending,4,0,State Notice 2024-1602,Q2 2024,No
EVT-00180,2024-06-22,Florida OFR updated mortgage broker continuing education requirements,New Rule,State Licensing,FL OFR,JUR-009,2024-07-05,2025-09-15,High,Pending,11,5,State Notice 2024-0180,Q2 2024,Yes
EVT-01603,2024-06-23,NMLS call report quarterly submission reminder,Guidance,Reporting,CT DOB,JUR-007,2024-08-10,9999-12-31,Low,Active,2,1,State Notice 2024-1603,Q2 2024,No
EVT-01604,2024-06-24,Fair lending examination scheduled,Guidance,Fair Lending,AK DBS,JUR-002,2024-07-14,9999-12-31,Medium,Active,1,1,State Notice 2024-1604,Q2 2024,Yes
EVT-00611,2024-06-25,Michigan Foreclosure Procedure Update,Amendment,State-MI,MI DIFS,JUR-022,2024-09-01,9999-12-31,High,Active,12,2,State Notice 2024-0611,Q2 2024,Yes
EVT-01038,2024-06-25,Iowa: Issued guidance on state fair lending examination priorities,Guidance,Fair Lending,IA DOB,JUR-015,2024-07-23,9999-12-31,High,Active,4,1,State Notice 2024-1038,Q2 2024,No
EVT-01073,2024-06-25,Louisiana: Proposed rule on state foreclosure prevention mediation,Proposed Rule,Foreclosure Prevention,LA OFI,JUR-018,2024-09-17,9999-12-31,High,Active,2,1,State Notice 2024-1073,Q2 2024,Yes
EVT-00181,2024-06-26,USDA Rural Development updated guaranteed loan income limits,Enforcement Action,Government Lending,USDA,JUR-059,2024-08-11,2025-11-03,Medium,Superseded,13,2,State Notice 2024-0181,Q2 2024,No
EVT-01060,2024-06-26,Kentucky: Updated state anti-predatory lending statute thresholds,Amendment,Predatory Lending,KY DFI,JUR-017,2024-08-04,9999-12-31,High,Active,4,1,State Notice 2024-1060,Q2 2024,No
EVT-00182,2024-06-27,FHA MIP annual premium restructure for first-time homebuyers,No-Action Letter,FHA,HUD,JUR-054,2024-09-21,9999-12-31,Low,Active,14,4,State Notice 2024-0182,Q2 2024,No
EVT-00776,2024-06-27,Texas Annual MLO License Renewal Announcement,Guidance,State-TX,TX DBO,JUR-043,2024-09-18,2025-11-05,Critical,Pending,24,0,State Notice 2024-0776,Q2 2024,No
EVT-00559,2024-06-28,Kansas High-Cost Loan Threshold Update,Amendment,State-KS,KS OSBC,JUR-016,2024-07-16,9999-12-31,High,Active,6,2,State Notice 2024-0559,Q2 2024,Yes
EVT-01231,2024-06-28,North Carolina: Issued guidance on state fair lending examination priorities,Guidance,Fair Lending,NC OCB,JUR-033,2024-08-01,9999-12-31,High,Active,2,2,State Notice 2024-1231,Q2 2024,No
EVT-01605,2024-06-29,Annual privacy notice distribution deadline reminder,Guidance,Privacy,MS DBCF,JUR-024,2024-07-26,9999-12-31,Low,Active,3,0,State Notice 2024-1605,Q2 2024,No
EVT-00183,2024-06-30,Illinois predatory lending counseling database reporting activated,Enforcement Action,Predatory Lending,IL DFI,JUR-013,2024-09-06,2026-01-25,Medium,Pending,17,3,State Notice 2024-0183,Q2 2024,No
EVT-00480,2024-06-30,Connecticut Escrow Account Audit Requirements,Guidance,State-CT,CT DOB,JUR-007,2024-07-20,2025-05-06,Critical,Superseded,13,0,State Notice 2024-0480,Q2 2024,No
EVT-00858,2024-07-01,OCC finalized climate risk management guidance,Final Rule,Safety & Soundness,OCC,JUR-053,2024-07-15,2025-08-13,High,Pending,17,1,FR Doc. 2024-49549,Q3 2024,Yes
EVT-00426,2024-07-02,Alabama Escrow Account Audit Requirements,Guidance,State-AL,AL SBD,JUR-001,2024-07-10,2025-11-24,High,Pending,7,3,State Notice 2024-0426,Q3 2024,Yes
EVT-01287,2024-07-02,Pennsylvania: Proposed rule on state foreclosure prevention mediation,Proposed Rule,Foreclosure Prevention,PA DBS,JUR-038,2024-07-13,9999-12-31,High,Active,5,2,State Notice 2024-1287,Q3 2024,Yes
EVT-00184,2024-07-03,Pennsylvania DBS issued flood insurance escrow guidance,New Rule,Flood Insurance,PA DBS,JUR-038,2024-09-16,9999-12-31,High,Active,16,1,State Notice 2024-0184,Q3 2024,No
EVT-01606,2024-07-04,BSA/AML examination initiated for mortgage lenders,Enforcement Action,AML/BSA,UT DRE,JUR-044,2024-07-14,9999-12-31,High,Active,3,0,State Notice 2024-1606,Q3 2024,No
EVT-00564,2024-07-05,Kansas New Mortgage Disclosure Requirement,New Rule,State-KS,KS OSBC,JUR-016,2024-09-16,9999-12-31,High,Active,16,3,State Notice 2024-0564,Q3 2024,Yes
EVT-01232,2024-07-05,North Carolina: Proposed rule on state foreclosure prevention mediation,Proposed Rule,Foreclosure Prevention,NC OCB,JUR-033,2024-09-11,9999-12-31,High,Active,4,0,State Notice 2024-1232,Q3 2024,No
EVT-00185,2024-07-06,Georgia DBF updated mortgage lender examination procedures,New Rule,Safety & Soundness,GA DBF,JUR-010,2024-10-03,9999-12-31,High,Active,5,1,State Notice 2024-0185,Q3 2024,No
EVT-01607,2024-07-07,No-action letter request received and under review,No-Action Letter,UDAAP,MO DOF,JUR-025,2024-08-15,9999-12-31,Low,Active,4,1,State Notice 2024-1607,Q3 2024,No
EVT-00540,2024-07-08,Indiana Mortgage Lending Law Amendment,Amendment,State-IN,IN DFI,JUR-014,2024-08-16,9999-12-31,Medium,Active,4,1,State Notice 2024-0540,Q3 2024,No
EVT-01351,2024-07-08,Utah: Amended surety bond requirements for mortgage brokers,Amendment,State Licensing,UT DRE,JUR-044,2024-08-05,9999-12-31,Medium,Active,1,0,State Notice 2024-1351,Q3 2024,Yes
EVT-00186,2024-07-09,California DFPI issued guidance on AI-assisted underwriting,Amendment,State Licensing,CA DFPI,JUR-005,2024-07-09,9999-12-31,Critical,Active,15,0,State Notice 2024-0186,Q3 2024,No
EVT-01179,2024-07-09,Nevada: Issued guidance on state fair lending examination priorities,Guidance,Fair Lending,NV DML,JUR-028,2024-07-11,9999-12-31,High,Active,5,2,State Notice 2024-1179,Q3 2024,Yes
EVT-01303,2024-07-10,South Carolina: Amended surety bond requirements for mortgage brokers,Amendment,State Licensing,SC BFI,JUR-040,2024-10-07,9999-12-31,Medium,Active,1,0,State Notice 2024-1303,Q3 2024,No
EVT-01385,2024-07-10,Washington: Amended surety bond requirements for mortgage brokers,Amendment,State Licensing,WA DFI,JUR-047,2024-08-05,9999-12-31,Medium,Active,2,2,State Notice 2024-1385,Q3 2024,No
EVT-00469,2024-07-11,Colorado High-Cost Loan Threshold Update,Amendment,State-CO,CO DRE,JUR-006,2024-08-16,9999-12-31,Medium,Active,23,2,State Notice 2024-0469,Q3 2024,No
EVT-01377,2024-07-11,Virginia: Updated state anti-predatory lending statute thresholds,Amendment,Predatory Lending,VA BFI,JUR-046,2024-07-29,9999-12-31,High,Active,4,2,State Notice 2024-1377,Q3 2024,Yes
EVT-00513,2024-07-12,Hawaii Mortgage Lending Law Amendment,Amendment,State-HI,HI DFI,JUR-011,2024-09-05,9999-12-31,Medium,Active,13,2,State Notice 2024-0513,Q3 2024,No
EVT-00801,2024-07-12,Virginia Mortgage Lending Law Amendment,Amendment,State-VA,VA BFI,JUR-046,2024-08-05,9999-12-31,Critical,Active,11,1,State Notice 2024-0801,Q3 2024,No
EVT-01413,2024-07-12,Wyoming: Published examination procedures for state mortgage companies,Guidance,Safety & Soundness,WY DOB,JUR-050,2024-08-13,9999-12-31,Low,Active,3,1,State Notice 2024-1413,Q3 2024,No
EVT-00187,2024-07-13,North Carolina OCOB issued guidance on non-QM loan disclosures,Interpretation,State Licensing,NC OFR,JUR-033,2024-08-22,9999-12-31,Low,Active,2,3,State Notice 2024-0187,Q3 2024,No
EVT-01608,2024-07-14,No-action letter request received and under review,No-Action Letter,UDAAP,GA DBF,JUR-010,2024-07-28,9999-12-31,Low,Active,8,1,State Notice 2024-1608,Q3 2024,No
EVT-01609,2024-07-15,High-cost mortgage threshold annual adjustment,Amendment,High-Cost Mortgage,AL SBD,JUR-001,2024-09-10,9999-12-31,High,Active,5,0,State Notice 2024-1609,Q3 2024,Yes
EVT-00602,2024-07-16,Massachusetts High-Cost Loan Threshold Update,Amendment,State-MA,MA DOB,JUR-021,2024-07-17,2025-03-04,Medium,Superseded,20,3,State Notice 2024-0602,Q3 2024,No
EVT-00724,2024-07-16,Oklahoma Escrow Account Audit Requirements,Guidance,State-OK,OK BD,JUR-036,2024-10-05,9999-12-31,Critical,Active,3,3,State Notice 2024-0724,Q3 2024,No
EVT-00947,2024-07-16,Connecticut: Issued guidance on state fair lending examination priorities,Guidance,Fair Lending,CT DOB,JUR-007,2024-07-16,9999-12-31,High,Active,2,2,State Notice 2024-0947,Q3 2024,Yes
EVT-00188,2024-07-17,Texas Department of Savings issued escrow account audit requirements,No-Action Letter,Escrow,TX DBO,JUR-043,2024-09-10,2026-08-23,Critical,Superseded,13,3,State Notice 2024-0188,Q3 2024,No
EVT-00835,2024-07-17,Wyoming Foreclosure Procedure Update,Amendment,State-WY,WY DOB,JUR-050,2024-07-24,2025-07-18,Medium,Pending,21,3,State Notice 2024-0835,Q3 2024,Yes
EVT-00189,2024-07-18,North Carolina OCOB issued guidance on non-QM loan disclosures,No-Action Letter,State Licensing,NC OFR,JUR-033,2024-10-11,9999-12-31,High,Active,20,5,State Notice 2024-0189,Q3 2024,No
EVT-01084,2024-07-18,Maine: Updated state anti-predatory lending statute thresholds,Amendment,Predatory Lending,ME BFI,JUR-019,2024-08-17,9999-12-31,High,Active,5,1,State Notice 2024-1084,Q3 2024,No
EVT-01352,2024-07-19,Utah: Updated state anti-predatory lending statute thresholds,Amendment,Predatory Lending,UT DRE,JUR-044,2024-07-28,2026-07-06,High,Pending,1,1,State Notice 2024-1352,Q3 2024,No
EVT-01610,2024-07-20,MLO license examination cycle initiated,Guidance,State Licensing,NH Banking,JUR-029,2024-09-18,9999-12-31,Low,Active,6,1,State Notice 2024-1610,Q3 2024,No
EVT-00190,2024-07-21,HUD issued mortgagee letter on HECM principal limit factor update,No-Action Letter,Reverse Mortgage,HUD,JUR-054,2024-08-28,9999-12-31,Medium,Active,14,3,State Notice 2024-0190,Q3 2024,No
EVT-00626,2024-07-21,Mississippi High-Cost Loan Threshold Update,Amendment,State-MS,MS DBCF,JUR-024,2024-08-08,2025-10-18,High,Pending,6,0,State Notice 2024-0626,Q3 2024,Yes
EVT-00895,2024-07-22,Alaska: Amended surety bond requirements for mortgage brokers,Amendment,State Licensing,AK DBS,JUR-002,2024-08-18,9999-12-31,Medium,Active,5,1,State Notice 2024-0895,Q3 2024,No
EVT-00518,2024-07-23,Hawaii Predatory Lending Enforcement Action,Enforcement Action,State-HI,HI DFI,JUR-011,2024-09-14,9999-12-31,Medium,Active,16,0,State Notice 2024-0518,Q3 2024,Yes
EVT-00565,2024-07-23,Kansas MLO Continuing Education Update,Guidance,State-KS,KS OSBC,JUR-016,2024-08-15,9999-12-31,Medium,Active,21,3,State Notice 2024-0565,Q3 2024,No
EVT-00483,2024-07-24,Connecticut New Mortgage Disclosure Requirement,New Rule,State-CT,CT DOB,JUR-007,2024-08-01,9999-12-31,Critical,Active,12,3,State Notice 2024-0483,Q3 2024,No
EVT-01611,2024-07-25,Proposed rule comment period opened,Proposed Rule,State Licensing,FRB,JUR-056,2024-09-17,9999-12-31,Medium,Active,4,1,FR Doc. 2024-49599,Q3 2024,No
EVT-00191,2024-07-26,RESPA Section 8 interpretation clarified for AfBA arrangements,Amendment,RESPA,CFPB,JUR-052,2024-07-29,9999-12-31,Low,Active,7,3,FR Doc. 2024-12802,Q3 2024,No
EVT-00619,2024-07-26,Minnesota Foreclosure Procedure Update,Amendment,State-MN,MN DOC,JUR-023,2024-07-30,9999-12-31,Low,Active,7,3,State Notice 2024-0619,Q3 2024,No
EVT-00919,2024-07-26,Arkansas: Issued state usury law maximum rate adjustment,Amendment,Rate Limits,AR SRD,JUR-004,2024-08-27,9999-12-31,High,Active,4,0,State Notice 2024-0919,Q3 2024,Yes
EVT-01612,2024-07-27,Regulatory sandbox application period opened,Guidance,Consumer Protection,CT DOB,JUR-007,2024-08-11,9999-12-31,Low,Active,7,1,State Notice 2024-1612,Q3 2024,No
EVT-00192,2024-07-28,FHA MIP annual premium restructure for first-time homebuyers,No-Action Letter,FHA,HUD,JUR-054,2024-08-18,9999-12-31,Medium,Active,23,0,State Notice 2024-0192,Q3 2024,No
EVT-01613,2024-07-29,Regulatory sandbox application period opened,Guidance,Consumer Protection,VT DFR,JUR-045,2024-07-30,9999-12-31,Low,Active,7,1,State Notice 2024-1613,Q3 2024,No
EVT-00763,2024-07-30,South Dakota Foreclosure Procedure Update,Amendment,State-SD,SD DOB,JUR-041,2024-10-01,2026-07-24,Medium,Superseded,10,0,State Notice 2024-0763,Q3 2024,No
EVT-01614,2024-07-31,Regulatory compliance monitoring report submitted to agency,Reporting,State Licensing,UT DRE,JUR-044,2024-08-03,2026-06-22,Low,Pending,5,0,State Notice 2024-1614,Q3 2024,No
EVT-00193,2024-08-01,HMDA 2024 data collection thresholds revised — open-end credit lines,Enforcement Action,HMDA,CFPB,JUR-052,2024-08-27,2025-11-10,High,Superseded,15,5,FR Doc. 2024-92569,Q3 2024,No
EVT-00194,2024-08-02,OCC model risk management supervisory expectations updated,Proposed Rule,Safety & Soundness,OCC,JUR-053,2024-08-07,2025-04-12,Medium,Superseded,17,1,State Notice 2024-0194,Q3 2024,No
EVT-00655,2024-08-03,Nebraska New Mortgage Disclosure Requirement,New Rule,State-NE,NE DBF,JUR-027,2024-10-28,2026-09-06,Low,Pending,17,2,State Notice 2024-0655,Q3 2024,No
EVT-01615,2024-08-04,No-action letter request received and under review,No-Action Letter,UDAAP,MN DOC,JUR-023,2024-08-18,9999-12-31,Low,Active,4,1,State Notice 2024-1615,Q3 2024,No
EVT-00195,2024-08-05,CFPB published circular on digital mortgage advertising disclosures,Final Rule,UDAAP,CFPB,JUR-052,2024-08-31,9999-12-31,Critical,Active,13,4,FR Doc. 2024-76788,Q3 2024,No
EVT-01616,2024-08-06,Final rule effective date confirmed,Final Rule,Disclosure,HUD,JUR-054,2024-08-12,2025-03-20,High,Pending,8,0,FR Doc. 2024-50492,Q3 2024,No
EVT-01091,2024-08-07,Maryland: Published examination procedures for state mortgage companies,Guidance,Safety & Soundness,MD OFR,JUR-020,2024-10-17,9999-12-31,Low,Active,2,0,State Notice 2024-1091,Q3 2024,No
EVT-01213,2024-08-07,New Mexico: Proposed rule on state foreclosure prevention mediation,Proposed Rule,Foreclosure Prevention,NM FID,JUR-031,2024-10-22,2026-05-29,High,Pending,1,1,State Notice 2024-1213,Q3 2024,No
EVT-01414,2024-08-07,Wyoming: Amended surety bond requirements for mortgage brokers,Amendment,State Licensing,WY DOB,JUR-050,2024-09-27,9999-12-31,Medium,Active,3,2,State Notice 2024-1414,Q3 2024,No
EVT-01201,2024-08-08,New Jersey: Updated state anti-predatory lending statute thresholds,Amendment,Predatory Lending,NJ DBI,JUR-030,2024-09-04,9999-12-31,High,Active,2,2,State Notice 2024-1201,Q3 2024,No
EVT-00196,2024-08-09,OCC model risk management supervisory expectations updated,No-Action Letter,Safety & Soundness,OCC,JUR-053,2024-09-16,9999-12-31,High,Active,5,3,State Notice 2024-0196,Q3 2024,No
EVT-00603,2024-08-09,Massachusetts Foreclosure Procedure Update,Amendment,State-MA,MA DOB,JUR-021,2024-09-07,9999-12-31,Medium,Active,8,1,State Notice 2024-0603,Q3 2024,No
EVT-00674,2024-08-10,New Jersey High-Cost Loan Threshold Update,Amendment,State-NJ,NJ DBI,JUR-030,2024-08-19,9999-12-31,Low,Active,20,3,State Notice 2024-0674,Q3 2024,No
EVT-01617,2024-08-11,No-action letter request received and under review,No-Action Letter,UDAAP,MS DBCF,JUR-024,2024-09-26,9999-12-31,Low,Active,3,0,State Notice 2024-1617,Q3 2024,No
EVT-00643,2024-08-12,Montana Foreclosure Procedure Update,Amendment,State-MT,MT DBFI,JUR-026,2024-10-27,9999-12-31,Medium,Active,4,1,State Notice 2024-0643,Q3 2024,No
EVT-00197,2024-08-13,FRB Regulation B amended to add sexual orientation to protected classes,Interpretation,Fair Lending,FRB,JUR-052,2024-11-07,9999-12-31,High,Active,13,3,FR Doc. 2024-70182,Q3 2024,Yes
EVT-00568,2024-08-13,Kentucky High-Cost Loan Threshold Update,Amendment,State-KY,KY DFI,JUR-017,2024-11-05,2025-06-10,Medium,Pending,15,0,State Notice 2024-0568,Q3 2024,No
EVT-00785,2024-08-14,Utah Mortgage Lending Law Amendment,Amendment,State-UT,UT DRE,JUR-044,2024-11-12,2026-09-23,High,Superseded,11,3,State Notice 2024-0785,Q3 2024,Yes
EVT-01318,2024-08-14,South Dakota: Issued guidance on state fair lending examination priorities,Guidance,Fair Lending,SD DOB,JUR-041,2024-10-11,9999-12-31,High,Active,4,1,State Notice 2024-1318,Q3 2024,No
EVT-00658,2024-08-15,Nevada High-Cost Loan Threshold Update,Amendment,State-NV,NV DML,JUR-028,2024-09-25,9999-12-31,High,Active,16,3,State Notice 2024-0658,Q3 2024,No
EVT-00198,2024-08-16,Pennsylvania DBS issued flood insurance escrow guidance,Amendment,Flood Insurance,PA DBS,JUR-038,2024-10-24,9999-12-31,Medium,Active,23,2,State Notice 2024-0198,Q3 2024,No
EVT-01618,2024-08-17,AMC registration renewal period opened,Guidance,Appraisal,MA DOB,JUR-021,2024-10-03,9999-12-31,Low,Active,7,0,State Notice 2024-1618,Q3 2024,No
EVT-00199,2024-08-18,TILA APR calculation methodology updated for SOFR-indexed ARMs,No-Action Letter,TILA,CFPB,JUR-052,2024-10-22,9999-12-31,Low,Active,18,5,FR Doc. 2024-12055,Q3 2024,No
EVT-01619,2024-08-19,State usury rate quarterly adjustment published,Amendment,Rate Limits,OH DFI,JUR-035,2024-09-21,9999-12-31,High,Active,9,1,State Notice 2024-1619,Q3 2024,Yes
EVT-01620,2024-08-20,Fair lending examination scheduled,Guidance,Fair Lending,NM FID,JUR-031,2024-10-06,9999-12-31,Medium,Active,6,0,State Notice 2024-1620,Q3 2024,No
EVT-00200,2024-08-21,USDA Rural Development updated guaranteed loan income limits,Amendment,Government Lending,USDA,JUR-059,2024-09-08,9999-12-31,High,Active,20,1,State Notice 2024-0200,Q3 2024,Yes
EVT-00896,2024-08-21,Alaska: Updated state anti-predatory lending statute thresholds,Amendment,Predatory Lending,AK DBS,JUR-002,2024-09-13,2026-03-03,High,Pending,2,1,State Notice 2024-0896,Q3 2024,No
EVT-01180,2024-08-22,Nevada: Proposed rule on state foreclosure prevention mediation,Proposed Rule,Foreclosure Prevention,NV DML,JUR-028,2024-10-12,9999-12-31,High,Active,4,2,State Notice 2024-1180,Q3 2024,Yes
EVT-01202,2024-08-22,New Jersey: Issued guidance on state fair lending examination priorities,Guidance,Fair Lending,NJ DBI,JUR-030,2024-08-24,9999-12-31,High,Active,5,0,State Notice 2024-1202,Q3 2024,Yes
EVT-01368,2024-08-22,Vermont: Proposed rule on state foreclosure prevention mediation,Proposed Rule,Foreclosure Prevention,VT DFR,JUR-045,2024-10-14,9999-12-31,High,Active,2,1,State Notice 2024-1368,Q3 2024,Yes
EVT-01621,2024-08-23,High-cost mortgage threshold annual adjustment,Amendment,High-Cost Mortgage,HUD,JUR-054,2024-10-17,9999-12-31,High,Active,7,1,FR Doc. 2024-98647,Q3 2024,No
EVT-00201,2024-08-24,USDA Rural Development updated guaranteed loan income limits,Enforcement Action,Government Lending,USDA,JUR-059,2024-10-01,9999-12-31,High,Active,3,5,State Notice 2024-0201,Q3 2024,No
EVT-01622,2024-08-25,MLO license examination cycle initiated,Guidance,State Licensing,DC DISB,JUR-051,2024-09-19,9999-12-31,Low,Active,1,1,State Notice 2024-1622,Q3 2024,No
EVT-01623,2024-08-26,Community Reinvestment Act assessment area update,Amendment,CRA,MS DBCF,JUR-024,2024-10-12,2026-01-03,Medium,Pending,10,1,State Notice 2024-1623,Q3 2024,No
EVT-00803,2024-08-27,Virginia Foreclosure Procedure Update,Amendment,State-VA,VA BFI,JUR-046,2024-11-07,9999-12-31,Low,Active,6,3,State Notice 2024-0803,Q3 2024,No
EVT-00810,2024-08-27,Washington High-Cost Loan Threshold Update,Amendment,State-WA,WA DFI,JUR-047,2024-10-13,9999-12-31,Medium,Active,8,1,State Notice 2024-0810,Q3 2024,No
EVT-00202,2024-08-28,Florida OFR updated mortgage broker continuing education requirements,Amendment,State Licensing,FL OFR,JUR-009,2024-09-01,2026-07-11,Low,Pending,24,1,State Notice 2024-0202,Q3 2024,No
EVT-00491,2024-08-28,Delaware Predatory Lending Enforcement Action,Enforcement Action,State-DE,DE OSB,JUR-008,2024-11-06,9999-12-31,High,Active,14,3,State Notice 2024-0491,Q3 2024,Yes
EVT-00722,2024-08-28,Oklahoma High-Cost Loan Threshold Update,Amendment,State-OK,OK BD,JUR-036,2024-10-06,2026-06-14,Medium,Pending,6,3,State Notice 2024-0722,Q3 2024,No
EVT-01241,2024-08-29,North Dakota: Issued guidance on state-specific mortgage disclosure timing,Guidance,Disclosure,ND DFI,JUR-034,2024-09-03,9999-12-31,Medium,Active,1,2,State Notice 2024-1241,Q3 2024,Yes
EVT-00203,2024-08-30,HUD issued mortgagee letter on HECM principal limit factor update,No-Action Letter,Reverse Mortgage,HUD,JUR-054,2024-09-26,9999-12-31,Medium,Active,2,0,State Notice 2024-0203,Q3 2024,No
EVT-00457,2024-08-30,Arkansas MLO Continuing Education Update,Guidance,State-AR,AR SRD,JUR-004,2024-09-26,2025-05-26,High,Pending,24,2,State Notice 2024-0457,Q3 2024,No
EVT-01624,2024-08-31,Annual privacy notice distribution deadline reminder,Guidance,Privacy,CT DOB,JUR-007,2024-10-13,9999-12-31,Low,Active,4,1,State Notice 2024-1624,Q3 2024,No
EVT-01625,2024-09-01,Regulatory compliance monitoring report submitted to agency,Reporting,State Licensing,SC BFI,JUR-040,2024-10-27,9999-12-31,Low,Active,9,1,State Notice 2024-1625,Q3 2024,No
EVT-00204,2024-09-02,OCC model risk management supervisory expectations updated,Final Rule,Safety & Soundness,OCC,JUR-053,2024-11-18,9999-12-31,High,Active,24,0,State Notice 2024-0204,Q3 2024,Yes
EVT-00580,2024-09-03,Louisiana Fair Lending Examination Guidance,Guidance,State-LA,LA OFI,JUR-018,2024-11-17,2026-09-29,Medium,Superseded,5,3,State Notice 2024-0580,Q3 2024,No
EVT-00799,2024-09-03,Vermont New Mortgage Disclosure Requirement,New Rule,State-VT,VT DFR,JUR-045,2024-11-14,9999-12-31,Medium,Active,11,2,State Notice 2024-0799,Q3 2024,No
EVT-01626,2024-09-04,Annual examination schedule published,Guidance,Safety & Soundness,CA DFPI,JUR-005,2024-10-26,2026-08-12,Low,Pending,5,1,State Notice 2024-1626,Q3 2024,No
EVT-00205,2024-09-05,Florida OFR updated mortgage broker continuing education requirements,Final Rule,State Licensing,FL OFR,JUR-009,2024-10-04,9999-12-31,Medium,Active,5,1,State Notice 2024-0205,Q3 2024,Yes
EVT-00838,2024-09-06,Wyoming Predatory Lending Enforcement Action,Enforcement Action,State-WY,WY DOB,JUR-050,2024-10-24,2026-08-19,High,Pending,8,1,State Notice 2024-0838,Q3 2024,Yes
EVT-00999,2024-09-06,Hawaii: Final rule on state escrow account auditing requirements,Final Rule,Escrow,HI DFI,JUR-011,2024-10-02,2025-05-17,Medium,Pending,3,2,State Notice 2024-0999,Q3 2024,No
EVT-00206,2024-09-07,CFPB enforcement action: servicer fined $28M for escrow violations,Guidance,Servicing,CFPB,JUR-052,2024-10-25,9999-12-31,Critical,Active,15,4,FR Doc. 2024-18318,Q3 2024,No
EVT-00490,2024-09-07,Delaware Fair Lending Examination Guidance,Guidance,State-DE,DE OSB,JUR-008,2024-11-10,2026-07-01,Medium,Superseded,11,3,State Notice 2024-0490,Q3 2024,No
EVT-00839,2024-09-07,Wyoming New Mortgage Disclosure Requirement,New Rule,State-WY,WY DOB,JUR-050,2024-12-06,9999-12-31,High,Active,2,3,State Notice 2024-0839,Q3 2024,No
EVT-01627,2024-09-08,MLO license examination cycle initiated,Guidance,State Licensing,FL OFR,JUR-009,2024-09-10,9999-12-31,Low,Active,1,1,State Notice 2024-1627,Q3 2024,No
EVT-00657,2024-09-09,Nevada Mortgage Lending Law Amendment,Amendment,State-NV,NV DML,JUR-028,2024-10-06,9999-12-31,Critical,Active,25,2,State Notice 2024-0657,Q3 2024,No
EVT-01628,2024-09-10,NMLS call report quarterly submission reminder,Guidance,Reporting,KS OSBC,JUR-016,2024-09-18,2026-04-18,Low,Pending,8,1,State Notice 2024-1628,Q3 2024,No
EVT-00207,2024-09-11,HUD issued mortgagee letter on HECM principal limit factor update,Final Rule,Reverse Mortgage,HUD,JUR-054,2024-10-27,9999-12-31,Low,Active,8,0,State Notice 2024-0207,Q3 2024,No
EVT-00544,2024-09-11,Indiana Fair Lending Examination Guidance,Guidance,State-IN,IN DFI,JUR-014,2024-09-12,2025-07-18,Low,Pending,9,0,State Notice 2024-0544,Q3 2024,No
EVT-01017,2024-09-11,Illinois: Updated state anti-predatory lending statute thresholds,Amendment,Predatory Lending,IL DFI,JUR-013,2024-10-24,9999-12-31,High,Active,5,0,State Notice 2024-1017,Q3 2024,No
EVT-00672,2024-09-12,New Jersey Annual MLO License Renewal Announcement,Guidance,State-NJ,NJ DBI,JUR-030,2024-10-17,9999-12-31,Medium,Active,12,0,State Notice 2024-0672,Q3 2024,No
EVT-00883,2024-09-13,Alabama: Issued guidance on state fair lending examination priorities,Guidance,Fair Lending,AL SBD,JUR-001,2024-10-16,9999-12-31,High,Active,2,0,State Notice 2024-0883,Q3 2024,No
EVT-00493,2024-09-14,Delaware MLO Continuing Education Update,Guidance,State-DE,DE OSB,JUR-008,2024-10-20,9999-12-31,High,Active,19,2,State Notice 2024-0493,Q3 2024,No
EVT-00561,2024-09-14,Kansas Escrow Account Audit Requirements,Guidance,State-KS,KS OSBC,JUR-016,2024-12-12,9999-12-31,Medium,Active,17,3,State Notice 2024-0561,Q3 2024,Yes
EVT-00745,2024-09-14,Rhode Island Mortgage Lending Law Amendment,Amendment,State-RI,RI DBR,JUR-039,2024-10-05,9999-12-31,High,Active,23,1,State Notice 2024-0745,Q3 2024,Yes
EVT-00208,2024-09-15,HMDA 2024 data collection thresholds revised — open-end credit lines,Amendment,HMDA,CFPB,JUR-052,2024-12-08,2026-03-07,Medium,Pending,25,5,FR Doc. 2024-42653,Q3 2024,Yes
EVT-01123,2024-09-16,Minnesota: Updated state anti-predatory lending statute thresholds,Amendment,Predatory Lending,MN DOC,JUR-023,2024-09-16,9999-12-31,High,Active,2,0,State Notice 2024-1123,Q3 2024,Yes
EVT-01242,2024-09-16,North Dakota: Published examination procedures for state mortgage companies,Guidance,Safety & Soundness,ND DFI,JUR-034,2024-10-26,2026-07-24,Low,Pending,2,0,State Notice 2024-1242,Q3 2024,No
EVT-00209,2024-09-17,Florida OFR updated mortgage broker continuing education requirements,Final Rule,State Licensing,FL OFR,JUR-009,2024-09-30,9999-12-31,Low,Active,13,5,State Notice 2024-0209,Q3 2024,No
EVT-00552,2024-09-17,Iowa Escrow Account Audit Requirements,Guidance,State-IA,IA DOB,JUR-015,2024-11-28,9999-12-31,Medium,Active,20,0,State Notice 2024-0552,Q3 2024,No
EVT-00861,2024-09-17,FDIC finalized brokered deposits rule,Final Rule,Safety & Soundness,FDIC,JUR-055,2024-10-06,9999-12-31,High,Active,18,2,FR Doc. 2024-20998,Q3 2024,Yes
EVT-00972,2024-09-17,Florida: Proposed rule on state foreclosure prevention mediation,Proposed Rule,Foreclosure Prevention,FL OFR,JUR-009,2024-10-12,2026-06-20,High,Pending,1,0,State Notice 2024-0972,Q3 2024,Yes
EVT-01423,2024-09-18,DC: Amended surety bond requirements for mortgage brokers,Amendment,State Licensing,DC DISB,JUR-051,2024-11-09,9999-12-31,Medium,Active,4,2,State Notice 2024-1423,Q3 2024,No
EVT-00538,2024-09-19,Illinois MLO Continuing Education Update,Guidance,State-IL,IL DFI,JUR-013,2024-12-12,9999-12-31,Medium,Active,16,2,State Notice 2024-0538,Q3 2024,No
EVT-00973,2024-09-19,Florida: Final rule on state escrow account auditing requirements,Final Rule,Escrow,FL OFR,JUR-009,2024-09-25,9999-12-31,Medium,Active,5,0,State Notice 2024-0973,Q3 2024,No
EVT-01328,2024-09-19,Tennessee: Proposed rule on state foreclosure prevention mediation,Proposed Rule,Foreclosure Prevention,TN DFI,JUR-042,2024-11-12,9999-12-31,High,Active,5,0,State Notice 2024-1328,Q3 2024,Yes
EVT-00210,2024-09-20,FHA MIP annual premium restructure for first-time homebuyers,New Rule,FHA,HUD,JUR-054,2024-10-26,2026-08-03,Medium,Superseded,1,2,State Notice 2024-0210,Q3 2024,Yes
EVT-01629,2024-09-21,Annual examination schedule published,Guidance,Safety & Soundness,NE DBF,JUR-027,2024-10-28,9999-12-31,Low,Active,3,1,State Notice 2024-1629,Q3 2024,No
EVT-00211,2024-09-22,HUD issued mortgagee letter on HECM principal limit factor update,Enforcement Action,Reverse Mortgage,HUD,JUR-054,2024-10-08,9999-12-31,Low,Active,2,1,State Notice 2024-0211,Q3 2024,No
EVT-01630,2024-09-23,Proposed rule comment period opened,Proposed Rule,State Licensing,NY DFS,JUR-032,2024-10-19,2026-01-28,Medium,Pending,1,1,State Notice 2024-1630,Q3 2024,No
EVT-01631,2024-09-24,State usury rate quarterly adjustment published,Amendment,Rate Limits,KS OSBC,JUR-016,2024-09-30,9999-12-31,High,Active,6,1,State Notice 2024-1631,Q3 2024,No
EVT-01061,2024-09-25,Kentucky: Issued guidance on state fair lending examination priorities,Guidance,Fair Lending,KY DFI,JUR-017,2024-12-17,9999-12-31,High,Active,4,2,State Notice 2024-1061,Q3 2024,Yes
EVT-01267,2024-09-25,Oklahoma: Issued state usury law maximum rate adjustment,Amendment,Rate Limits,OK Banking,JUR-036,2024-11-21,9999-12-31,High,Active,5,1,State Notice 2024-1267,Q3 2024,No
EVT-00684,2024-09-26,New Mexico Escrow Account Audit Requirements,Guidance,State-NM,NM FID,JUR-031,2024-12-06,2026-05-06,Medium,Superseded,5,0,State Notice 2024-0684,Q3 2024,No
EVT-00212,2024-09-27,FHA MIP annual premium restructure for first-time homebuyers,Amendment,FHA,HUD,JUR-054,2024-10-05,2026-02-21,Low,Pending,6,3,State Notice 2024-0212,Q3 2024,No
EVT-00673,2024-09-27,New Jersey Mortgage Lending Law Amendment,Amendment,State-NJ,NJ DBI,JUR-030,2024-11-25,9999-12-31,Medium,Active,2,2,State Notice 2024-0673,Q3 2024,No
EVT-00574,2024-09-28,Kentucky MLO Continuing Education Update,Guidance,State-KY,KY DFI,JUR-017,2024-12-07,2026-07-27,High,Pending,3,1,State Notice 2024-0574,Q3 2024,No
EVT-00213,2024-09-29,HUD issued mortgagee letter on HECM principal limit factor update,Final Rule,Reverse Mortgage,HUD,JUR-054,2024-11-25,2025-07-30,Medium,Superseded,21,3,State Notice 2024-0213,Q3 2024,No
EVT-00442,2024-09-30,Arizona High-Cost Loan Threshold Update,Amendment,State-AZ,AZ DFI,JUR-003,2024-11-20,2026-06-05,Low,Superseded,15,3,State Notice 2024-0442,Q3 2024,No
EVT-00651,2024-09-30,Nebraska Foreclosure Procedure Update,Amendment,State-NE,NE DBF,JUR-027,2024-11-10,2025-08-03,Critical,Pending,2,1,State Notice 2024-0651,Q3 2024,No
EVT-01632,2024-10-01,MLO license examination cycle initiated,Guidance,State Licensing,IL DFI,JUR-013,2024-11-30,9999-12-31,Low,Active,8,0,State Notice 2024-1632,Q4 2024,No
EVT-00638,2024-10-02,Missouri Predatory Lending Enforcement Action,Enforcement Action,State-MO,MO DOF,JUR-025,2024-11-25,2026-02-09,Medium,Superseded,12,1,State Notice 2024-0638,Q4 2024,No
EVT-00755,2024-10-02,South Carolina Foreclosure Procedure Update,Amendment,State-SC,SC BFI,JUR-040,2024-11-11,9999-12-31,Low,Active,13,1,State Notice 2024-0755,Q4 2024,No
EVT-00214,2024-10-03,USDA Rural Development updated guaranteed loan income limits,New Rule,Government Lending,USDA,JUR-059,2024-10-04,2026-03-24,High,Pending,2,4,State Notice 2024-0214,Q4 2024,No
EVT-00215,2024-10-04,RESPA Section 8 interpretation clarified for AfBA arrangements,Enforcement Action,RESPA,CFPB,JUR-052,2024-11-15,2025-05-18,Low,Pending,21,3,FR Doc. 2024-49566,Q4 2024,No
EVT-01137,2024-10-04,Mississippi: Issued state usury law maximum rate adjustment,Amendment,Rate Limits,MS DBCF,JUR-024,2024-11-25,9999-12-31,High,Active,3,2,State Notice 2024-1137,Q4 2024,Yes
EVT-01633,2024-10-05,Flood insurance escrow compliance review initiated,Guidance,Flood Insurance,TN DFI,JUR-042,2024-11-14,9999-12-31,Low,Active,10,0,State Notice 2024-1633,Q4 2024,No
EVT-00569,2024-10-06,Kentucky Foreclosure Procedure Update,Amendment,State-KY,KY DFI,JUR-017,2024-11-07,9999-12-31,Medium,Active,25,3,State Notice 2024-0569,Q4 2024,No
EVT-00216,2024-10-07,HUD issued mortgagee letter on HECM principal limit factor update,Interpretation,Reverse Mortgage,HUD,JUR-054,2024-10-09,9999-12-31,High,Active,15,4,State Notice 2024-0216,Q4 2024,Yes
EVT-01050,2024-10-07,Kansas: Issued guidance on state fair lending examination priorities,Guidance,Fair Lending,KS OSBC,JUR-016,2024-12-05,9999-12-31,High,Active,5,0,State Notice 2024-1050,Q4 2024,Yes
EVT-01148,2024-10-07,Missouri: Issued guidance on state fair lending examination priorities,Guidance,Fair Lending,MO DOF,JUR-025,2024-12-09,9999-12-31,High,Active,3,0,State Notice 2024-1148,Q4 2024,Yes
EVT-01353,2024-10-07,Utah: Issued guidance on state fair lending examination priorities,Guidance,Fair Lending,UT DRE,JUR-044,2024-12-13,9999-12-31,High,Active,2,0,State Notice 2024-1353,Q4 2024,No
EVT-00541,2024-10-08,Indiana High-Cost Loan Threshold Update,Amendment,State-IN,IN DFI,JUR-014,2024-10-23,2025-10-27,Low,Pending,7,1,State Notice 2024-0541,Q4 2024,No
EVT-00715,2024-10-08,Ohio Foreclosure Procedure Update,Amendment,State-OH,OH DFI,JUR-035,2024-11-16,9999-12-31,Medium,Active,18,3,State Notice 2024-0715,Q4 2024,No
EVT-00671,2024-10-09,New Hampshire New Mortgage Disclosure Requirement,New Rule,State-NH,NH BD,JUR-029,2024-10-28,9999-12-31,Medium,Active,16,3,State Notice 2024-0671,Q4 2024,No
EVT-01634,2024-10-10,MLO license examination cycle initiated,Guidance,State Licensing,FDIC,JUR-055,2024-11-29,9999-12-31,Low,Active,4,0,FR Doc. 2024-84000,Q4 2024,No
EVT-00217,2024-10-11,VA funding fee schedule updated per 38 U.S.C. § 3729,Proposed Rule,VA,VA,JUR-058,2024-11-23,9999-12-31,High,Active,8,2,State Notice 2024-0217,Q4 2024,Yes
EVT-01187,2024-10-11,New Hampshire: Updated state anti-predatory lending statute thresholds,Amendment,Predatory Lending,NH Banking,JUR-029,2024-12-09,9999-12-31,High,Active,1,0,State Notice 2024-1187,Q4 2024,Yes
EVT-01337,2024-10-11,Texas: Amended surety bond requirements for mortgage brokers,Amendment,State Licensing,TX DBO,JUR-043,2024-11-09,2025-12-30,Medium,Pending,2,1,State Notice 2024-1337,Q4 2024,No
EVT-01635,2024-10-12,Annual examination schedule published,Guidance,Safety & Soundness,IN DFI,JUR-014,2024-11-18,9999-12-31,Low,Active,4,0,State Notice 2024-1635,Q4 2024,No
EVT-01636,2024-10-13,Annual privacy notice distribution deadline reminder,Guidance,Privacy,WY DOB,JUR-050,2024-10-22,9999-12-31,Low,Active,10,0,State Notice 2024-1636,Q4 2024,No
EVT-01637,2024-10-14,Flood insurance escrow compliance review initiated,Guidance,Flood Insurance,HUD,JUR-054,2024-11-17,9999-12-31,Low,Active,3,0,FR Doc. 2024-42853,Q4 2024,No
EVT-00218,2024-10-15,Fannie Mae desktop appraisal eligibility expanded nationwide,Guidance,GSE,Fannie Mae,JUR-057,2024-11-27,9999-12-31,Medium,Active,18,3,State Notice 2024-0218,Q4 2024,Yes
EVT-01638,2024-10-16,Final rule effective date confirmed,Final Rule,Disclosure,HUD,JUR-054,2024-11-07,9999-12-31,High,Active,10,1,FR Doc. 2024-41186,Q4 2024,No
EVT-00219,2024-10-17,Freddie Mac LTV limits tightened for investment property purchases,No-Action Letter,GSE,Freddie Mac,JUR-057,2025-01-07,9999-12-31,High,Active,13,2,State Notice 2024-0219,Q4 2024,Yes
EVT-01166,2024-10-17,Nebraska: Amended surety bond requirements for mortgage brokers,Amendment,State Licensing,NE DBF,JUR-027,2024-11-28,2025-07-20,Medium,Pending,4,2,State Notice 2024-1166,Q4 2024,Yes
EVT-01188,2024-10-17,New Hampshire: Issued guidance on state fair lending examination priorities,Guidance,Fair Lending,NH Banking,JUR-029,2024-11-22,9999-12-31,High,Active,4,2,State Notice 2024-1188,Q4 2024,No
EVT-01639,2024-10-18,Regulatory compliance monitoring report submitted to agency,Reporting,State Licensing,AR SRD,JUR-004,2024-12-04,9999-12-31,Low,Active,7,0,State Notice 2024-1639,Q4 2024,No
EVT-01640,2024-10-19,MLO license examination cycle initiated,Guidance,State Licensing,NM FID,JUR-031,2024-11-16,9999-12-31,Low,Active,6,0,State Notice 2024-1640,Q4 2024,No
EVT-00676,2024-10-20,New Jersey Escrow Account Audit Requirements,Guidance,State-NJ,NJ DBI,JUR-030,2025-01-05,2025-12-05,Medium,Pending,2,3,State Notice 2024-0676,Q4 2024,No
EVT-00220,2024-10-21,North Carolina OCOB issued guidance on non-QM loan disclosures,Interpretation,State Licensing,NC OFR,JUR-033,2024-12-12,9999-12-31,High,Active,14,5,State Notice 2024-0220,Q4 2024,No
EVT-00984,2024-10-21,Georgia: Issued guidance on state fair lending examination priorities,Guidance,Fair Lending,GA DBF,JUR-010,2024-11-14,2026-02-02,High,Pending,4,1,State Notice 2024-0984,Q4 2024,No
EVT-01051,2024-10-21,Kansas: Proposed rule on state foreclosure prevention mediation,Proposed Rule,Foreclosure Prevention,KS OSBC,JUR-016,2024-11-05,2025-12-09,High,Pending,5,0,State Notice 2024-1051,Q4 2024,Yes
EVT-00857,2024-10-22,CFPB published personal financial data rights rule,Final Rule,Privacy,CFPB,JUR-052,2024-11-30,2025-11-24,High,Pending,14,1,FR Doc. 2024-31508,Q4 2024,Yes
EVT-01319,2024-10-23,South Dakota: Proposed rule on state foreclosure prevention mediation,Proposed Rule,Foreclosure Prevention,SD DOB,JUR-041,2024-11-15,9999-12-31,High,Active,1,0,State Notice 2024-1319,Q4 2024,No
EVT-01338,2024-10-23,Texas: Updated state anti-predatory lending statute thresholds,Amendment,Predatory Lending,TX DBO,JUR-043,2025-01-20,9999-12-31,High,Active,5,0,State Notice 2024-1338,Q4 2024,Yes
EVT-00221,2024-10-24,Fannie Mae desktop appraisal eligibility expanded nationwide,Proposed Rule,GSE,Fannie Mae,JUR-057,2024-10-26,9999-12-31,High,Active,1,1,State Notice 2024-0221,Q4 2024,No
EVT-01052,2024-10-25,Kansas: Final rule on state escrow account auditing requirements,Final Rule,Escrow,KS OSBC,JUR-016,2024-11-21,9999-12-31,Medium,Active,4,0,State Notice 2024-1052,Q4 2024,Yes
EVT-00222,2024-10-26,Florida OFR updated mortgage broker continuing education requirements,New Rule,State Licensing,FL OFR,JUR-009,2024-11-14,2025-05-18,High,Pending,19,4,State Notice 2024-0222,Q4 2024,No
EVT-00425,2024-10-26,Alabama Foreclosure Procedure Update,Amendment,State-AL,AL SBD,JUR-001,2024-11-02,9999-12-31,High,Active,11,3,State Notice 2024-0425,Q4 2024,No
EVT-00593,2024-10-26,Maryland Mortgage Lending Law Amendment,Amendment,State-MD,MD OFR,JUR-020,2024-11-02,9999-12-31,Medium,Active,12,3,State Notice 2024-0593,Q4 2024,No
EVT-01641,2024-10-27,Regulatory sandbox application period opened,Guidance,Consumer Protection,NC OCB,JUR-033,2024-11-10,9999-12-31,Low,Active,10,0,State Notice 2024-1641,Q4 2024,No
EVT-01642,2024-10-28,No-action letter request received and under review,No-Action Letter,UDAAP,FRB,JUR-056,2024-12-08,9999-12-31,Low,Active,1,1,FR Doc. 2024-14082,Q4 2024,No
EVT-00223,2024-10-29,Ohio DFI updated QM points and fees exemption thresholds,Proposed Rule,QM,OH DFI,JUR-035,2025-01-19,9999-12-31,High,Active,20,0,State Notice 2024-0223,Q4 2024,Yes
EVT-00958,2024-10-30,Delaware: Proposed rule on state foreclosure prevention mediation,Proposed Rule,Foreclosure Prevention,DE OSB,JUR-008,2025-01-16,9999-12-31,High,Active,5,0,State Notice 2024-0958,Q4 2024,Yes
EVT-01039,2024-10-30,Iowa: Proposed rule on state foreclosure prevention mediation,Proposed Rule,Foreclosure Prevention,IA DOB,JUR-015,2024-12-16,2025-09-22,High,Pending,1,2,State Notice 2024-1039,Q4 2024,No
EVT-01149,2024-10-30,Missouri: Proposed rule on state foreclosure prevention mediation,Proposed Rule,Foreclosure Prevention,MO DOF,JUR-025,2024-12-31,9999-12-31,High,Active,3,0,State Notice 2024-1149,Q4 2024,Yes
EVT-00224,2024-10-31,VA funding fee schedule updated per 38 U.S.C. § 3729,Interpretation,VA,VA,JUR-058,2024-12-23,9999-12-31,Medium,Active,4,1,State Notice 2024-0224,Q4 2024,No
EVT-01339,2024-10-31,Texas: Issued guidance on state fair lending examination priorities,Guidance,Fair Lending,TX DBO,JUR-043,2024-12-24,9999-12-31,High,Active,4,0,State Notice 2024-1339,Q4 2024,Yes
EVT-00517,2024-11-01,Hawaii Fair Lending Examination Guidance,Guidance,State-HI,HI DFI,JUR-011,2024-11-28,9999-12-31,Medium,Active,11,3,State Notice 2024-0517,Q4 2024,No
EVT-01643,2024-11-02,NMLS call report quarterly submission reminder,Guidance,Reporting,NV DML,JUR-028,2024-12-15,9999-12-31,Low,Active,2,1,State Notice 2024-1643,Q4 2024,No
EVT-00589,2024-11-03,Maine Fair Lending Examination Guidance,Guidance,State-ME,ME BFI,JUR-019,2025-01-28,2026-08-20,Critical,Pending,11,3,State Notice 2024-0589,Q4 2024,No
EVT-01644,2024-11-04,Enforcement consent order issued,Enforcement Action,Consumer Protection,OCC,JUR-053,2024-11-24,9999-12-31,High,Active,3,0,FR Doc. 2024-89730,Q4 2024,Yes
EVT-00225,2024-11-05,New York DFS cybersecurity requirements extended to mortgage servicers,Proposed Rule,Servicing,NY DFS,JUR-032,2025-01-14,2025-08-03,Medium,Superseded,4,5,State Notice 2024-0225,Q4 2024,No
EVT-00985,2024-11-05,Georgia: Proposed rule on state foreclosure prevention mediation,Proposed Rule,Foreclosure Prevention,GA DBF,JUR-010,2024-12-02,9999-12-31,High,Active,5,1,State Notice 2024-0985,Q4 2024,No
EVT-01008,2024-11-05,Idaho: Proposed rule on state foreclosure prevention mediation,Proposed Rule,Foreclosure Prevention,ID DOF,JUR-012,2025-02-01,9999-12-31,High,Active,5,0,State Notice 2024-1008,Q4 2024,No
EVT-00226,2024-11-06,Texas Department of Savings issued escrow account audit requirements,Guidance,Escrow,TX DBO,JUR-043,2024-11-25,9999-12-31,Medium,Active,25,1,State Notice 2024-0226,Q4 2024,No
EVT-00807,2024-11-06,Virginia New Mortgage Disclosure Requirement,New Rule,State-VA,VA BFI,JUR-046,2024-12-14,2025-06-23,Medium,Superseded,9,2,State Notice 2024-0807,Q4 2024,No
EVT-01645,2024-11-07,Escrow account auditing standards reminder issued,Guidance,Escrow,SD DOB,JUR-041,2024-12-12,2026-05-08,Low,Pending,7,1,State Notice 2024-1645,Q4 2024,No
EVT-00509,2024-11-08,Georgia Predatory Lending Enforcement Action,Enforcement Action,State-GA,GA DBF,JUR-010,2025-01-16,9999-12-31,Medium,Active,2,1,State Notice 2024-0509,Q4 2024,No
EVT-00974,2024-11-08,Florida: Issued state usury law maximum rate adjustment,Amendment,Rate Limits,FL OFR,JUR-009,2025-01-07,9999-12-31,High,Active,1,1,State Notice 2024-0974,Q4 2024,Yes
EVT-01646,2024-11-09,Regulatory sandbox application period opened,Guidance,Consumer Protection,NC OCB,JUR-033,2024-12-17,9999-12-31,Low,Active,7,0,State Notice 2024-1646,Q4 2024,No
EVT-00227,2024-11-10,Pennsylvania DBS issued flood insurance escrow guidance,Proposed Rule,Flood Insurance,PA DBS,JUR-038,2025-01-03,9999-12-31,Medium,Active,24,2,State Notice 2024-0227,Q4 2024,No
EVT-01647,2024-11-11,Enforcement consent order issued,Enforcement Action,Consumer Protection,TN DFI,JUR-042,2025-01-06,2026-02-10,High,Pending,7,1,State Notice 2024-1647,Q4 2024,Yes
EVT-00228,2024-11-12,Texas Department of Savings issued escrow account audit requirements,Guidance,Escrow,TX DBO,JUR-043,2025-01-04,9999-12-31,Medium,Active,2,5,State Notice 2024-0228,Q4 2024,No
EVT-00845,2024-11-12,District of Columbia Fair Lending Examination Guidance,Guidance,State-DC,DC DISB,JUR-051,2024-12-20,9999-12-31,High,Active,7,0,State Notice 2024-0845,Q4 2024,No
EVT-01378,2024-11-12,Virginia: Issued guidance on state fair lending examination priorities,Guidance,Fair Lending,VA BFI,JUR-046,2024-12-04,9999-12-31,High,Active,4,0,State Notice 2024-1378,Q4 2024,No
EVT-00959,2024-11-13,Delaware: Final rule on state escrow account auditing requirements,Final Rule,Escrow,DE OSB,JUR-008,2025-01-10,9999-12-31,Medium,Active,3,2,State Notice 2024-0959,Q4 2024,No
EVT-01150,2024-11-13,Missouri: Final rule on state escrow account auditing requirements,Final Rule,Escrow,MO DOF,JUR-025,2025-02-11,9999-12-31,Medium,Active,5,0,State Notice 2024-1150,Q4 2024,No
EVT-01648,2024-11-14,Predatory lending database quarterly update,Reporting,Predatory Lending,NJ DBI,JUR-030,2024-12-10,9999-12-31,Medium,Active,2,1,State Notice 2024-1648,Q4 2024,No
EVT-00905,2024-11-15,Arizona: Updated state anti-predatory lending statute thresholds,Amendment,Predatory Lending,AZ DFI,JUR-003,2025-02-08,9999-12-31,High,Active,1,0,State Notice 2024-0905,Q4 2024,Yes
EVT-01649,2024-11-16,NMLS call report quarterly submission reminder,Guidance,Reporting,MA DOB,JUR-021,2024-12-28,9999-12-31,Low,Active,5,1,State Notice 2024-1649,Q4 2024,No
EVT-00229,2024-11-17,USDA Rural Development updated guaranteed loan income limits,New Rule,Government Lending,USDA,JUR-059,2025-01-30,9999-12-31,High,Active,16,2,State Notice 2024-0229,Q4 2024,Yes
EVT-00700,2024-11-17,North Carolina Escrow Account Audit Requirements,Guidance,State-NC,NC OCB,JUR-033,2024-12-05,9999-12-31,High,Active,10,3,State Notice 2024-0700,Q4 2024,No
EVT-00230,2024-11-18,OCC model risk management supervisory expectations updated,Enforcement Action,Safety & Soundness,OCC,JUR-053,2025-02-14,9999-12-31,High,Active,19,0,State Notice 2024-0230,Q4 2024,No
EVT-01085,2024-11-18,Maine: Issued guidance on state fair lending examination priorities,Guidance,Fair Lending,ME BFI,JUR-019,2025-01-09,2025-12-22,High,Pending,3,1,State Notice 2024-1085,Q4 2024,No
EVT-00532,2024-11-19,Illinois High-Cost Loan Threshold Update,Amendment,State-IL,IL DFI,JUR-013,2024-11-22,9999-12-31,Medium,Active,6,3,State Notice 2024-0532,Q4 2024,No
EVT-01268,2024-11-19,Oklahoma: Updated state AMC registration and fee requirements,Amendment,Appraisal,OK Banking,JUR-036,2025-02-11,2026-08-12,Medium,Pending,4,1,State Notice 2024-1268,Q4 2024,No
EVT-01293,2024-11-19,Rhode Island: Issued guidance on state-specific mortgage disclosure timing,Guidance,Disclosure,RI DBR,JUR-039,2024-12-16,9999-12-31,Medium,Active,1,2,State Notice 2024-1293,Q4 2024,No
EVT-00688,2024-11-20,New York Annual MLO License Renewal Announcement,Guidance,State-NY,NY DFS,JUR-032,2025-02-07,2026-08-26,High,Pending,5,1,State Notice 2024-0688,Q4 2024,No
EVT-01062,2024-11-20,Kentucky: Proposed rule on state foreclosure prevention mediation,Proposed Rule,Foreclosure Prevention,KY DFI,JUR-017,2024-12-20,9999-12-31,High,Active,1,0,State Notice 2024-1062,Q4 2024,Yes
EVT-01167,2024-11-21,Nebraska: Updated state anti-predatory lending statute thresholds,Amendment,Predatory Lending,NE DBF,JUR-027,2024-12-26,2026-02-14,High,Pending,4,1,State Notice 2024-1167,Q4 2024,Yes
EVT-01340,2024-11-21,Texas: Proposed rule on state foreclosure prevention mediation,Proposed Rule,Foreclosure Prevention,TX DBO,JUR-043,2024-11-30,9999-12-31,High,Active,3,0,State Notice 2024-1340,Q4 2024,No
EVT-01063,2024-11-22,Kentucky: Final rule on state escrow account auditing requirements,Final Rule,Escrow,KY DFI,JUR-017,2025-01-15,9999-12-31,Medium,Active,3,1,State Notice 2024-1063,Q4 2024,No
EVT-01304,2024-11-22,South Carolina: Updated state anti-predatory lending statute thresholds,Amendment,Predatory Lending,SC BFI,JUR-040,2025-01-16,9999-12-31,High,Active,4,1,State Notice 2024-1304,Q4 2024,No
EVT-01386,2024-11-22,Washington: Updated state anti-predatory lending statute thresholds,Amendment,Predatory Lending,WA DFI,JUR-047,2024-12-08,9999-12-31,High,Active,5,1,State Notice 2024-1386,Q4 2024,No
EVT-00231,2024-11-23,HMDA 2024 data collection thresholds revised — open-end credit lines,New Rule,HMDA,CFPB,JUR-052,2024-12-07,9999-12-31,High,Active,22,1,FR Doc. 2024-35375,Q4 2024,No
EVT-00232,2024-11-24,FDIC updated appraisal independence requirements under 12 CFR 323,Guidance,Appraisal,FDIC,JUR-055,2024-12-29,2025-12-30,Low,Pending,9,2,State Notice 2024-0232,Q4 2024,No
EVT-00588,2024-11-24,Maine Escrow Account Audit Requirements,Guidance,State-ME,ME BFI,JUR-019,2025-02-11,9999-12-31,Low,Active,21,0,State Notice 2024-0588,Q4 2024,No
EVT-00637,2024-11-25,Missouri Fair Lending Examination Guidance,Guidance,State-MO,MO DOF,JUR-025,2025-01-22,9999-12-31,Medium,Active,24,0,State Notice 2024-0637,Q4 2024,No
EVT-01138,2024-11-25,Mississippi: Updated state AMC registration and fee requirements,Amendment,Appraisal,MS DBCF,JUR-024,2025-01-06,2025-12-10,Medium,Pending,2,1,State Notice 2024-1138,Q4 2024,Yes
EVT-00666,2024-11-26,New Hampshire High-Cost Loan Threshold Update,Amendment,State-NH,NH BD,JUR-029,2024-12-24,9999-12-31,Medium,Active,3,0,State Notice 2024-0666,Q4 2024,No
EVT-00859,2024-11-26,HUD announced FHA 2025 loan limits,Amendment,FHA,HUD,JUR-054,2025-01-05,2025-10-21,High,Pending,12,3,FR Doc. 2024-62349,Q4 2024,Yes
EVT-00862,2024-11-26,FHFA announced 2025 conforming loan limits,Amendment,GSE,FHFA,JUR-057,2025-01-03,2026-11-12,High,Pending,21,3,FR Doc. 2024-18988,Q4 2024,Yes
EVT-00233,2024-11-27,Freddie Mac LTV limits tightened for investment property purchases,Enforcement Action,GSE,Freddie Mac,JUR-057,2025-02-16,9999-12-31,High,Active,25,0,State Notice 2024-0233,Q4 2024,No
EVT-01650,2024-11-28,Escrow account auditing standards reminder issued,Guidance,Escrow,NM FID,JUR-031,2024-12-03,9999-12-31,Low,Active,2,0,State Notice 2024-1650,Q4 2024,No
EVT-00897,2024-11-29,Alaska: Issued guidance on state fair lending examination priorities,Guidance,Fair Lending,AK DBS,JUR-002,2025-01-29,9999-12-31,High,Active,1,0,State Notice 2024-0897,Q4 2024,No
EVT-01651,2024-11-30,NMLS call report quarterly submission reminder,Guidance,Reporting,CT DOB,JUR-007,2025-01-16,9999-12-31,Low,Active,6,0,State Notice 2024-1651,Q4 2024,No
EVT-01652,2024-12-01,Annual examination schedule published,Guidance,Safety & Soundness,AR SRD,JUR-004,2025-01-07,9999-12-31,Low,Active,9,1,State Notice 2024-1652,Q4 2024,No
EVT-00234,2024-12-02,New York DFS cybersecurity requirements extended to mortgage servicers,No-Action Letter,Servicing,NY DFS,JUR-032,2025-02-06,9999-12-31,Medium,Active,14,5,State Notice 2024-0234,Q4 2024,No
EVT-00960,2024-12-02,Delaware: Issued state usury law maximum rate adjustment,Amendment,Rate Limits,DE OSB,JUR-008,2025-02-01,2025-12-15,High,Pending,2,1,State Notice 2024-0960,Q4 2024,No
EVT-01653,2024-12-03,Final rule effective date confirmed,Final Rule,Disclosure,MN DOC,JUR-023,2025-02-01,2026-10-07,High,Pending,1,1,State Notice 2024-1653,Q4 2024,No
EVT-00235,2024-12-04,Florida OFR updated mortgage broker continuing education requirements,Guidance,State Licensing,FL OFR,JUR-009,2024-12-10,9999-12-31,Medium,Active,18,0,State Notice 2024-0235,Q4 2024,No
EVT-01654,2024-12-05,Annual examination schedule published,Guidance,Safety & Soundness,CT DOB,JUR-007,2025-01-06,2026-02-07,Low,Pending,3,1,State Notice 2024-1654,Q4 2024,No
EVT-01655,2024-12-06,Predatory lending database quarterly update,Reporting,Predatory Lending,FHFA,JUR-057,2024-12-29,2025-10-22,Medium,Pending,10,0,FR Doc. 2024-46512,Q4 2024,No
EVT-01656,2024-12-07,NMLS call report quarterly submission reminder,Guidance,Reporting,OK Banking,JUR-036,2025-01-25,9999-12-31,Low,Active,10,0,State Notice 2024-1656,Q4 2024,No
EVT-00236,2024-12-08,Fannie Mae desktop appraisal eligibility expanded nationwide,Guidance,GSE,Fannie Mae,JUR-057,2025-03-08,9999-12-31,Medium,Active,1,2,State Notice 2024-0236,Q4 2024,No
EVT-00486,2024-12-08,Delaware Mortgage Lending Law Amendment,Amendment,State-DE,DE OSB,JUR-008,2025-01-17,2026-12-21,Medium,Pending,4,3,State Notice 2024-0486,Q4 2024,Yes
EVT-00746,2024-12-09,Rhode Island High-Cost Loan Threshold Update,Amendment,State-RI,RI DBR,JUR-039,2025-02-13,9999-12-31,Medium,Active,9,1,State Notice 2024-0746,Q4 2024,No
EVT-00828,2024-12-09,Wisconsin Escrow Account Audit Requirements,Guidance,State-WI,WI DFI,JUR-049,2024-12-28,9999-12-31,Medium,Active,24,0,State Notice 2024-0828,Q4 2024,No
EVT-00975,2024-12-09,Florida: Updated state AMC registration and fee requirements,Amendment,Appraisal,FL OFR,JUR-009,2025-02-17,9999-12-31,Medium,Active,3,0,State Notice 2024-0975,Q4 2024,No
EVT-01018,2024-12-09,Illinois: Issued guidance on state fair lending examination priorities,Guidance,Fair Lending,IL DFI,JUR-013,2024-12-16,2026-12-03,High,Pending,4,0,State Notice 2024-1018,Q4 2024,No
EVT-00789,2024-12-10,Utah Fair Lending Examination Guidance,Guidance,State-UT,UT DRE,JUR-044,2025-02-04,9999-12-31,Low,Active,24,3,State Notice 2024-0789,Q4 2024,No
EVT-00237,2024-12-11,FDIC updated appraisal independence requirements under 12 CFR 323,No-Action Letter,Appraisal,FDIC,JUR-055,2024-12-17,2025-08-06,Medium,Superseded,2,5,State Notice 2024-0237,Q4 2024,No
EVT-01657,2024-12-12,Annual examination schedule published,Guidance,Safety & Soundness,FRB,JUR-056,2024-12-23,9999-12-31,Low,Active,5,1,FR Doc. 2024-45818,Q4 2024,No
EVT-01658,2024-12-13,Annual privacy notice distribution deadline reminder,Guidance,Privacy,GA DBF,JUR-010,2025-01-24,2026-09-06,Low,Pending,2,0,State Notice 2024-1658,Q4 2024,No
EVT-00238,2024-12-14,Illinois predatory lending counseling database reporting activated,Guidance,Predatory Lending,IL DFI,JUR-013,2025-02-24,9999-12-31,High,Active,2,3,State Notice 2024-0238,Q4 2024,Yes
EVT-00239,2024-12-15,ECOA small business data collection rule effective date confirmed,Amendment,ECOA,FRB,JUR-052,2025-02-14,2026-02-22,Low,Pending,22,0,FR Doc. 2024-88660,Q4 2024,No
EVT-00786,2024-12-15,Utah High-Cost Loan Threshold Update,Amendment,State-UT,UT DRE,JUR-044,2025-02-24,2026-05-30,Critical,Superseded,10,0,State Notice 2024-0786,Q4 2024,No
EVT-01659,2024-12-16,No-action letter request received and under review,No-Action Letter,UDAAP,AK DBS,JUR-002,2025-02-01,9999-12-31,Low,Active,9,0,State Notice 2024-1659,Q4 2024,No
EVT-00683,2024-12-17,New Mexico Foreclosure Procedure Update,Amendment,State-NM,NM FID,JUR-031,2025-01-25,2026-08-29,Low,Superseded,5,0,State Notice 2024-0683,Q4 2024,No
EVT-01040,2024-12-18,Iowa: Final rule on state escrow account auditing requirements,Final Rule,Escrow,IA DOB,JUR-015,2025-01-14,9999-12-31,Medium,Active,4,1,State Notice 2024-1040,Q4 2024,Yes
EVT-01114,2024-12-18,Michigan: Updated state anti-predatory lending statute thresholds,Amendment,Predatory Lending,MI DIFS,JUR-022,2025-03-02,9999-12-31,High,Active,1,0,State Notice 2024-1114,Q4 2024,Yes
EVT-00240,2024-12-19,QM rule safe harbor points and fees thresholds adjusted for inflation,Enforcement Action,QM,CFPB,JUR-052,2025-03-11,9999-12-31,Critical,Active,20,0,FR Doc. 2024-23243,Q4 2024,No
EVT-00723,2024-12-20,Oklahoma Foreclosure Procedure Update,Amendment,State-OK,OK BD,JUR-036,2025-02-15,2026-08-10,High,Superseded,20,3,State Notice 2024-0723,Q4 2024,Yes
EVT-01660,2024-12-21,NMLS call report quarterly submission reminder,Guidance,Reporting,NE DBF,JUR-027,2025-01-19,9999-12-31,Low,Active,6,0,State Notice 2024-1660,Q4 2024,No
EVT-00712,2024-12-22,Ohio Annual MLO License Renewal Announcement,Guidance,State-OH,OH DFI,JUR-035,2025-03-01,2026-02-23,Medium,Superseded,25,3,State Notice 2024-0712,Q4 2024,No
EVT-00241,2024-12-23,Texas Department of Savings issued escrow account audit requirements,Proposed Rule,Escrow,TX DBO,JUR-043,2025-01-28,2025-08-30,High,Pending,10,4,State Notice 2024-0241,Q4 2024,Yes
EVT-01074,2024-12-24,Louisiana: Final rule on state escrow account auditing requirements,Final Rule,Escrow,LA OFI,JUR-018,2025-03-01,9999-12-31,Medium,Active,5,0,State Notice 2024-1074,Q4 2024,No
EVT-00948,2024-12-25,Connecticut: Proposed rule on state foreclosure prevention mediation,Proposed Rule,Foreclosure Prevention,CT DOB,JUR-007,2025-01-20,9999-12-31,High,Active,2,0,State Notice 2024-0948,Q4 2024,Yes
EVT-00242,2024-12-26,FDIC updated appraisal independence requirements under 12 CFR 323,Proposed Rule,Appraisal,FDIC,JUR-055,2025-01-03,2025-09-10,High,Superseded,25,1,State Notice 2024-0242,Q4 2024,Yes
EVT-01407,2024-12-26,Wisconsin: Issued guidance on state fair lending examination priorities,Guidance,Fair Lending,WI DFI,JUR-049,2025-03-03,9999-12-31,High,Active,4,2,State Notice 2024-1407,Q4 2024,Yes
EVT-01269,2024-12-27,Oklahoma: Published state mortgage fraud examination guidance,Guidance,Financial Crime,OK Banking,JUR-036,2024-12-27,9999-12-31,Medium,Active,1,2,State Notice 2024-1269,Q4 2024,No
EVT-01661,2024-12-28,Annual privacy notice distribution deadline reminder,Guidance,Privacy,MD OFR,JUR-020,2025-02-12,9999-12-31,Low,Active,6,0,State Notice 2024-1661,Q4 2024,No
EVT-00243,2024-12-29,USDA Rural Development updated guaranteed loan income limits,Proposed Rule,Government Lending,USDA,JUR-059,2025-02-13,2026-03-08,Medium,Superseded,6,1,State Notice 2024-0243,Q4 2024,No
EVT-00244,2024-12-30,HUD issued mortgagee letter on HECM principal limit factor update,Guidance,Reverse Mortgage,HUD,JUR-054,2025-03-15,2026-10-06,Medium,Pending,13,0,State Notice 2024-0244,Q4 2024,No
EVT-01124,2024-12-30,Minnesota: Issued guidance on state fair lending examination priorities,Guidance,Fair Lending,MN DOC,JUR-023,2025-01-27,2025-08-02,High,Pending,4,2,State Notice 2024-1124,Q4 2024,Yes
EVT-01156,2024-12-30,Montana: Issued guidance on state-specific mortgage disclosure timing,Guidance,Disclosure,MT DBFI,JUR-026,2025-03-18,2026-11-24,Medium,Pending,2,1,State Notice 2024-1156,Q4 2024,Yes
EVT-01203,2024-12-30,New Jersey: Proposed rule on state foreclosure prevention mediation,Proposed Rule,Foreclosure Prevention,NJ DBI,JUR-030,2025-01-18,2026-06-26,High,Pending,3,1,State Notice 2024-1203,Q4 2024,Yes
EVT-01220,2024-12-30,New York: Issued guidance on state fair lending examination priorities,Guidance,Fair Lending,NY DFS,JUR-032,2025-02-16,9999-12-31,High,Active,4,2,State Notice 2024-1220,Q4 2024,Yes
EVT-01294,2024-12-30,Rhode Island: Published examination procedures for state mortgage companies,Guidance,Safety & Soundness,RI DBR,JUR-039,2025-03-17,9999-12-31,Low,Active,1,0,State Notice 2024-1294,Q4 2024,No
EVT-01662,2024-12-31,MLO license examination cycle initiated,Guidance,State Licensing,WI DFI,JUR-049,2025-01-03,2025-09-23,Low,Pending,5,1,State Notice 2024-1662,Q4 2024,No
EVT-01151,2025-01-01,Missouri: Issued state usury law maximum rate adjustment,Amendment,Rate Limits,MO DOF,JUR-025,2025-02-20,9999-12-31,High,Active,1,2,State Notice 2025-1151,Q1 2025,Yes
EVT-00986,2025-01-02,Georgia: Final rule on state escrow account auditing requirements,Final Rule,Escrow,GA DBF,JUR-010,2025-03-26,9999-12-31,Medium,Active,5,2,State Notice 2025-0986,Q1 2025,No
EVT-01329,2025-01-02,Tennessee: Final rule on state escrow account auditing requirements,Final Rule,Escrow,TN DFI,JUR-042,2025-01-04,9999-12-31,Medium,Active,2,2,State Notice 2025-1329,Q1 2025,Yes
EVT-01354,2025-01-02,Utah: Proposed rule on state foreclosure prevention mediation,Proposed Rule,Foreclosure Prevention,UT DRE,JUR-044,2025-02-20,9999-12-31,High,Active,2,2,State Notice 2025-1354,Q1 2025,No
EVT-01397,2025-01-02,West Virginia: Amended surety bond requirements for mortgage brokers,Amendment,State Licensing,WV DOB,JUR-048,2025-01-30,2026-10-14,Medium,Pending,3,2,State Notice 2025-1397,Q1 2025,No
EVT-00245,2025-01-03,Texas Department of Savings issued escrow account audit requirements,Interpretation,Escrow,TX DBO,JUR-043,2025-02-16,2026-01-03,Low,Superseded,3,1,State Notice 2025-0245,Q1 2025,No
EVT-01663,2025-01-04,NMLS call report quarterly submission reminder,Guidance,Reporting,NY DFS,JUR-032,2025-02-11,9999-12-31,Low,Active,8,1,State Notice 2025-1663,Q1 2025,No
EVT-01664,2025-01-05,AMC registration renewal period opened,Guidance,Appraisal,IN DFI,JUR-014,2025-02-22,9999-12-31,Low,Active,9,0,State Notice 2025-1664,Q1 2025,No
EVT-01665,2025-01-06,Annual privacy notice distribution deadline reminder,Guidance,Privacy,ME BFI,JUR-019,2025-02-18,2026-12-28,Low,Pending,9,1,State Notice 2025-1665,Q1 2025,No
EVT-00246,2025-01-07,HUD issued mortgagee letter on HECM principal limit factor update,Final Rule,Reverse Mortgage,HUD,JUR-054,2025-03-18,2026-08-04,Medium,Pending,24,3,State Notice 2025-0246,Q1 2025,No
EVT-01106,2025-01-08,Massachusetts: Proposed rule on state foreclosure prevention mediation,Proposed Rule,Foreclosure Prevention,MA DOB,JUR-021,2025-02-10,9999-12-31,High,Active,5,2,State Notice 2025-1106,Q1 2025,Yes
EVT-01157,2025-01-08,Montana: Published examination procedures for state mortgage companies,Guidance,Safety & Soundness,MT DBFI,JUR-026,2025-02-02,9999-12-31,Low,Active,4,0,State Notice 2025-1157,Q1 2025,No
EVT-00987,2025-01-09,Georgia: Issued state usury law maximum rate adjustment,Amendment,Rate Limits,GA DBF,JUR-010,2025-01-29,9999-12-31,High,Active,3,2,State Notice 2025-0987,Q1 2025,Yes
EVT-00247,2025-01-10,Texas Department of Savings issued escrow account audit requirements,Interpretation,Escrow,TX DBO,JUR-043,2025-03-17,9999-12-31,Low,Active,22,4,State Notice 2025-0247,Q1 2025,No
EVT-00863,2025-01-10,CFPB finalized mortgage servicing rule amendments,Final Rule,Servicing,CFPB,JUR-052,2025-02-09,9999-12-31,High,Active,16,2,FR Doc. 2025-46857,Q1 2025,Yes
EVT-00630,2025-01-11,Mississippi Predatory Lending Enforcement Action,Enforcement Action,State-MS,MS DBCF,JUR-024,2025-03-17,9999-12-31,Medium,Active,15,1,State Notice 2025-0630,Q1 2025,No
EVT-00664,2025-01-11,New Hampshire Annual MLO License Renewal Announcement,Guidance,State-NH,NH BD,JUR-029,2025-01-22,9999-12-31,Medium,Active,8,3,State Notice 2025-0664,Q1 2025,No
EVT-00766,2025-01-12,South Dakota Predatory Lending Enforcement Action,Enforcement Action,State-SD,SD DOB,JUR-041,2025-03-23,9999-12-31,Medium,Active,13,3,State Notice 2025-0766,Q1 2025,No
EVT-00248,2025-01-13,Texas Department of Savings issued escrow account audit requirements,Enforcement Action,Escrow,TX DBO,JUR-043,2025-03-31,2025-10-03,Low,Superseded,7,0,State Notice 2025-0248,Q1 2025,No
EVT-00936,2025-01-13,Colorado: Amended surety bond requirements for mortgage brokers,Amendment,State Licensing,CO DRE,JUR-006,2025-02-18,9999-12-31,Medium,Active,5,0,State Notice 2025-0936,Q1 2025,No
EVT-00725,2025-01-14,Oklahoma Fair Lending Examination Guidance,Guidance,State-OK,OK BD,JUR-036,2025-03-20,2026-02-26,Critical,Superseded,1,1,State Notice 2025-0725,Q1 2025,No
EVT-00249,2025-01-15,North Carolina OCOB issued guidance on non-QM loan disclosures,Proposed Rule,State Licensing,NC OFR,JUR-033,2025-02-12,9999-12-31,Medium,Active,9,3,State Notice 2025-0249,Q1 2025,Yes
EVT-00679,2025-01-15,New Jersey New Mortgage Disclosure Requirement,New Rule,State-NJ,NJ DBI,JUR-030,2025-03-03,9999-12-31,Medium,Active,14,2,State Notice 2025-0679,Q1 2025,Yes
EVT-00864,2025-01-15,OCC issued AVM final rule — interagency,Final Rule,Appraisal,OCC,JUR-053,2025-01-29,2026-01-22,High,Pending,20,3,FR Doc. 2025-93308,Q1 2025,No
EVT-01092,2025-01-16,Maryland: Amended surety bond requirements for mortgage brokers,Amendment,State Licensing,MD OFR,JUR-020,2025-02-23,9999-12-31,Medium,Active,2,1,State Notice 2025-1092,Q1 2025,No
EVT-01666,2025-01-17,MLO license examination cycle initiated,Guidance,State Licensing,RI DBR,JUR-039,2025-01-17,9999-12-31,Low,Active,4,1,State Notice 2025-1666,Q1 2025,No
EVT-01667,2025-01-18,Flood insurance escrow compliance review initiated,Guidance,Flood Insurance,WY DOB,JUR-050,2025-01-26,9999-12-31,Low,Active,5,1,State Notice 2025-1667,Q1 2025,No
EVT-00250,2025-01-19,HMDA 2024 data collection thresholds revised — open-end credit lines,Interpretation,HMDA,CFPB,JUR-052,2025-03-07,9999-12-31,Medium,Active,25,3,FR Doc. 2025-33940,Q1 2025,No
EVT-01668,2025-01-20,Mortgage fraud referral submitted to state AG,Enforcement Action,Financial Crime,NY DFS,JUR-032,2025-02-16,2026-02-10,High,Pending,3,1,State Notice 2025-1668,Q1 2025,Yes
EVT-00929,2025-01-21,California: Proposed rule on state foreclosure prevention mediation,Proposed Rule,Foreclosure Prevention,CA DFPI,JUR-005,2025-01-26,2026-11-27,High,Pending,4,1,State Notice 2025-0929,Q1 2025,No
EVT-01168,2025-01-21,Nebraska: Issued guidance on state fair lending examination priorities,Guidance,Fair Lending,NE DBF,JUR-027,2025-03-25,9999-12-31,High,Active,4,2,State Notice 2025-1168,Q1 2025,Yes
EVT-01355,2025-01-21,Utah: Final rule on state escrow account auditing requirements,Final Rule,Escrow,UT DRE,JUR-044,2025-04-15,9999-12-31,Medium,Active,3,1,State Notice 2025-1355,Q1 2025,No
EVT-00251,2025-01-22,Florida OFR updated mortgage broker continuing education requirements,Amendment,State Licensing,FL OFR,JUR-009,2025-04-06,2026-01-10,Low,Pending,12,1,State Notice 2025-0251,Q1 2025,No
EVT-01669,2025-01-23,Community Reinvestment Act assessment area update,Amendment,CRA,FHFA,JUR-057,2025-02-17,9999-12-31,Medium,Active,7,0,FR Doc. 2025-15544,Q1 2025,No
EVT-00252,2025-01-24,VA funding fee schedule updated per 38 U.S.C. § 3729,Interpretation,VA,VA,JUR-058,2025-04-23,9999-12-31,Critical,Active,17,3,State Notice 2025-0252,Q1 2025,No
EVT-01670,2025-01-25,Regulatory sandbox application period opened,Guidance,Consumer Protection,CA DFPI,JUR-005,2025-03-21,9999-12-31,Low,Active,6,1,State Notice 2025-1670,Q1 2025,No
EVT-00253,2025-01-26,OCC model risk management supervisory expectations updated,Interpretation,Safety & Soundness,OCC,JUR-053,2025-03-16,9999-12-31,Medium,Active,19,2,State Notice 2025-0253,Q1 2025,No
EVT-00466,2025-01-26,California MLO Continuing Education Update,Guidance,State-CA,CA DFPI,JUR-005,2025-03-03,9999-12-31,High,Active,18,2,State Notice 2025-0466,Q1 2025,Yes
EVT-00475,2025-01-26,Colorado MLO Continuing Education Update,Guidance,State-CO,CO DRE,JUR-006,2025-04-10,9999-12-31,Medium,Active,14,1,State Notice 2025-0475,Q1 2025,No
EVT-01671,2025-01-27,Regulatory sandbox application period opened,Guidance,Consumer Protection,SD DOB,JUR-041,2025-02-14,9999-12-31,Low,Active,2,1,State Notice 2025-1671,Q1 2025,No
EVT-00526,2025-01-28,Idaho Fair Lending Examination Guidance,Guidance,State-ID,ID DOF,JUR-012,2025-02-05,2026-07-19,Medium,Superseded,1,3,State Notice 2025-0526,Q1 2025,No
EVT-00756,2025-01-28,South Carolina Escrow Account Audit Requirements,Guidance,State-SC,SC BFI,JUR-040,2025-04-03,9999-12-31,Medium,Active,11,1,State Notice 2025-0756,Q1 2025,No
EVT-00729,2025-01-29,Oregon Mortgage Lending Law Amendment,Amendment,State-OR,OR DFR,JUR-037,2025-03-17,9999-12-31,Medium,Active,19,1,State Notice 2025-0729,Q1 2025,No
EVT-00254,2025-01-30,ECOA small business data collection rule effective date confirmed,Interpretation,ECOA,FRB,JUR-052,2025-03-11,2026-06-24,Critical,Pending,10,2,FR Doc. 2025-62112,Q1 2025,No
EVT-00695,2025-01-30,New York New Mortgage Disclosure Requirement,New Rule,State-NY,NY DFS,JUR-032,2025-04-10,2027-03-19,High,Superseded,4,2,State Notice 2025-0695,Q1 2025,Yes
EVT-01341,2025-01-31,Texas: Final rule on state escrow account auditing requirements,Final Rule,Escrow,TX DBO,JUR-043,2025-02-25,2025-10-30,Medium,Pending,3,0,State Notice 2025-1341,Q1 2025,No
EVT-00255,2025-02-01,Illinois predatory lending counseling database reporting activated,Amendment,Predatory Lending,IL DFI,JUR-013,2025-02-02,9999-12-31,High,Active,9,1,State Notice 2025-0255,Q1 2025,Yes
EVT-01672,2025-02-02,Regulatory compliance monitoring report submitted to agency,Reporting,State Licensing,MA DOB,JUR-021,2025-02-12,9999-12-31,Low,Active,10,1,State Notice 2025-1672,Q1 2025,No
EVT-01673,2025-02-03,Enforcement consent order issued,Enforcement Action,Consumer Protection,OCC,JUR-053,2025-03-29,9999-12-31,High,Active,4,1,FR Doc. 2025-23875,Q1 2025,No
EVT-01674,2025-02-04,Regulatory sandbox application period opened,Guidance,Consumer Protection,CO DRE,JUR-006,2025-03-31,9999-12-31,Low,Active,5,1,State Notice 2025-1674,Q1 2025,No
EVT-00823,2025-02-05,West Virginia New Mortgage Disclosure Requirement,New Rule,State-WV,WV DOB,JUR-048,2025-03-25,9999-12-31,Medium,Active,13,0,State Notice 2025-0823,Q1 2025,Yes
EVT-00865,2025-02-05,FRB announced stress test scenarios for banks,Guidance,Safety & Soundness,FRB,JUR-056,2025-02-22,9999-12-31,Medium,Active,9,1,FR Doc. 2025-64866,Q1 2025,No
EVT-00988,2025-02-05,Georgia: Updated state AMC registration and fee requirements,Amendment,Appraisal,GA DBF,JUR-010,2025-04-23,9999-12-31,Medium,Active,5,0,State Notice 2025-0988,Q1 2025,No
EVT-01270,2025-02-05,Oklahoma: Amended state consumer protection act mortgage provisions,Amendment,Consumer Protection,OK Banking,JUR-036,2025-03-07,9999-12-31,High,Active,4,0,State Notice 2025-1270,Q1 2025,No
EVT-00256,2025-02-06,New York DFS cybersecurity requirements extended to mortgage servicers,Proposed Rule,Servicing,NY DFS,JUR-032,2025-03-25,9999-12-31,Critical,Active,7,0,State Notice 2025-0256,Q1 2025,No
EVT-00884,2025-02-06,Alabama: Proposed rule on state foreclosure prevention mediation,Proposed Rule,Foreclosure Prevention,AL SBD,JUR-001,2025-04-25,9999-12-31,High,Active,3,2,State Notice 2025-0884,Q1 2025,No
EVT-01675,2025-02-07,Predatory lending database quarterly update,Reporting,Predatory Lending,HI DFI,JUR-011,2025-03-11,9999-12-31,Medium,Active,2,0,State Notice 2025-1675,Q1 2025,Yes
EVT-00257,2025-02-08,Texas Department of Savings issued escrow account audit requirements,New Rule,Escrow,TX DBO,JUR-043,2025-04-08,2025-11-15,Low,Superseded,9,2,State Notice 2025-0257,Q1 2025,No
EVT-00650,2025-02-09,Nebraska High-Cost Loan Threshold Update,Amendment,State-NE,NE DBF,JUR-027,2025-04-03,9999-12-31,Medium,Active,6,2,State Notice 2025-0650,Q1 2025,No
EVT-01676,2025-02-10,Interpretation letter issued on state disclosure requirements,Interpretation,Disclosure,WA DFI,JUR-047,2025-04-03,2026-02-28,Medium,Pending,4,0,State Notice 2025-1676,Q1 2025,No
EVT-00843,2025-02-11,District of Columbia Foreclosure Procedure Update,Amendment,State-DC,DC DISB,JUR-051,2025-05-08,2025-12-14,Medium,Pending,3,1,State Notice 2025-0843,Q1 2025,No
EVT-01019,2025-02-11,Illinois: Proposed rule on state foreclosure prevention mediation,Proposed Rule,Foreclosure Prevention,IL DFI,JUR-013,2025-02-18,9999-12-31,High,Active,4,0,State Notice 2025-1019,Q1 2025,Yes
EVT-00258,2025-02-12,Pennsylvania DBS issued flood insurance escrow guidance,Amendment,Flood Insurance,PA DBS,JUR-038,2025-03-13,9999-12-31,High,Active,19,2,State Notice 2025-0258,Q1 2025,Yes
EVT-00259,2025-02-13,QM rule safe harbor points and fees thresholds adjusted for inflation,Proposed Rule,QM,CFPB,JUR-052,2025-04-17,2027-03-13,Critical,Superseded,21,1,FR Doc. 2025-85615,Q1 2025,No
EVT-01369,2025-02-14,Vermont: Final rule on state escrow account auditing requirements,Final Rule,Escrow,VT DFR,JUR-045,2025-03-17,2026-10-13,Medium,Pending,2,0,State Notice 2025-1369,Q1 2025,No
EVT-01677,2025-02-15,Escrow account auditing standards reminder issued,Guidance,Escrow,KY DFI,JUR-017,2025-02-27,9999-12-31,Low,Active,3,0,State Notice 2025-1677,Q1 2025,No
EVT-00260,2025-02-16,North Carolina OCOB issued guidance on non-QM loan disclosures,Guidance,State Licensing,NC OFR,JUR-033,2025-05-15,9999-12-31,Medium,Active,14,2,State Notice 2025-0260,Q1 2025,No
EVT-01678,2025-02-17,Interpretation letter issued on state disclosure requirements,Interpretation,Disclosure,OCC,JUR-053,2025-04-18,9999-12-31,Medium,Active,8,1,FR Doc. 2025-92306,Q1 2025,No
EVT-01679,2025-02-18,Interpretation letter issued on state disclosure requirements,Interpretation,Disclosure,PA DBS,JUR-038,2025-04-02,9999-12-31,Medium,Active,10,1,State Notice 2025-1679,Q1 2025,No
EVT-01680,2025-02-19,Proposed rule comment period opened,Proposed Rule,State Licensing,NH Banking,JUR-029,2025-03-21,9999-12-31,Medium,Active,8,1,State Notice 2025-1680,Q1 2025,No
EVT-01681,2025-02-20,Flood insurance escrow compliance review initiated,Guidance,Flood Insurance,MN DOC,JUR-023,2025-02-24,2026-07-06,Low,Pending,8,1,State Notice 2025-1681,Q1 2025,No
EVT-00261,2025-02-21,Pennsylvania DBS issued flood insurance escrow guidance,Interpretation,Flood Insurance,PA DBS,JUR-038,2025-04-03,9999-12-31,Medium,Active,13,0,State Notice 2025-0261,Q1 2025,No
EVT-00693,2025-02-21,New York Fair Lending Examination Guidance,Guidance,State-NY,NY DFS,JUR-032,2025-04-26,9999-12-31,Medium,Active,6,1,State Notice 2025-0693,Q1 2025,No
EVT-00262,2025-02-22,HMDA 2024 data collection thresholds revised — open-end credit lines,Proposed Rule,HMDA,CFPB,JUR-052,2025-05-12,9999-12-31,Medium,Active,20,0,FR Doc. 2025-97247,Q1 2025,No
EVT-01682,2025-02-23,Regulatory compliance monitoring report submitted to agency,Reporting,State Licensing,AR SRD,JUR-004,2025-03-18,9999-12-31,Low,Active,5,0,State Notice 2025-1682,Q1 2025,No
EVT-01683,2025-02-24,Proposed rule comment period opened,Proposed Rule,State Licensing,OCC,JUR-053,2025-04-03,2027-03-03,Medium,Pending,8,0,FR Doc. 2025-60394,Q1 2025,No
EVT-01189,2025-02-25,New Hampshire: Proposed rule on state foreclosure prevention mediation,Proposed Rule,Foreclosure Prevention,NH Banking,JUR-029,2025-03-08,9999-12-31,High,Active,2,1,State Notice 2025-1189,Q1 2025,No
EVT-01370,2025-02-25,Vermont: Issued state usury law maximum rate adjustment,Amendment,Rate Limits,VT DFR,JUR-045,2025-04-28,9999-12-31,High,Active,5,1,State Notice 2025-1370,Q1 2025,Yes
EVT-00263,2025-02-26,HMDA 2024 data collection thresholds revised — open-end credit lines,Amendment,HMDA,CFPB,JUR-052,2025-03-09,9999-12-31,Medium,Active,9,2,FR Doc. 2025-73462,Q1 2025,No
EVT-00600,2025-02-26,Massachusetts Annual MLO License Renewal Announcement,Guidance,State-MA,MA DOB,JUR-021,2025-04-28,9999-12-31,High,Active,13,2,State Notice 2025-0600,Q1 2025,Yes
EVT-01424,2025-02-27,DC: Updated state anti-predatory lending statute thresholds,Amendment,Predatory Lending,DC DISB,JUR-051,2025-03-19,9999-12-31,High,Active,2,0,State Notice 2025-1424,Q1 2025,Yes
EVT-00264,2025-02-28,FHA MIP annual premium restructure for first-time homebuyers,New Rule,FHA,HUD,JUR-054,2025-04-03,9999-12-31,Low,Active,24,5,State Notice 2025-0264,Q1 2025,No
EVT-01684,2025-03-01,Regulatory sandbox application period opened,Guidance,Consumer Protection,OR DFR,JUR-037,2025-04-11,9999-12-31,Low,Active,4,1,State Notice 2025-1684,Q1 2025,No
EVT-01685,2025-03-02,No-action letter request received and under review,No-Action Letter,UDAAP,NM FID,JUR-031,2025-04-03,9999-12-31,Low,Active,3,0,State Notice 2025-1685,Q1 2025,No
EVT-01000,2025-03-03,Hawaii: Issued state usury law maximum rate adjustment,Amendment,Rate Limits,HI DFI,JUR-011,2025-05-09,2026-01-19,High,Pending,3,1,State Notice 2025-1000,Q1 2025,Yes
EVT-01387,2025-03-03,Washington: Issued guidance on state fair lending examination priorities,Guidance,Fair Lending,WA DFI,JUR-047,2025-04-28,9999-12-31,High,Active,4,1,State Notice 2025-1387,Q1 2025,No
EVT-00265,2025-03-04,New York DFS cybersecurity requirements extended to mortgage servicers,Enforcement Action,Servicing,NY DFS,JUR-032,2025-04-08,2025-10-16,Medium,Superseded,21,3,State Notice 2025-0265,Q1 2025,Yes
EVT-01686,2025-03-05,High-cost mortgage threshold annual adjustment,Amendment,High-Cost Mortgage,MI DIFS,JUR-022,2025-03-10,2027-02-04,High,Pending,3,0,State Notice 2025-1686,Q1 2025,No
EVT-00617,2025-03-06,Minnesota Mortgage Lending Law Amendment,Amendment,State-MN,MN DOC,JUR-023,2025-05-03,2027-01-02,Medium,Superseded,19,1,State Notice 2025-0617,Q1 2025,No
EVT-00266,2025-03-07,California DFPI issued guidance on AI-assisted underwriting,No-Action Letter,State Licensing,CA DFPI,JUR-005,2025-05-27,9999-12-31,Medium,Active,13,3,State Notice 2025-0266,Q1 2025,No
EVT-01687,2025-03-08,Flood insurance escrow compliance review initiated,Guidance,Flood Insurance,VA BFI,JUR-046,2025-04-05,9999-12-31,Low,Active,8,0,State Notice 2025-1687,Q1 2025,No
EVT-00267,2025-03-09,ECOA small business data collection rule effective date confirmed,Guidance,ECOA,FRB,JUR-052,2025-04-03,2026-08-21,Low,Pending,10,3,FR Doc. 2025-58260,Q1 2025,No
EVT-00709,2025-03-10,North Dakota Fair Lending Examination Guidance,Guidance,State-ND,ND DFI,JUR-034,2025-05-09,2026-12-06,High,Superseded,12,2,State Notice 2025-0709,Q1 2025,No
EVT-01305,2025-03-10,South Carolina: Issued guidance on state fair lending examination priorities,Guidance,Fair Lending,SC BFI,JUR-040,2025-03-27,9999-12-31,High,Active,4,1,State Notice 2025-1305,Q1 2025,Yes
EVT-01342,2025-03-10,Texas: Issued state usury law maximum rate adjustment,Amendment,Rate Limits,TX DBO,JUR-043,2025-03-30,9999-12-31,High,Active,3,2,State Notice 2025-1342,Q1 2025,Yes
EVT-01243,2025-03-11,North Dakota: Amended surety bond requirements for mortgage brokers,Amendment,State Licensing,ND DFI,JUR-034,2025-03-26,2025-10-25,Medium,Pending,5,2,State Notice 2025-1243,Q1 2025,Yes
EVT-01356,2025-03-11,Utah: Issued state usury law maximum rate adjustment,Amendment,Rate Limits,UT DRE,JUR-044,2025-06-06,9999-12-31,High,Active,2,0,State Notice 2025-1356,Q1 2025,Yes
EVT-01688,2025-03-12,Annual privacy notice distribution deadline reminder,Guidance,Privacy,ME BFI,JUR-019,2025-04-07,9999-12-31,Low,Active,6,0,State Notice 2025-1688,Q1 2025,No
EVT-00268,2025-03-13,Ohio DFI updated QM points and fees exemption thresholds,Final Rule,QM,OH DFI,JUR-035,2025-04-02,2026-05-28,High,Pending,12,2,State Notice 2025-0268,Q1 2025,Yes
EVT-01689,2025-03-14,Proposed rule comment period opened,Proposed Rule,State Licensing,CA DFPI,JUR-005,2025-03-20,9999-12-31,Medium,Active,9,1,State Notice 2025-1689,Q1 2025,No
EVT-00269,2025-03-15,OCC model risk management supervisory expectations updated,Proposed Rule,Safety & Soundness,OCC,JUR-053,2025-05-02,9999-12-31,Medium,Active,16,3,State Notice 2025-0269,Q1 2025,No
EVT-01690,2025-03-16,AMC registration renewal period opened,Guidance,Appraisal,KY DFI,JUR-017,2025-05-01,9999-12-31,Low,Active,10,0,State Notice 2025-1690,Q1 2025,No
EVT-00515,2025-03-17,Hawaii Foreclosure Procedure Update,Amendment,State-HI,HI DFI,JUR-011,2025-05-31,2025-12-24,Medium,Superseded,3,3,State Notice 2025-0515,Q1 2025,No
EVT-00768,2025-03-17,Tennessee Annual MLO License Renewal Announcement,Guidance,State-TN,TN DFI,JUR-042,2025-05-03,9999-12-31,Critical,Active,18,2,State Notice 2025-0768,Q1 2025,No
EVT-00270,2025-03-18,Illinois predatory lending counseling database reporting activated,Proposed Rule,Predatory Lending,IL DFI,JUR-013,2025-03-24,9999-12-31,Medium,Active,9,4,State Notice 2025-0270,Q1 2025,No
EVT-01053,2025-03-18,Kansas: Issued state usury law maximum rate adjustment,Amendment,Rate Limits,KS OSBC,JUR-016,2025-06-10,9999-12-31,High,Active,1,1,State Notice 2025-1053,Q1 2025,Yes
EVT-01169,2025-03-18,Nebraska: Proposed rule on state foreclosure prevention mediation,Proposed Rule,Foreclosure Prevention,NE DBF,JUR-027,2025-05-08,9999-12-31,High,Active,1,2,State Notice 2025-1169,Q1 2025,No
EVT-01388,2025-03-18,Washington: Proposed rule on state foreclosure prevention mediation,Proposed Rule,Foreclosure Prevention,WA DFI,JUR-047,2025-06-14,9999-12-31,High,Active,3,1,State Notice 2025-1388,Q1 2025,No
EVT-01190,2025-03-19,New Hampshire: Final rule on state escrow account auditing requirements,Final Rule,Escrow,NH Banking,JUR-029,2025-06-13,9999-12-31,Medium,Active,5,2,State Notice 2025-1190,Q1 2025,Yes
EVT-00866,2025-03-20,CFPB issued guidance on mortgage trigger leads,Guidance,Consumer Protection,CFPB,JUR-052,2025-04-09,9999-12-31,Medium,Active,19,0,FR Doc. 2025-56532,Q1 2025,Yes
EVT-00427,2025-03-21,Alabama Fair Lending Examination Guidance,Guidance,State-AL,AL SBD,JUR-001,2025-06-11,9999-12-31,Medium,Active,9,1,State Notice 2025-0427,Q1 2025,No
EVT-00463,2025-03-21,California Fair Lending Examination Guidance,Guidance,State-CA,CA DFPI,JUR-005,2025-04-06,2026-08-06,Low,Superseded,15,2,State Notice 2025-0463,Q1 2025,No
EVT-00819,2025-03-21,West Virginia Foreclosure Procedure Update,Amendment,State-WV,WV DOB,JUR-048,2025-04-22,9999-12-31,Critical,Active,24,1,State Notice 2025-0819,Q1 2025,No
EVT-00271,2025-03-22,FHA MIP annual premium restructure for first-time homebuyers,Enforcement Action,FHA,HUD,JUR-054,2025-06-10,2026-06-26,Medium,Superseded,7,3,State Notice 2025-0271,Q1 2025,No
EVT-00524,2025-03-23,Idaho Foreclosure Procedure Update,Amendment,State-ID,ID DOF,JUR-012,2025-04-17,2026-06-19,High,Pending,4,2,State Notice 2025-0524,Q1 2025,Yes
EVT-00610,2025-03-24,Michigan High-Cost Loan Threshold Update,Amendment,State-MI,MI DIFS,JUR-022,2025-06-03,9999-12-31,Medium,Active,13,0,State Notice 2025-0610,Q1 2025,No
EVT-00272,2025-03-25,Ohio DFI updated QM points and fees exemption thresholds,Interpretation,QM,OH DFI,JUR-035,2025-05-08,9999-12-31,Medium,Active,20,2,State Notice 2025-0272,Q1 2025,No
EVT-01691,2025-03-26,Mortgage fraud referral submitted to state AG,Enforcement Action,Financial Crime,TX DBO,JUR-043,2025-05-23,9999-12-31,High,Active,6,1,State Notice 2025-1691,Q1 2025,No
EVT-00273,2025-03-27,Florida OFR updated mortgage broker continuing education requirements,Guidance,State Licensing,FL OFR,JUR-009,2025-05-28,9999-12-31,High,Active,25,5,State Notice 2025-0273,Q1 2025,No
EVT-01343,2025-03-27,Texas: Updated state AMC registration and fee requirements,Amendment,Appraisal,TX DBO,JUR-043,2025-04-08,9999-12-31,Medium,Active,2,2,State Notice 2025-1343,Q1 2025,No
EVT-01692,2025-03-28,Proposed rule comment period opened,Proposed Rule,State Licensing,MT DBFI,JUR-026,2025-05-05,9999-12-31,Medium,Active,2,1,State Notice 2025-1692,Q1 2025,No
EVT-01693,2025-03-29,Annual examination schedule published,Guidance,Safety & Soundness,MO DOF,JUR-025,2025-05-09,9999-12-31,Low,Active,6,0,State Notice 2025-1693,Q1 2025,No
EVT-01694,2025-03-30,Annual examination schedule published,Guidance,Safety & Soundness,CO DRE,JUR-006,2025-05-10,9999-12-31,Low,Active,7,1,State Notice 2025-1694,Q1 2025,No
EVT-01054,2025-03-31,Kansas: Updated state AMC registration and fee requirements,Amendment,Appraisal,KS OSBC,JUR-016,2025-05-08,9999-12-31,Medium,Active,3,2,State Notice 2025-1054,Q1 2025,No
EVT-00274,2025-04-01,RESPA Section 8 interpretation clarified for AfBA arrangements,Enforcement Action,RESPA,CFPB,JUR-052,2025-05-03,9999-12-31,High,Active,24,1,FR Doc. 2025-89929,Q2 2025,Yes
EVT-01330,2025-04-01,Tennessee: Issued state usury law maximum rate adjustment,Amendment,Rate Limits,TN DFI,JUR-042,2025-05-02,9999-12-31,High,Active,5,1,State Notice 2025-1330,Q2 2025,No
EVT-01695,2025-04-02,Regulatory compliance monitoring report submitted to agency,Reporting,State Licensing,ID DOF,JUR-012,2025-04-23,9999-12-31,Low,Active,8,0,State Notice 2025-1695,Q2 2025,No
EVT-01696,2025-04-03,Predatory lending database quarterly update,Reporting,Predatory Lending,HUD,JUR-054,2025-04-21,9999-12-31,Medium,Active,9,0,FR Doc. 2025-23256,Q2 2025,No
EVT-00275,2025-04-04,California DFPI issued guidance on AI-assisted underwriting,Enforcement Action,State Licensing,CA DFPI,JUR-005,2025-05-31,9999-12-31,High,Active,2,2,State Notice 2025-0275,Q2 2025,Yes
EVT-00765,2025-04-05,South Dakota Fair Lending Examination Guidance,Guidance,State-SD,SD DOB,JUR-041,2025-05-21,9999-12-31,High,Active,2,1,State Notice 2025-0765,Q2 2025,Yes
EVT-00276,2025-04-06,QM rule safe harbor points and fees thresholds adjusted for inflation,Proposed Rule,QM,CFPB,JUR-052,2025-06-23,9999-12-31,Critical,Active,18,5,FR Doc. 2025-85839,Q2 2025,No
EVT-01027,2025-04-07,Indiana: Published examination procedures for state mortgage companies,Guidance,Safety & Soundness,IN DFI,JUR-014,2025-04-13,2027-03-28,Low,Pending,3,2,State Notice 2025-1027,Q2 2025,No
EVT-01320,2025-04-07,South Dakota: Final rule on state escrow account auditing requirements,Final Rule,Escrow,SD DOB,JUR-041,2025-04-27,9999-12-31,Medium,Active,2,0,State Notice 2025-1320,Q2 2025,No
EVT-00514,2025-04-08,Hawaii High-Cost Loan Threshold Update,Amendment,State-HI,HI DFI,JUR-011,2025-04-29,9999-12-31,Critical,Active,5,0,State Notice 2025-0514,Q2 2025,No
EVT-00663,2025-04-09,Nevada New Mortgage Disclosure Requirement,New Rule,State-NV,NV DML,JUR-028,2025-04-11,9999-12-31,Medium,Active,20,3,State Notice 2025-0663,Q2 2025,No
EVT-01221,2025-04-09,New York: Proposed rule on state foreclosure prevention mediation,Proposed Rule,Foreclosure Prevention,NY DFS,JUR-032,2025-04-21,2025-12-07,High,Pending,4,1,State Notice 2025-1221,Q2 2025,Yes
EVT-00277,2025-04-10,North Carolina OCOB issued guidance on non-QM loan disclosures,New Rule,State Licensing,NC OFR,JUR-033,2025-04-16,2025-11-07,Low,Superseded,14,4,State Notice 2025-0277,Q2 2025,No
EVT-01170,2025-04-10,Nebraska: Final rule on state escrow account auditing requirements,Final Rule,Escrow,NE DBF,JUR-027,2025-04-15,9999-12-31,Medium,Active,2,2,State Notice 2025-1170,Q2 2025,No
EVT-01357,2025-04-10,Utah: Updated state AMC registration and fee requirements,Amendment,Appraisal,UT DRE,JUR-044,2025-04-27,9999-12-31,Medium,Active,2,2,State Notice 2025-1357,Q2 2025,Yes
EVT-00278,2025-04-11,Florida OFR updated mortgage broker continuing education requirements,Enforcement Action,State Licensing,FL OFR,JUR-009,2025-05-30,9999-12-31,High,Active,8,4,State Notice 2025-0278,Q2 2025,No
EVT-01697,2025-04-12,Annual privacy notice distribution deadline reminder,Guidance,Privacy,WY DOB,JUR-050,2025-05-21,9999-12-31,Low,Active,3,1,State Notice 2025-1697,Q2 2025,No
EVT-01698,2025-04-13,Escrow account auditing standards reminder issued,Guidance,Escrow,HI DFI,JUR-011,2025-04-24,9999-12-31,Low,Active,10,0,State Notice 2025-1698,Q2 2025,No
EVT-00961,2025-04-14,Delaware: Updated state AMC registration and fee requirements,Amendment,Appraisal,DE OSB,JUR-008,2025-06-13,9999-12-31,Medium,Active,2,1,State Notice 2025-0961,Q2 2025,No
EVT-01233,2025-04-14,North Carolina: Final rule on state escrow account auditing requirements,Final Rule,Escrow,NC OCB,JUR-033,2025-04-18,9999-12-31,Medium,Active,4,2,State Notice 2025-1233,Q2 2025,Yes
EVT-00279,2025-04-15,Florida OFR updated mortgage broker continuing education requirements,Interpretation,State Licensing,FL OFR,JUR-009,2025-04-29,9999-12-31,High,Active,16,2,State Notice 2025-0279,Q2 2025,Yes
EVT-00867,2025-04-15,HUD published fair housing and AI guidance,Guidance,Fair Lending,HUD,JUR-054,2025-05-30,9999-12-31,High,Active,14,3,FR Doc. 2025-71447,Q2 2025,Yes
EVT-00555,2025-04-16,Iowa New Mortgage Disclosure Requirement,New Rule,State-IA,IA DOB,JUR-015,2025-06-12,2027-04-04,Low,Pending,10,0,State Notice 2025-0555,Q2 2025,No
EVT-00615,2025-04-16,Michigan New Mortgage Disclosure Requirement,New Rule,State-MI,MI DIFS,JUR-022,2025-04-30,9999-12-31,High,Active,2,2,State Notice 2025-0615,Q2 2025,Yes
EVT-00822,2025-04-17,West Virginia Predatory Lending Enforcement Action,Enforcement Action,State-WV,WV DOB,JUR-048,2025-05-10,9999-12-31,Critical,Active,25,3,State Notice 2025-0822,Q2 2025,No
EVT-00280,2025-04-18,QM rule safe harbor points and fees thresholds adjusted for inflation,Enforcement Action,QM,CFPB,JUR-052,2025-05-23,9999-12-31,High,Active,25,0,FR Doc. 2025-73969,Q2 2025,Yes
EVT-01093,2025-04-18,Maryland: Updated state anti-predatory lending statute thresholds,Amendment,Predatory Lending,MD OFR,JUR-020,2025-05-08,2026-02-02,High,Pending,3,0,State Notice 2025-1093,Q2 2025,No
EVT-00587,2025-04-19,Maine Foreclosure Procedure Update,Amendment,State-ME,ME BFI,JUR-019,2025-07-11,9999-12-31,High,Active,16,2,State Notice 2025-0587,Q2 2025,No
EVT-00780,2025-04-20,Texas Escrow Account Audit Requirements,Guidance,State-TX,TX DBO,JUR-043,2025-06-23,2027-04-16,Critical,Pending,24,0,State Notice 2025-0780,Q2 2025,No
EVT-00281,2025-04-21,California DFPI issued guidance on AI-assisted underwriting,Amendment,State Licensing,CA DFPI,JUR-005,2025-04-27,2025-11-28,Low,Superseded,4,4,State Notice 2025-0281,Q2 2025,No
EVT-00449,2025-04-21,Arkansas Annual MLO License Renewal Announcement,Guidance,State-AR,AR SRD,JUR-004,2025-06-19,2026-02-09,Critical,Superseded,22,0,State Notice 2025-0449,Q2 2025,No
EVT-00642,2025-04-21,Montana High-Cost Loan Threshold Update,Amendment,State-MT,MT DBFI,JUR-026,2025-06-05,2027-02-08,Critical,Superseded,24,0,State Notice 2025-0642,Q2 2025,No
EVT-00906,2025-04-22,Arizona: Issued guidance on state fair lending examination priorities,Guidance,Fair Lending,AZ DFI,JUR-003,2025-04-22,2025-12-21,High,Pending,4,2,State Notice 2025-0906,Q2 2025,Yes
EVT-01107,2025-04-22,Massachusetts: Final rule on state escrow account auditing requirements,Final Rule,Escrow,MA DOB,JUR-021,2025-07-07,9999-12-31,Medium,Active,5,1,State Notice 2025-1107,Q2 2025,No
EVT-01699,2025-04-23,No-action letter request received and under review,No-Action Letter,UDAAP,NE DBF,JUR-027,2025-06-05,9999-12-31,Low,Active,4,1,State Notice 2025-1699,Q2 2025,No
EVT-01700,2025-04-24,Annual examination schedule published,Guidance,Safety & Soundness,WV DOB,JUR-048,2025-05-08,9999-12-31,Low,Active,9,0,State Notice 2025-1700,Q2 2025,No
EVT-00282,2025-04-25,FDIC updated appraisal independence requirements under 12 CFR 323,New Rule,Appraisal,FDIC,JUR-055,2025-05-23,9999-12-31,High,Active,10,0,State Notice 2025-0282,Q2 2025,Yes
EVT-01158,2025-04-25,Montana: Amended surety bond requirements for mortgage brokers,Amendment,State Licensing,MT DBFI,JUR-026,2025-06-09,9999-12-31,Medium,Active,5,1,State Notice 2025-1158,Q2 2025,No
EVT-00793,2025-04-26,Vermont Mortgage Lending Law Amendment,Amendment,State-VT,VT DFR,JUR-045,2025-06-07,9999-12-31,Low,Active,4,1,State Notice 2025-0793,Q2 2025,No
EVT-01701,2025-04-27,AMC registration renewal period opened,Guidance,Appraisal,DC DISB,JUR-051,2025-05-27,9999-12-31,Low,Active,4,1,State Notice 2025-1701,Q2 2025,No
EVT-00283,2025-04-28,ECOA small business data collection rule effective date confirmed,Guidance,ECOA,FRB,JUR-052,2025-06-06,2026-08-05,High,Superseded,20,0,FR Doc. 2025-75675,Q2 2025,Yes
EVT-00579,2025-04-29,Louisiana Escrow Account Audit Requirements,Guidance,State-LA,LA OFI,JUR-018,2025-06-11,2026-09-07,Critical,Pending,1,2,State Notice 2025-0579,Q2 2025,No
EVT-00618,2025-04-29,Minnesota High-Cost Loan Threshold Update,Amendment,State-MN,MN DOC,JUR-023,2025-07-21,9999-12-31,High,Active,20,3,State Notice 2025-0618,Q2 2025,Yes
EVT-00698,2025-04-29,North Carolina High-Cost Loan Threshold Update,Amendment,State-NC,NC OCB,JUR-033,2025-05-05,2026-11-18,Medium,Pending,8,3,State Notice 2025-0698,Q2 2025,No
EVT-01295,2025-04-29,Rhode Island: Amended surety bond requirements for mortgage brokers,Amendment,State Licensing,RI DBR,JUR-039,2025-06-23,2026-07-31,Medium,Pending,4,1,State Notice 2025-1295,Q2 2025,No
EVT-00284,2025-04-30,North Carolina OCOB issued guidance on non-QM loan disclosures,Interpretation,State Licensing,NC OFR,JUR-033,2025-05-22,9999-12-31,Medium,Active,21,4,State Notice 2025-0284,Q2 2025,No
EVT-01139,2025-04-30,Mississippi: Published state mortgage fraud examination guidance,Guidance,Financial Crime,MS DBCF,JUR-024,2025-04-30,2026-02-16,Medium,Pending,5,2,State Notice 2025-1139,Q2 2025,No
EVT-00868,2025-05-01,FHFA issued advisory bulletin on appraisal bias,Guidance,Appraisal,FHFA,JUR-057,2025-06-03,9999-12-31,High,Active,17,3,FR Doc. 2025-94688,Q2 2025,Yes
EVT-01028,2025-05-02,Indiana: Amended surety bond requirements for mortgage brokers,Amendment,State Licensing,IN DFI,JUR-014,2025-07-30,9999-12-31,Medium,Active,3,0,State Notice 2025-1028,Q2 2025,No
EVT-00285,2025-05-03,North Carolina OCOB issued guidance on non-QM loan disclosures,Final Rule,State Licensing,NC OFR,JUR-033,2025-06-27,9999-12-31,Medium,Active,18,1,State Notice 2025-0285,Q2 2025,No
EVT-00775,2025-05-03,Tennessee New Mortgage Disclosure Requirement,New Rule,State-TN,TN DFI,JUR-042,2025-07-16,2026-02-08,Medium,Superseded,20,3,State Notice 2025-0775,Q2 2025,No
EVT-00840,2025-05-03,District of Columbia Annual MLO License Renewal Announcement,Guidance,State-DC,DC DISB,JUR-051,2025-07-13,9999-12-31,Medium,Active,13,1,State Notice 2025-0840,Q2 2025,No
EVT-01702,2025-05-04,No-action letter request received and under review,No-Action Letter,UDAAP,NH Banking,JUR-029,2025-06-02,9999-12-31,Low,Active,5,1,State Notice 2025-1702,Q2 2025,No
EVT-00286,2025-05-05,CFPB enforcement action: servicer fined $28M for escrow violations,Interpretation,Servicing,CFPB,JUR-052,2025-05-14,2026-04-26,Critical,Pending,19,4,FR Doc. 2025-45452,Q2 2025,No
EVT-01703,2025-05-06,BSA/AML examination initiated for mortgage lenders,Enforcement Action,AML/BSA,HI DFI,JUR-011,2025-06-26,9999-12-31,High,Active,10,0,State Notice 2025-1703,Q2 2025,Yes
EVT-01704,2025-05-07,Flood insurance escrow compliance review initiated,Guidance,Flood Insurance,NM FID,JUR-031,2025-06-11,9999-12-31,Low,Active,2,0,State Notice 2025-1704,Q2 2025,No
EVT-00512,2025-05-08,Hawaii Annual MLO License Renewal Announcement,Guidance,State-HI,HI DFI,JUR-011,2025-07-15,2026-08-24,Low,Superseded,16,1,State Notice 2025-0512,Q2 2025,No
EVT-00287,2025-05-09,FHA MIP annual premium restructure for first-time homebuyers,No-Action Letter,FHA,HUD,JUR-054,2025-05-09,2027-01-21,Medium,Pending,6,4,State Notice 2025-0287,Q2 2025,No
EVT-01255,2025-05-09,Ohio: Issued guidance on state fair lending examination priorities,Guidance,Fair Lending,OH DFI,JUR-035,2025-07-07,9999-12-31,High,Active,4,2,State Notice 2025-1255,Q2 2025,Yes
EVT-00510,2025-05-10,Georgia New Mortgage Disclosure Requirement,New Rule,State-GA,GA DBF,JUR-010,2025-06-28,2026-01-14,Critical,Pending,25,3,State Notice 2025-0510,Q2 2025,No
EVT-00288,2025-05-11,HMDA 2024 data collection thresholds revised — open-end credit lines,Enforcement Action,HMDA,CFPB,JUR-052,2025-05-28,9999-12-31,Medium,Active,22,2,FR Doc. 2025-76097,Q2 2025,No
EVT-01705,2025-05-12,AMC registration renewal period opened,Guidance,Appraisal,HI DFI,JUR-011,2025-06-09,9999-12-31,Low,Active,9,0,State Notice 2025-1705,Q2 2025,No
EVT-01408,2025-05-13,Wisconsin: Proposed rule on state foreclosure prevention mediation,Proposed Rule,Foreclosure Prevention,WI DFI,JUR-049,2025-07-13,9999-12-31,High,Active,2,1,State Notice 2025-1408,Q2 2025,No
EVT-00431,2025-05-14,Alaska Annual MLO License Renewal Announcement,Guidance,State-AK,AK DBS,JUR-002,2025-07-29,9999-12-31,High,Active,13,3,State Notice 2025-0431,Q2 2025,No
EVT-00962,2025-05-14,Delaware: Published state mortgage fraud examination guidance,Guidance,Financial Crime,DE OSB,JUR-008,2025-07-10,9999-12-31,Medium,Active,1,0,State Notice 2025-0962,Q2 2025,No
EVT-00289,2025-05-15,VA funding fee schedule updated per 38 U.S.C. § 3729,Enforcement Action,VA,VA,JUR-058,2025-06-20,9999-12-31,Critical,Active,2,0,State Notice 2025-0289,Q2 2025,No
EVT-01415,2025-05-15,Wyoming: Updated state anti-predatory lending statute thresholds,Amendment,Predatory Lending,WY DOB,JUR-050,2025-06-10,9999-12-31,High,Active,4,2,State Notice 2025-1415,Q2 2025,Yes
EVT-01009,2025-05-16,Idaho: Final rule on state escrow account auditing requirements,Final Rule,Escrow,ID DOF,JUR-012,2025-07-12,9999-12-31,Medium,Active,5,0,State Notice 2025-1009,Q2 2025,No
EVT-00685,2025-05-17,New Mexico Fair Lending Examination Guidance,Guidance,State-NM,NM FID,JUR-031,2025-07-21,9999-12-31,Medium,Active,12,2,State Notice 2025-0685,Q2 2025,No
EVT-00290,2025-05-18,FDIC updated appraisal independence requirements under 12 CFR 323,Enforcement Action,Appraisal,FDIC,JUR-055,2025-08-10,2027-07-29,High,Pending,11,5,State Notice 2025-0290,Q2 2025,Yes
EVT-00599,2025-05-18,Maryland New Mortgage Disclosure Requirement,New Rule,State-MD,MD OFR,JUR-020,2025-08-14,9999-12-31,Medium,Active,10,1,State Notice 2025-0599,Q2 2025,Yes
EVT-00653,2025-05-18,Nebraska Fair Lending Examination Guidance,Guidance,State-NE,NE DBF,JUR-027,2025-07-19,9999-12-31,Medium,Active,14,2,State Notice 2025-0653,Q2 2025,No
EVT-01706,2025-05-19,Foreclosure mediation program quarterly report,Reporting,Foreclosure Prevention,IA DOB,JUR-015,2025-07-14,9999-12-31,Medium,Active,6,0,State Notice 2025-1706,Q2 2025,No
EVT-00291,2025-05-20,QM rule safe harbor points and fees thresholds adjusted for inflation,New Rule,QM,CFPB,JUR-052,2025-06-14,2026-08-08,Medium,Superseded,9,5,FR Doc. 2025-38720,Q2 2025,No
EVT-00558,2025-05-20,Kansas Mortgage Lending Law Amendment,Amendment,State-KS,KS OSBC,JUR-016,2025-06-03,9999-12-31,Medium,Active,21,1,State Notice 2025-0558,Q2 2025,No
EVT-01020,2025-05-20,Illinois: Final rule on state escrow account auditing requirements,Final Rule,Escrow,IL DFI,JUR-013,2025-06-16,9999-12-31,Medium,Active,4,0,State Notice 2025-1020,Q2 2025,No
EVT-01379,2025-05-20,Virginia: Proposed rule on state foreclosure prevention mediation,Proposed Rule,Foreclosure Prevention,VA BFI,JUR-046,2025-07-22,9999-12-31,High,Active,1,2,State Notice 2025-1379,Q2 2025,No
EVT-00539,2025-05-21,Indiana Annual MLO License Renewal Announcement,Guidance,State-IN,IN DFI,JUR-014,2025-07-30,9999-12-31,Medium,Active,23,3,State Notice 2025-0539,Q2 2025,Yes
EVT-01389,2025-05-21,Washington: Final rule on state escrow account auditing requirements,Final Rule,Escrow,WA DFI,JUR-047,2025-06-10,9999-12-31,Medium,Active,2,0,State Notice 2025-1389,Q2 2025,No
EVT-01244,2025-05-22,North Dakota: Updated state anti-predatory lending statute thresholds,Amendment,Predatory Lending,ND DFI,JUR-034,2025-06-29,2026-07-02,High,Pending,5,1,State Notice 2025-1244,Q2 2025,Yes
EVT-01358,2025-05-22,Utah: Published state mortgage fraud examination guidance,Guidance,Financial Crime,UT DRE,JUR-044,2025-08-18,9999-12-31,Medium,Active,4,1,State Notice 2025-1358,Q2 2025,No
EVT-01707,2025-05-23,Foreclosure mediation program quarterly report,Reporting,Foreclosure Prevention,NC OCB,JUR-033,2025-06-07,9999-12-31,Medium,Active,7,0,State Notice 2025-1707,Q2 2025,No
EVT-01708,2025-05-24,Annual privacy notice distribution deadline reminder,Guidance,Privacy,IA DOB,JUR-015,2025-05-25,9999-12-31,Low,Active,6,0,State Notice 2025-1708,Q2 2025,No
EVT-00292,2025-05-25,Pennsylvania DBS issued flood insurance escrow guidance,Amendment,Flood Insurance,PA DBS,JUR-038,2025-07-29,2027-01-06,Critical,Pending,11,2,State Notice 2025-0292,Q2 2025,No
EVT-00804,2025-05-25,Virginia Escrow Account Audit Requirements,Guidance,State-VA,VA BFI,JUR-046,2025-07-29,9999-12-31,Medium,Active,13,0,State Notice 2025-0804,Q2 2025,No
EVT-01709,2025-05-26,Enforcement consent order issued,Enforcement Action,Consumer Protection,DC DISB,JUR-051,2025-06-03,9999-12-31,High,Active,1,1,State Notice 2025-1709,Q2 2025,No
EVT-01204,2025-05-27,New Jersey: Final rule on state escrow account auditing requirements,Final Rule,Escrow,NJ DBI,JUR-030,2025-08-02,2027-02-04,Medium,Pending,2,1,State Notice 2025-1204,Q2 2025,No
EVT-00293,2025-05-28,North Carolina OCOB issued guidance on non-QM loan disclosures,New Rule,State Licensing,NC OFR,JUR-033,2025-08-07,2027-08-02,High,Superseded,24,0,State Notice 2025-0293,Q2 2025,No
EVT-00646,2025-05-28,Montana Predatory Lending Enforcement Action,Enforcement Action,State-MT,MT DBFI,JUR-026,2025-08-07,2026-03-01,Critical,Pending,20,2,State Notice 2025-0646,Q2 2025,No
EVT-01029,2025-05-28,Indiana: Updated state anti-predatory lending statute thresholds,Amendment,Predatory Lending,IN DFI,JUR-014,2025-06-27,2025-12-30,High,Pending,3,0,State Notice 2025-1029,Q2 2025,Yes
EVT-01710,2025-05-29,NMLS call report quarterly submission reminder,Guidance,Reporting,FL OFR,JUR-009,2025-06-28,2027-03-29,Low,Pending,10,0,State Notice 2025-1710,Q2 2025,No
EVT-00294,2025-05-30,Georgia DBF updated mortgage lender examination procedures,Guidance,Safety & Soundness,GA DBF,JUR-010,2025-08-09,2026-05-31,Medium,Pending,3,2,State Notice 2025-0294,Q2 2025,No
EVT-01278,2025-05-30,Oregon: Issued guidance on state fair lending examination priorities,Guidance,Fair Lending,OR DFR,JUR-037,2025-08-01,9999-12-31,High,Active,2,2,State Notice 2025-1278,Q2 2025,Yes
EVT-01288,2025-05-30,Pennsylvania: Final rule on state escrow account auditing requirements,Final Rule,Escrow,PA DBS,JUR-038,2025-07-02,9999-12-31,Medium,Active,1,0,State Notice 2025-1288,Q2 2025,No
EVT-01711,2025-05-31,MLO license examination cycle initiated,Guidance,State Licensing,AK DBS,JUR-002,2025-06-16,9999-12-31,Low,Active,4,0,State Notice 2025-1711,Q2 2025,No
EVT-00869,2025-06-01,CFPB finalized rule on mortgage junk fee prohibition,Final Rule,Consumer Protection,CFPB,JUR-052,2025-07-02,9999-12-31,Critical,Active,14,1,FR Doc. 2025-80889,Q2 2025,No
EVT-00295,2025-06-02,Ohio DFI updated QM points and fees exemption thresholds,Final Rule,QM,OH DFI,JUR-035,2025-08-17,9999-12-31,Medium,Active,20,5,State Notice 2025-0295,Q2 2025,No
EVT-01171,2025-06-02,Nebraska: Issued state usury law maximum rate adjustment,Amendment,Rate Limits,NE DBF,JUR-027,2025-06-17,9999-12-31,High,Active,5,0,State Notice 2025-1171,Q2 2025,No
EVT-01245,2025-06-03,North Dakota: Issued guidance on state fair lending examination priorities,Guidance,Fair Lending,ND DFI,JUR-034,2025-08-10,9999-12-31,High,Active,5,0,State Notice 2025-1245,Q2 2025,Yes
EVT-01712,2025-06-04,Community Reinvestment Act assessment area update,Amendment,CRA,VA,JUR-058,2025-07-23,9999-12-31,Medium,Active,4,1,FR Doc. 2025-47762,Q2 2025,No
EVT-00296,2025-06-05,CFPB enforcement action: servicer fined $28M for escrow violations,Interpretation,Servicing,CFPB,JUR-052,2025-08-25,2027-07-06,Low,Superseded,7,0,FR Doc. 2025-73619,Q2 2025,No
EVT-00744,2025-06-05,Rhode Island Annual MLO License Renewal Announcement,Guidance,State-RI,RI DBR,JUR-039,2025-08-08,9999-12-31,Critical,Active,4,1,State Notice 2025-0744,Q2 2025,No
EVT-01075,2025-06-05,Louisiana: Issued state usury law maximum rate adjustment,Amendment,Rate Limits,LA OFI,JUR-018,2025-06-25,9999-12-31,High,Active,1,1,State Notice 2025-1075,Q2 2025,Yes
EVT-01713,2025-06-06,Mortgage examination findings letter issued,Enforcement Action,Safety & Soundness,NE DBF,JUR-027,2025-07-26,2027-05-05,Medium,Pending,2,0,State Notice 2025-1713,Q2 2025,No
EVT-01714,2025-06-07,Regulatory sandbox application period opened,Guidance,Consumer Protection,RI DBR,JUR-039,2025-07-11,9999-12-31,Low,Active,1,0,State Notice 2025-1714,Q2 2025,No
EVT-01715,2025-06-08,Escrow account auditing standards reminder issued,Guidance,Escrow,ME BFI,JUR-019,2025-07-05,9999-12-31,Low,Active,1,1,State Notice 2025-1715,Q2 2025,No
EVT-00297,2025-06-09,Florida OFR updated mortgage broker continuing education requirements,Interpretation,State Licensing,FL OFR,JUR-009,2025-07-08,9999-12-31,Medium,Active,25,3,State Notice 2025-0297,Q2 2025,Yes
EVT-00434,2025-06-09,Alaska Foreclosure Procedure Update,Amendment,State-AK,AK DBS,JUR-002,2025-06-29,9999-12-31,Medium,Active,24,2,State Notice 2025-0434,Q2 2025,No
EVT-00920,2025-06-09,Arkansas: Updated state AMC registration and fee requirements,Amendment,Appraisal,AR SRD,JUR-004,2025-08-31,9999-12-31,Medium,Active,3,1,State Notice 2025-0920,Q2 2025,No
EVT-01064,2025-06-09,Kentucky: Issued state usury law maximum rate adjustment,Amendment,Rate Limits,KY DFI,JUR-017,2025-08-31,9999-12-31,High,Active,4,0,State Notice 2025-1064,Q2 2025,No
EVT-00298,2025-06-10,CFPB enforcement action: servicer fined $28M for escrow violations,Enforcement Action,Servicing,CFPB,JUR-052,2025-09-07,9999-12-31,Critical,Active,10,1,FR Doc. 2025-17522,Q2 2025,No
EVT-01416,2025-06-10,Wyoming: Issued guidance on state fair lending examination priorities,Guidance,Fair Lending,WY DOB,JUR-050,2025-06-19,9999-12-31,High,Active,3,1,State Notice 2025-1416,Q2 2025,Yes
EVT-01716,2025-06-11,Predatory lending database quarterly update,Reporting,Predatory Lending,ID DOF,JUR-012,2025-07-23,2026-04-16,Medium,Pending,9,1,State Notice 2025-1716,Q2 2025,Yes
EVT-01717,2025-06-12,Consumer complaint resolution procedures updated,Amendment,Consumer Protection,CFPB,JUR-052,2025-08-06,9999-12-31,Medium,Active,1,1,FR Doc. 2025-71621,Q2 2025,Yes
EVT-00299,2025-06-13,Georgia DBF updated mortgage lender examination procedures,Amendment,Safety & Soundness,GA DBF,JUR-010,2025-09-07,9999-12-31,Critical,Active,4,5,State Notice 2025-0299,Q2 2025,No
EVT-00718,2025-06-13,Ohio Predatory Lending Enforcement Action,Enforcement Action,State-OH,OH DFI,JUR-035,2025-08-03,9999-12-31,Low,Active,13,2,State Notice 2025-0718,Q2 2025,No
EVT-00697,2025-06-14,North Carolina Mortgage Lending Law Amendment,Amendment,State-NC,NC OCB,JUR-033,2025-06-25,9999-12-31,High,Active,12,0,State Notice 2025-0697,Q2 2025,Yes
EVT-00562,2025-06-15,Kansas Fair Lending Examination Guidance,Guidance,State-KS,KS OSBC,JUR-016,2025-06-25,9999-12-31,Medium,Active,14,2,State Notice 2025-0562,Q2 2025,No
EVT-00300,2025-06-16,CFPB enforcement action: servicer fined $28M for escrow violations,Enforcement Action,Servicing,CFPB,JUR-052,2025-07-01,2027-01-15,Medium,Pending,19,5,FR Doc. 2025-96607,Q2 2025,No
EVT-01718,2025-06-17,Annual privacy notice distribution deadline reminder,Guidance,Privacy,AK DBS,JUR-002,2025-08-06,9999-12-31,Low,Active,2,1,State Notice 2025-1718,Q2 2025,No
EVT-01719,2025-06-18,Predatory lending database quarterly update,Reporting,Predatory Lending,OCC,JUR-053,2025-08-04,2027-01-06,Medium,Pending,1,1,FR Doc. 2025-27486,Q2 2025,No
EVT-00301,2025-06-19,North Carolina OCOB issued guidance on non-QM loan disclosures,Guidance,State Licensing,NC OFR,JUR-033,2025-08-04,9999-12-31,Low,Active,16,1,State Notice 2025-0301,Q2 2025,No
EVT-01306,2025-06-19,South Carolina: Proposed rule on state foreclosure prevention mediation,Proposed Rule,Foreclosure Prevention,SC BFI,JUR-040,2025-08-17,9999-12-31,High,Active,5,1,State Notice 2025-1306,Q2 2025,No
EVT-01720,2025-06-20,Community Reinvestment Act assessment area update,Amendment,CRA,TN DFI,JUR-042,2025-08-12,9999-12-31,Medium,Active,8,1,State Notice 2025-1720,Q2 2025,Yes
EVT-00547,2025-06-21,Indiana MLO Continuing Education Update,Guidance,State-IN,IN DFI,JUR-014,2025-08-03,9999-12-31,High,Active,9,3,State Notice 2025-0547,Q2 2025,Yes
EVT-00779,2025-06-22,Texas Foreclosure Procedure Update,Amendment,State-TX,TX DBO,JUR-043,2025-08-01,9999-12-31,Medium,Active,14,1,State Notice 2025-0779,Q2 2025,No
EVT-00302,2025-06-23,OCC model risk management supervisory expectations updated,New Rule,Safety & Soundness,OCC,JUR-053,2025-07-20,9999-12-31,High,Active,17,3,State Notice 2025-0302,Q2 2025,Yes
EVT-01425,2025-06-24,DC: Issued guidance on state fair lending examination priorities,Guidance,Fair Lending,DC DISB,JUR-051,2025-08-07,9999-12-31,High,Active,2,0,State Notice 2025-1425,Q2 2025,No
EVT-01721,2025-06-25,Proposed rule comment period opened,Proposed Rule,State Licensing,FL OFR,JUR-009,2025-08-09,9999-12-31,Medium,Active,8,0,State Notice 2025-1721,Q2 2025,No
EVT-01021,2025-06-26,Illinois: Issued state usury law maximum rate adjustment,Amendment,Rate Limits,IL DFI,JUR-013,2025-07-26,2026-06-26,High,Pending,4,1,State Notice 2025-1021,Q2 2025,Yes
EVT-00303,2025-06-27,North Carolina OCOB issued guidance on non-QM loan disclosures,Proposed Rule,State Licensing,NC OFR,JUR-033,2025-07-30,9999-12-31,Low,Active,9,1,State Notice 2025-0303,Q2 2025,No
EVT-00592,2025-06-27,Maryland Annual MLO License Renewal Announcement,Guidance,State-MD,MD OFR,JUR-020,2025-07-18,9999-12-31,Low,Active,1,0,State Notice 2025-0592,Q2 2025,No
EVT-00304,2025-06-28,FDIC updated appraisal independence requirements under 12 CFR 323,Guidance,Appraisal,FDIC,JUR-055,2025-07-25,9999-12-31,High,Active,20,1,State Notice 2025-0304,Q2 2025,No
EVT-00620,2025-06-29,Minnesota Escrow Account Audit Requirements,Guidance,State-MN,MN DOC,JUR-023,2025-07-29,9999-12-31,Critical,Active,4,2,State Notice 2025-0620,Q2 2025,No
EVT-01722,2025-06-30,AMC registration renewal period opened,Guidance,Appraisal,DC DISB,JUR-051,2025-08-25,9999-12-31,Low,Active,1,1,State Notice 2025-1722,Q2 2025,No
EVT-00870,2025-07-01,OCC published AI risk management principles,Guidance,Model Risk,OCC,JUR-053,2025-07-14,9999-12-31,Medium,Active,19,3,FR Doc. 2025-94818,Q3 2025,No
EVT-01205,2025-07-01,New Jersey: Issued state usury law maximum rate adjustment,Amendment,Rate Limits,NJ DBI,JUR-030,2025-08-28,9999-12-31,High,Active,1,0,State Notice 2025-1205,Q3 2025,No
EVT-00305,2025-07-02,North Carolina OCOB issued guidance on non-QM loan disclosures,No-Action Letter,State Licensing,NC OFR,JUR-033,2025-09-20,9999-12-31,Medium,Active,14,1,State Notice 2025-0305,Q3 2025,No
EVT-01022,2025-07-03,Illinois: Updated state AMC registration and fee requirements,Amendment,Appraisal,IL DFI,JUR-013,2025-07-21,9999-12-31,Medium,Active,2,0,State Notice 2025-1022,Q3 2025,No
EVT-01723,2025-07-04,AMC registration renewal period opened,Guidance,Appraisal,OH DFI,JUR-035,2025-07-20,9999-12-31,Low,Active,1,0,State Notice 2025-1723,Q3 2025,No
EVT-01724,2025-07-05,AMC registration renewal period opened,Guidance,Appraisal,MN DOC,JUR-023,2025-08-29,9999-12-31,Low,Active,1,1,State Notice 2025-1724,Q3 2025,No
EVT-00306,2025-07-06,Illinois predatory lending counseling database reporting activated,Enforcement Action,Predatory Lending,IL DFI,JUR-013,2025-08-29,2026-11-03,Medium,Pending,1,3,State Notice 2025-0306,Q3 2025,No
EVT-01398,2025-07-07,West Virginia: Updated state anti-predatory lending statute thresholds,Amendment,Predatory Lending,WV DOB,JUR-048,2025-09-19,9999-12-31,High,Active,1,0,State Notice 2025-1398,Q3 2025,Yes
EVT-00307,2025-07-08,VA funding fee schedule updated per 38 U.S.C. § 3729,Proposed Rule,VA,VA,JUR-058,2025-09-20,2026-06-14,Medium,Superseded,13,4,State Notice 2025-0307,Q3 2025,No
EVT-00691,2025-07-08,New York Foreclosure Procedure Update,Amendment,State-NY,NY DFS,JUR-032,2025-08-06,9999-12-31,Medium,Active,10,3,State Notice 2025-0691,Q3 2025,No
EVT-01725,2025-07-09,Flood insurance escrow compliance review initiated,Guidance,Flood Insurance,MS DBCF,JUR-024,2025-09-03,9999-12-31,Low,Active,7,1,State Notice 2025-1725,Q3 2025,No
EVT-00504,2025-07-10,Georgia Mortgage Lending Law Amendment,Amendment,State-GA,GA DBF,JUR-010,2025-08-12,9999-12-31,Critical,Active,21,2,State Notice 2025-0504,Q3 2025,No
EVT-01125,2025-07-10,Minnesota: Proposed rule on state foreclosure prevention mediation,Proposed Rule,Foreclosure Prevention,MN DOC,JUR-023,2025-08-26,9999-12-31,High,Active,1,2,State Notice 2025-1125,Q3 2025,Yes
EVT-00308,2025-07-11,QM rule safe harbor points and fees thresholds adjusted for inflation,Interpretation,QM,CFPB,JUR-052,2025-09-13,2026-04-21,High,Superseded,9,3,FR Doc. 2025-36507,Q3 2025,Yes
EVT-01086,2025-07-11,Maine: Proposed rule on state foreclosure prevention mediation,Proposed Rule,Foreclosure Prevention,ME BFI,JUR-019,2025-08-17,9999-12-31,High,Active,5,0,State Notice 2025-1086,Q3 2025,Yes
EVT-01181,2025-07-11,Nevada: Final rule on state escrow account auditing requirements,Final Rule,Escrow,NV DML,JUR-028,2025-08-02,2026-11-27,Medium,Pending,3,2,State Notice 2025-1181,Q3 2025,Yes
EVT-01246,2025-07-11,North Dakota: Proposed rule on state foreclosure prevention mediation,Proposed Rule,Foreclosure Prevention,ND DFI,JUR-034,2025-08-08,9999-12-31,High,Active,2,0,State Notice 2025-1246,Q3 2025,Yes
EVT-00531,2025-07-12,Illinois Mortgage Lending Law Amendment,Amendment,State-IL,IL DFI,JUR-013,2025-08-12,9999-12-31,Critical,Active,19,3,State Notice 2025-0531,Q3 2025,No
EVT-00309,2025-07-13,OCC model risk management supervisory expectations updated,Amendment,Safety & Soundness,OCC,JUR-053,2025-08-19,2026-11-10,High,Superseded,18,2,State Notice 2025-0309,Q3 2025,No
EVT-01726,2025-07-14,Servicing examination checklist updated,Amendment,Servicing,ID DOF,JUR-012,2025-08-27,9999-12-31,Medium,Active,8,1,State Notice 2025-1726,Q3 2025,No
EVT-01191,2025-07-15,New Hampshire: Issued state usury law maximum rate adjustment,Amendment,Rate Limits,NH Banking,JUR-029,2025-09-06,9999-12-31,High,Active,5,2,State Notice 2025-1191,Q3 2025,Yes
EVT-00310,2025-07-16,Illinois predatory lending counseling database reporting activated,Final Rule,Predatory Lending,IL DFI,JUR-013,2025-09-06,9999-12-31,Medium,Active,6,2,State Notice 2025-0310,Q3 2025,Yes
EVT-01296,2025-07-17,Rhode Island: Updated state anti-predatory lending statute thresholds,Amendment,Predatory Lending,RI DBR,JUR-039,2025-08-24,9999-12-31,High,Active,2,2,State Notice 2025-1296,Q3 2025,Yes
EVT-00635,2025-07-18,Missouri Foreclosure Procedure Update,Amendment,State-MO,MO DOF,JUR-025,2025-09-20,9999-12-31,Medium,Active,4,0,State Notice 2025-0635,Q3 2025,No
EVT-01140,2025-07-18,Mississippi: Amended state consumer protection act mortgage provisions,Amendment,Consumer Protection,MS DBCF,JUR-024,2025-08-29,9999-12-31,High,Active,1,2,State Notice 2025-1140,Q3 2025,No
EVT-01234,2025-07-18,North Carolina: Issued state usury law maximum rate adjustment,Amendment,Rate Limits,NC OCB,JUR-033,2025-09-19,9999-12-31,High,Active,5,1,State Notice 2025-1234,Q3 2025,Yes
EVT-01331,2025-07-18,Tennessee: Updated state AMC registration and fee requirements,Amendment,Appraisal,TN DFI,JUR-042,2025-09-03,9999-12-31,Medium,Active,2,2,State Notice 2025-1331,Q3 2025,No
EVT-00311,2025-07-19,Pennsylvania DBS issued flood insurance escrow guidance,Final Rule,Flood Insurance,PA DBS,JUR-038,2025-07-26,9999-12-31,High,Active,4,5,State Notice 2025-0311,Q3 2025,No
EVT-00800,2025-07-19,Virginia Annual MLO License Renewal Announcement,Guidance,State-VA,VA BFI,JUR-046,2025-10-09,2027-08-25,Medium,Pending,5,3,State Notice 2025-0800,Q3 2025,No
EVT-00456,2025-07-20,Arkansas New Mortgage Disclosure Requirement,New Rule,State-AR,AR SRD,JUR-004,2025-08-25,2027-07-04,Medium,Superseded,5,1,State Notice 2025-0456,Q3 2025,No
EVT-00498,2025-07-21,Florida Escrow Account Audit Requirements,Guidance,State-FL,FL OFR,JUR-009,2025-09-12,2026-09-26,Low,Pending,23,3,State Notice 2025-0498,Q3 2025,No
EVT-00582,2025-07-21,Louisiana New Mortgage Disclosure Requirement,New Rule,State-LA,LA OFI,JUR-018,2025-08-31,9999-12-31,Critical,Active,23,1,State Notice 2025-0582,Q3 2025,No
EVT-01141,2025-07-21,Mississippi: Issued state AI/ML underwriting fairness guidance,Guidance,Model Risk,MS DBCF,JUR-024,2025-08-11,9999-12-31,Medium,Active,5,2,State Notice 2025-1141,Q3 2025,No
EVT-00312,2025-07-22,QM rule safe harbor points and fees thresholds adjusted for inflation,Proposed Rule,QM,CFPB,JUR-052,2025-08-12,2026-02-25,Critical,Pending,1,3,FR Doc. 2025-79180,Q3 2025,No
EVT-01094,2025-07-22,Maryland: Issued guidance on state fair lending examination priorities,Guidance,Fair Lending,MD OFR,JUR-020,2025-10-13,9999-12-31,High,Active,3,2,State Notice 2025-1094,Q3 2025,Yes
EVT-00949,2025-07-23,Connecticut: Final rule on state escrow account auditing requirements,Final Rule,Escrow,CT DOB,JUR-007,2025-10-12,2027-09-19,Medium,Pending,2,0,State Notice 2025-0949,Q3 2025,No
EVT-01727,2025-07-24,BSA/AML examination initiated for mortgage lenders,Enforcement Action,AML/BSA,CO DRE,JUR-006,2025-08-20,2026-05-07,High,Pending,7,0,State Notice 2025-1727,Q3 2025,Yes
EVT-01728,2025-07-25,Community Reinvestment Act assessment area update,Amendment,CRA,CT DOB,JUR-007,2025-08-14,9999-12-31,Medium,Active,5,1,State Notice 2025-1728,Q3 2025,No
EVT-01729,2025-07-26,Regulatory sandbox application period opened,Guidance,Consumer Protection,RI DBR,JUR-039,2025-09-09,9999-12-31,Low,Active,7,0,State Notice 2025-1729,Q3 2025,No
EVT-00313,2025-07-27,Georgia DBF updated mortgage lender examination procedures,Final Rule,Safety & Soundness,GA DBF,JUR-010,2025-08-17,2027-04-06,Critical,Superseded,20,2,State Notice 2025-0313,Q3 2025,No
EVT-00314,2025-07-28,USDA Rural Development updated guaranteed loan income limits,Amendment,Government Lending,USDA,JUR-059,2025-09-12,2026-03-16,Low,Pending,10,1,State Notice 2025-0314,Q3 2025,No
EVT-00802,2025-07-28,Virginia High-Cost Loan Threshold Update,Amendment,State-VA,VA BFI,JUR-046,2025-10-18,2026-10-23,Medium,Superseded,1,2,State Notice 2025-0802,Q3 2025,No
EVT-00885,2025-07-28,Alabama: Final rule on state escrow account auditing requirements,Final Rule,Escrow,AL SBD,JUR-001,2025-10-22,9999-12-31,Medium,Active,5,2,State Notice 2025-0885,Q3 2025,No
EVT-01095,2025-07-29,Maryland: Proposed rule on state foreclosure prevention mediation,Proposed Rule,Foreclosure Prevention,MD OFR,JUR-020,2025-10-15,9999-12-31,High,Active,4,1,State Notice 2025-1095,Q3 2025,No
EVT-01321,2025-07-29,South Dakota: Issued state usury law maximum rate adjustment,Amendment,Rate Limits,SD DOB,JUR-041,2025-08-02,9999-12-31,High,Active,2,1,State Notice 2025-1321,Q3 2025,No
EVT-00597,2025-07-30,Maryland Fair Lending Examination Guidance,Guidance,State-MD,MD OFR,JUR-020,2025-08-31,9999-12-31,Low,Active,15,2,State Notice 2025-0597,Q3 2025,No
EVT-00661,2025-07-30,Nevada Fair Lending Examination Guidance,Guidance,State-NV,NV DML,JUR-028,2025-08-08,9999-12-31,Critical,Active,19,3,State Notice 2025-0661,Q3 2025,No
EVT-01730,2025-07-31,Enforcement consent order issued,Enforcement Action,Consumer Protection,NH Banking,JUR-029,2025-09-15,9999-12-31,High,Active,6,1,State Notice 2025-1730,Q3 2025,No
EVT-01731,2025-08-01,Flood insurance escrow compliance review initiated,Guidance,Flood Insurance,DC DISB,JUR-051,2025-08-05,9999-12-31,Low,Active,7,1,State Notice 2025-1731,Q3 2025,No
EVT-00315,2025-08-02,Illinois predatory lending counseling database reporting activated,Proposed Rule,Predatory Lending,IL DFI,JUR-013,2025-08-11,9999-12-31,High,Active,3,3,State Notice 2025-0315,Q3 2025,No
EVT-01732,2025-08-03,Annual examination schedule published,Guidance,Safety & Soundness,WV DOB,JUR-048,2025-09-15,9999-12-31,Low,Active,3,0,State Notice 2025-1732,Q3 2025,No
EVT-00316,2025-08-04,USDA Rural Development updated guaranteed loan income limits,Final Rule,Government Lending,USDA,JUR-059,2025-08-04,9999-12-31,Medium,Active,2,5,State Notice 2025-0316,Q3 2025,No
EVT-00675,2025-08-05,New Jersey Foreclosure Procedure Update,Amendment,State-NJ,NJ DBI,JUR-030,2025-10-18,2026-05-28,Medium,Superseded,15,1,State Notice 2025-0675,Q3 2025,No
EVT-00907,2025-08-05,Arizona: Proposed rule on state foreclosure prevention mediation,Proposed Rule,Foreclosure Prevention,AZ DFI,JUR-003,2025-09-16,9999-12-31,High,Active,2,0,State Notice 2025-0907,Q3 2025,No
EVT-00317,2025-08-06,New York DFS cybersecurity requirements extended to mortgage servicers,Amendment,Servicing,NY DFS,JUR-032,2025-09-20,9999-12-31,Critical,Active,9,3,State Notice 2025-0317,Q3 2025,No
EVT-01222,2025-08-06,New York: Final rule on state escrow account auditing requirements,Final Rule,Escrow,NY DFS,JUR-032,2025-08-12,9999-12-31,Medium,Active,5,0,State Notice 2025-1222,Q3 2025,No
EVT-01192,2025-08-07,New Hampshire: Updated state AMC registration and fee requirements,Amendment,Appraisal,NH Banking,JUR-029,2025-09-03,2026-03-14,Medium,Pending,2,1,State Notice 2025-1192,Q3 2025,No
EVT-01247,2025-08-07,North Dakota: Final rule on state escrow account auditing requirements,Final Rule,Escrow,ND DFI,JUR-034,2025-08-08,9999-12-31,Medium,Active,3,0,State Notice 2025-1247,Q3 2025,No
EVT-00670,2025-08-08,New Hampshire Predatory Lending Enforcement Action,Enforcement Action,State-NH,NH BD,JUR-029,2025-10-19,2027-07-20,Critical,Pending,22,2,State Notice 2025-0670,Q3 2025,No
EVT-01126,2025-08-08,Minnesota: Final rule on state escrow account auditing requirements,Final Rule,Escrow,MN DOC,JUR-023,2025-10-27,9999-12-31,Medium,Active,5,0,State Notice 2025-1126,Q3 2025,No
EVT-00502,2025-08-09,Florida MLO Continuing Education Update,Guidance,State-FL,FL OFR,JUR-009,2025-11-02,2027-03-21,Medium,Pending,25,3,State Notice 2025-0502,Q3 2025,No
EVT-00318,2025-08-10,Fannie Mae desktop appraisal eligibility expanded nationwide,Guidance,GSE,Fannie Mae,JUR-057,2025-11-03,9999-12-31,Low,Active,18,0,State Notice 2025-0318,Q3 2025,No
EVT-00494,2025-08-10,Florida Annual MLO License Renewal Announcement,Guidance,State-FL,FL OFR,JUR-009,2025-10-05,2026-11-07,Medium,Superseded,17,3,State Notice 2025-0494,Q3 2025,No
EVT-00522,2025-08-10,Idaho Mortgage Lending Law Amendment,Amendment,State-ID,ID DOF,JUR-012,2025-11-07,9999-12-31,Medium,Active,6,0,State Notice 2025-0522,Q3 2025,Yes
EVT-01307,2025-08-11,South Carolina: Final rule on state escrow account auditing requirements,Final Rule,Escrow,SC BFI,JUR-040,2025-09-02,2027-07-14,Medium,Pending,5,0,State Notice 2025-1307,Q3 2025,No
EVT-01182,2025-08-12,Nevada: Issued state usury law maximum rate adjustment,Amendment,Rate Limits,NV DML,JUR-028,2025-09-30,9999-12-31,High,Active,5,0,State Notice 2025-1182,Q3 2025,Yes
EVT-00757,2025-08-13,South Carolina Fair Lending Examination Guidance,Guidance,State-SC,SC BFI,JUR-040,2025-08-28,9999-12-31,Medium,Active,8,1,State Notice 2025-0757,Q3 2025,No
EVT-00963,2025-08-13,Delaware: Amended state consumer protection act mortgage provisions,Amendment,Consumer Protection,DE OSB,JUR-008,2025-10-23,9999-12-31,High,Active,3,0,State Notice 2025-0963,Q3 2025,Yes
EVT-00319,2025-08-14,Fannie Mae desktop appraisal eligibility expanded nationwide,Interpretation,GSE,Fannie Mae,JUR-057,2025-08-23,9999-12-31,High,Active,3,3,State Notice 2025-0319,Q3 2025,No
EVT-00871,2025-08-15,FDIC updated examination frequency for small banks,Amendment,Safety & Soundness,FDIC,JUR-055,2025-09-15,9999-12-31,Low,Active,8,0,FR Doc. 2025-22907,Q3 2025,No
EVT-00320,2025-08-16,OCC model risk management supervisory expectations updated,Final Rule,Safety & Soundness,OCC,JUR-053,2025-10-10,9999-12-31,High,Active,6,3,State Notice 2025-0320,Q3 2025,No
EVT-01733,2025-08-17,Escrow account auditing standards reminder issued,Guidance,Escrow,RI DBR,JUR-039,2025-09-29,9999-12-31,Low,Active,8,0,State Notice 2025-1733,Q3 2025,No
EVT-01734,2025-08-18,Escrow account auditing standards reminder issued,Guidance,Escrow,WY DOB,JUR-050,2025-09-10,2027-03-14,Low,Pending,7,0,State Notice 2025-1734,Q3 2025,No
EVT-01735,2025-08-19,Annual examination schedule published,Guidance,Safety & Soundness,NH Banking,JUR-029,2025-09-11,9999-12-31,Low,Active,8,0,State Notice 2025-1735,Q3 2025,No
EVT-00321,2025-08-20,North Carolina OCOB issued guidance on non-QM loan disclosures,New Rule,State Licensing,NC OFR,JUR-033,2025-09-01,2027-07-17,Low,Superseded,15,1,State Notice 2025-0321,Q3 2025,No
EVT-00481,2025-08-21,Connecticut Fair Lending Examination Guidance,Guidance,State-CT,CT DOB,JUR-007,2025-09-18,9999-12-31,High,Active,12,2,State Notice 2025-0481,Q3 2025,No
EVT-01736,2025-08-22,Regulatory sandbox application period opened,Guidance,Consumer Protection,MS DBCF,JUR-024,2025-09-11,9999-12-31,Low,Active,5,0,State Notice 2025-1736,Q3 2025,No
EVT-00322,2025-08-23,FRB Regulation B amended to add sexual orientation to protected classes,New Rule,Fair Lending,FRB,JUR-052,2025-08-24,9999-12-31,Medium,Active,21,5,FR Doc. 2025-68806,Q3 2025,No
EVT-00613,2025-08-23,Michigan Fair Lending Examination Guidance,Guidance,State-MI,MI DIFS,JUR-022,2025-08-26,2027-01-23,Medium,Pending,20,1,State Notice 2025-0613,Q3 2025,No
EVT-00323,2025-08-24,Pennsylvania DBS issued flood insurance escrow guidance,Amendment,Flood Insurance,PA DBS,JUR-038,2025-10-05,9999-12-31,Medium,Active,24,0,State Notice 2025-0323,Q3 2025,Yes
EVT-01737,2025-08-25,Mortgage examination findings letter issued,Enforcement Action,Safety & Soundness,ID DOF,JUR-012,2025-09-27,9999-12-31,Medium,Active,7,0,State Notice 2025-1737,Q3 2025,Yes
EVT-00584,2025-08-26,Maine Annual MLO License Renewal Announcement,Guidance,State-ME,ME BFI,JUR-019,2025-11-24,9999-12-31,Critical,Active,13,1,State Notice 2025-0584,Q3 2025,No
EVT-01738,2025-08-27,Flood insurance escrow compliance review initiated,Guidance,Flood Insurance,USDA,JUR-059,2025-10-05,9999-12-31,Low,Active,8,0,FR Doc. 2025-47431,Q3 2025,No
EVT-01739,2025-08-28,Mortgage examination findings letter issued,Enforcement Action,Safety & Soundness,CA DFPI,JUR-005,2025-09-08,9999-12-31,Medium,Active,8,0,State Notice 2025-1739,Q3 2025,No
EVT-00324,2025-08-29,Ohio DFI updated QM points and fees exemption thresholds,Enforcement Action,QM,OH DFI,JUR-035,2025-11-15,2027-05-24,Medium,Superseded,2,5,State Notice 2025-0324,Q3 2025,No
EVT-00639,2025-08-29,Missouri New Mortgage Disclosure Requirement,New Rule,State-MO,MO DOF,JUR-025,2025-09-06,9999-12-31,High,Active,3,3,State Notice 2025-0639,Q3 2025,Yes
EVT-00774,2025-08-30,Tennessee Predatory Lending Enforcement Action,Enforcement Action,State-TN,TN DFI,JUR-042,2025-09-01,9999-12-31,Medium,Active,22,0,State Notice 2025-0774,Q3 2025,No
EVT-01740,2025-08-31,Annual privacy notice distribution deadline reminder,Guidance,Privacy,TX DBO,JUR-043,2025-09-22,9999-12-31,Low,Active,2,1,State Notice 2025-1740,Q3 2025,No
EVT-00325,2025-09-01,Texas Department of Savings issued escrow account audit requirements,Enforcement Action,Escrow,TX DBO,JUR-043,2025-11-22,2026-09-18,Low,Pending,14,5,State Notice 2025-0325,Q3 2025,No
EVT-00536,2025-09-02,Illinois Predatory Lending Enforcement Action,Enforcement Action,State-IL,IL DFI,JUR-013,2025-11-23,9999-12-31,Low,Active,15,0,State Notice 2025-0536,Q3 2025,No
EVT-00511,2025-09-03,Georgia MLO Continuing Education Update,Guidance,State-GA,GA DBF,JUR-010,2025-09-03,9999-12-31,Medium,Active,25,3,State Notice 2025-0511,Q3 2025,No
EVT-00326,2025-09-04,USDA Rural Development updated guaranteed loan income limits,Interpretation,Government Lending,USDA,JUR-059,2025-09-20,2026-08-28,High,Pending,24,3,State Notice 2025-0326,Q3 2025,Yes
EVT-00795,2025-09-04,Vermont Foreclosure Procedure Update,Amendment,State-VT,VT DFR,JUR-045,2025-11-26,9999-12-31,High,Active,11,2,State Notice 2025-0795,Q3 2025,No
EVT-00327,2025-09-05,RESPA Section 8 interpretation clarified for AfBA arrangements,Interpretation,RESPA,CFPB,JUR-052,2025-11-01,9999-12-31,High,Active,16,0,FR Doc. 2025-48306,Q3 2025,Yes
EVT-00811,2025-09-06,Washington Foreclosure Procedure Update,Amendment,State-WA,WA DFI,JUR-047,2025-09-25,2027-04-10,Medium,Superseded,14,3,State Notice 2025-0811,Q3 2025,No
EVT-00713,2025-09-07,Ohio Mortgage Lending Law Amendment,Amendment,State-OH,OH DFI,JUR-035,2025-11-26,9999-12-31,High,Active,3,3,State Notice 2025-0713,Q3 2025,No
EVT-00846,2025-09-07,District of Columbia Predatory Lending Enforcement Action,Enforcement Action,State-DC,DC DISB,JUR-051,2025-10-08,2026-11-01,Low,Pending,13,1,State Notice 2025-0846,Q3 2025,No
EVT-01741,2025-09-08,AMC registration renewal period opened,Guidance,Appraisal,HUD,JUR-054,2025-10-10,9999-12-31,Low,Active,2,0,FR Doc. 2025-39391,Q3 2025,No
EVT-00328,2025-09-09,ECOA small business data collection rule effective date confirmed,Enforcement Action,ECOA,FRB,JUR-052,2025-11-11,9999-12-31,High,Active,16,4,FR Doc. 2025-82652,Q3 2025,No
EVT-01127,2025-09-09,Minnesota: Issued state usury law maximum rate adjustment,Amendment,Rate Limits,MN DOC,JUR-023,2025-09-10,9999-12-31,High,Active,1,1,State Notice 2025-1127,Q3 2025,Yes
EVT-01742,2025-09-10,Escrow account auditing standards reminder issued,Guidance,Escrow,NY DFS,JUR-032,2025-10-03,9999-12-31,Low,Active,9,1,State Notice 2025-1742,Q3 2025,No
EVT-01743,2025-09-11,High-cost mortgage threshold annual adjustment,Amendment,High-Cost Mortgage,HUD,JUR-054,2025-11-06,2026-08-01,High,Pending,5,1,FR Doc. 2025-18617,Q3 2025,No
EVT-01744,2025-09-12,Enforcement consent order issued,Enforcement Action,Consumer Protection,VA,JUR-058,2025-11-03,9999-12-31,High,Active,2,0,FR Doc. 2025-85353,Q3 2025,No
EVT-00329,2025-09-13,CFPB published circular on digital mortgage advertising disclosures,Amendment,UDAAP,CFPB,JUR-052,2025-11-12,2027-05-15,Medium,Pending,20,3,FR Doc. 2025-72686,Q3 2025,No
EVT-00330,2025-09-14,USDA Rural Development updated guaranteed loan income limits,Enforcement Action,Government Lending,USDA,JUR-059,2025-11-27,9999-12-31,Medium,Active,5,5,State Notice 2025-0330,Q3 2025,No
EVT-00937,2025-09-15,Colorado: Updated state anti-predatory lending statute thresholds,Amendment,Predatory Lending,CO DRE,JUR-006,2025-10-27,9999-12-31,High,Active,3,2,State Notice 2025-0937,Q3 2025,Yes
EVT-01308,2025-09-15,South Carolina: Issued state usury law maximum rate adjustment,Amendment,Rate Limits,SC BFI,JUR-040,2025-10-08,9999-12-31,High,Active,5,2,State Notice 2025-1308,Q3 2025,No
EVT-00752,2025-09-16,South Carolina Annual MLO License Renewal Announcement,Guidance,State-SC,SC BFI,JUR-040,2025-10-17,2027-06-04,Critical,Superseded,10,3,State Notice 2025-0752,Q3 2025,No
EVT-01235,2025-09-16,North Carolina: Updated state AMC registration and fee requirements,Amendment,Appraisal,NC OCB,JUR-033,2025-12-11,9999-12-31,Medium,Active,3,1,State Notice 2025-1235,Q3 2025,Yes
EVT-00331,2025-09-17,CFPB enforcement action: servicer fined $28M for escrow violations,Interpretation,Servicing,CFPB,JUR-052,2025-12-06,2027-05-11,Low,Pending,6,2,FR Doc. 2025-91246,Q3 2025,No
EVT-00950,2025-09-17,Connecticut: Issued state usury law maximum rate adjustment,Amendment,Rate Limits,CT DOB,JUR-007,2025-10-14,9999-12-31,High,Active,1,2,State Notice 2025-0950,Q3 2025,Yes
EVT-00542,2025-09-18,Indiana Foreclosure Procedure Update,Amendment,State-IN,IN DFI,JUR-014,2025-10-23,2027-10-10,Low,Pending,20,2,State Notice 2025-0542,Q3 2025,No
EVT-00754,2025-09-18,South Carolina High-Cost Loan Threshold Update,Amendment,State-SC,SC BFI,JUR-040,2025-11-16,9999-12-31,High,Active,20,1,State Notice 2025-0754,Q3 2025,No
EVT-00573,2025-09-19,Kentucky New Mortgage Disclosure Requirement,New Rule,State-KY,KY DFI,JUR-017,2025-10-04,2026-12-03,High,Superseded,23,1,State Notice 2025-0573,Q3 2025,Yes
EVT-01745,2025-09-20,Annual privacy notice distribution deadline reminder,Guidance,Privacy,TN DFI,JUR-042,2025-09-24,9999-12-31,Low,Active,8,1,State Notice 2025-1745,Q3 2025,No
EVT-01746,2025-09-21,Annual examination schedule published,Guidance,Safety & Soundness,MN DOC,JUR-023,2025-09-29,9999-12-31,Low,Active,9,0,State Notice 2025-1746,Q3 2025,No
EVT-00332,2025-09-22,TILA APR calculation methodology updated for SOFR-indexed ARMs,Proposed Rule,TILA,CFPB,JUR-052,2025-09-26,9999-12-31,Critical,Active,14,3,FR Doc. 2025-78385,Q3 2025,No
EVT-00333,2025-09-23,HUD issued mortgagee letter on HECM principal limit factor update,Guidance,Reverse Mortgage,HUD,JUR-054,2025-11-03,9999-12-31,Critical,Active,10,3,State Notice 2025-0333,Q3 2025,No
EVT-00938,2025-09-23,Colorado: Issued guidance on state fair lending examination priorities,Guidance,Fair Lending,CO DRE,JUR-006,2025-10-23,9999-12-31,High,Active,5,1,State Notice 2025-0938,Q3 2025,No
EVT-01747,2025-09-24,Interpretation letter issued on state disclosure requirements,Interpretation,Disclosure,VA,JUR-058,2025-11-21,2026-07-15,Medium,Pending,9,0,FR Doc. 2025-26274,Q3 2025,No
EVT-01748,2025-09-25,AMC registration renewal period opened,Guidance,Appraisal,MA DOB,JUR-021,2025-10-09,2027-03-27,Low,Pending,9,1,State Notice 2025-1748,Q3 2025,No
EVT-00334,2025-09-26,Georgia DBF updated mortgage lender examination procedures,No-Action Letter,Safety & Soundness,GA DBF,JUR-010,2025-10-24,2026-06-11,Medium,Superseded,22,3,State Notice 2025-0334,Q3 2025,No
EVT-01159,2025-09-26,Montana: Updated state anti-predatory lending statute thresholds,Amendment,Predatory Lending,MT DBFI,JUR-026,2025-11-24,9999-12-31,High,Active,3,0,State Notice 2025-1159,Q3 2025,Yes
EVT-01749,2025-09-27,MLO license examination cycle initiated,Guidance,State Licensing,KY DFI,JUR-017,2025-10-09,9999-12-31,Low,Active,9,1,State Notice 2025-1749,Q3 2025,No
EVT-01750,2025-09-28,Escrow account auditing standards reminder issued,Guidance,Escrow,SD DOB,JUR-041,2025-10-17,9999-12-31,Low,Active,10,0,State Notice 2025-1750,Q3 2025,No
EVT-00335,2025-09-29,CFPB enforcement action: servicer fined $28M for escrow violations,Amendment,Servicing,CFPB,JUR-052,2025-12-21,9999-12-31,High,Active,5,5,FR Doc. 2025-33163,Q3 2025,Yes
EVT-01359,2025-09-29,Utah: Amended state consumer protection act mortgage provisions,Amendment,Consumer Protection,UT DRE,JUR-044,2025-11-13,9999-12-31,High,Active,4,2,State Notice 2025-1359,Q3 2025,No
EVT-00527,2025-09-30,Idaho Predatory Lending Enforcement Action,Enforcement Action,State-ID,ID DOF,JUR-012,2025-10-13,9999-12-31,Medium,Active,21,3,State Notice 2025-0527,Q3 2025,No
EVT-00633,2025-10-01,Missouri Mortgage Lending Law Amendment,Amendment,State-MO,MO DOF,JUR-025,2025-11-26,9999-12-31,High,Active,11,1,State Notice 2025-0633,Q4 2025,Yes
EVT-01751,2025-10-02,BSA/AML examination initiated for mortgage lenders,Enforcement Action,AML/BSA,PA DBS,JUR-038,2025-10-11,2026-10-01,High,Pending,10,1,State Notice 2025-1751,Q4 2025,Yes
EVT-01160,2025-10-03,Montana: Issued guidance on state fair lending examination priorities,Guidance,Fair Lending,MT DBFI,JUR-026,2025-12-21,9999-12-31,High,Active,2,1,State Notice 2025-1160,Q4 2025,No
EVT-01289,2025-10-03,Pennsylvania: Issued state usury law maximum rate adjustment,Amendment,Rate Limits,PA DBS,JUR-038,2025-10-06,9999-12-31,High,Active,3,1,State Notice 2025-1289,Q4 2025,No
EVT-00336,2025-10-04,FRB Regulation B amended to add sexual orientation to protected classes,Final Rule,Fair Lending,FRB,JUR-052,2025-12-10,2027-09-22,High,Superseded,2,2,FR Doc. 2025-70506,Q4 2025,Yes
EVT-00616,2025-10-05,Minnesota Annual MLO License Renewal Announcement,Guidance,State-MN,MN DOC,JUR-023,2025-10-19,9999-12-31,High,Active,18,1,State Notice 2025-0616,Q4 2025,No
EVT-01752,2025-10-06,Regulatory sandbox application period opened,Guidance,Consumer Protection,AK DBS,JUR-002,2025-10-08,9999-12-31,Low,Active,10,1,State Notice 2025-1752,Q4 2025,No
EVT-00337,2025-10-07,Illinois predatory lending counseling database reporting activated,Enforcement Action,Predatory Lending,IL DFI,JUR-013,2025-11-18,9999-12-31,Critical,Active,16,4,State Notice 2025-0337,Q4 2025,No
EVT-01390,2025-10-07,Washington: Issued state usury law maximum rate adjustment,Amendment,Rate Limits,WA DFI,JUR-047,2025-10-13,9999-12-31,High,Active,4,0,State Notice 2025-1390,Q4 2025,Yes
EVT-00908,2025-10-08,Arizona: Final rule on state escrow account auditing requirements,Final Rule,Escrow,AZ DFI,JUR-003,2025-12-17,2027-11-22,Medium,Pending,2,1,State Notice 2025-0908,Q4 2025,No
EVT-01206,2025-10-08,New Jersey: Updated state AMC registration and fee requirements,Amendment,Appraisal,NJ DBI,JUR-030,2025-10-23,9999-12-31,Medium,Active,5,1,State Notice 2025-1206,Q4 2025,No
EVT-00338,2025-10-09,Texas Department of Savings issued escrow account audit requirements,Enforcement Action,Escrow,TX DBO,JUR-043,2025-10-17,9999-12-31,Low,Active,11,4,State Notice 2025-0338,Q4 2025,No
EVT-00499,2025-10-09,Florida Fair Lending Examination Guidance,Guidance,State-FL,FL OFR,JUR-009,2025-11-29,9999-12-31,High,Active,21,0,State Notice 2025-0499,Q4 2025,Yes
EVT-01023,2025-10-10,Illinois: Published state mortgage fraud examination guidance,Guidance,Financial Crime,IL DFI,JUR-013,2025-11-30,9999-12-31,Medium,Active,5,1,State Notice 2025-1023,Q4 2025,No
EVT-00585,2025-10-11,Maine Mortgage Lending Law Amendment,Amendment,State-ME,ME BFI,JUR-019,2025-10-15,2027-03-18,High,Pending,4,3,State Notice 2025-0585,Q4 2025,Yes
EVT-00798,2025-10-11,Vermont Predatory Lending Enforcement Action,Enforcement Action,State-VT,VT DFR,JUR-045,2025-11-03,9999-12-31,Low,Active,2,0,State Notice 2025-0798,Q4 2025,No
EVT-01753,2025-10-12,Flood insurance escrow compliance review initiated,Guidance,Flood Insurance,WY DOB,JUR-050,2025-11-17,9999-12-31,Low,Active,7,0,State Notice 2025-1753,Q4 2025,No
EVT-00339,2025-10-13,HUD issued mortgagee letter on HECM principal limit factor update,Enforcement Action,Reverse Mortgage,HUD,JUR-054,2025-11-20,2026-09-15,Low,Pending,13,3,State Notice 2025-0339,Q4 2025,No
EVT-01754,2025-10-14,NMLS call report quarterly submission reminder,Guidance,Reporting,FRB,JUR-056,2025-11-02,2027-09-07,Low,Pending,7,1,FR Doc. 2025-42096,Q4 2025,No
EVT-00340,2025-10-15,CFPB enforcement action: servicer fined $28M for escrow violations,New Rule,Servicing,CFPB,JUR-052,2025-12-15,9999-12-31,High,Active,10,1,FR Doc. 2025-40839,Q4 2025,No
EVT-00761,2025-10-15,South Dakota Mortgage Lending Law Amendment,Amendment,State-SD,SD DOB,JUR-041,2025-10-17,9999-12-31,High,Active,17,3,State Notice 2025-0761,Q4 2025,No
EVT-01256,2025-10-15,Ohio: Proposed rule on state foreclosure prevention mediation,Proposed Rule,Foreclosure Prevention,OH DFI,JUR-035,2025-11-22,2026-12-04,High,Pending,4,1,State Notice 2025-1256,Q4 2025,No
EVT-00596,2025-10-16,Maryland Escrow Account Audit Requirements,Guidance,State-MD,MD OFR,JUR-020,2025-12-29,9999-12-31,High,Active,15,2,State Notice 2025-0596,Q4 2025,No
EVT-00341,2025-10-17,Fannie Mae desktop appraisal eligibility expanded nationwide,Amendment,GSE,Fannie Mae,JUR-057,2025-11-12,9999-12-31,Low,Active,3,0,State Notice 2025-0341,Q4 2025,No
EVT-01755,2025-10-18,Regulatory sandbox application period opened,Guidance,Consumer Protection,CA DFPI,JUR-005,2025-12-01,9999-12-31,Low,Active,1,0,State Notice 2025-1755,Q4 2025,No
EVT-01756,2025-10-19,Regulatory sandbox application period opened,Guidance,Consumer Protection,NE DBF,JUR-027,2025-11-18,9999-12-31,Low,Active,8,0,State Notice 2025-1756,Q4 2025,No
EVT-00705,2025-10-20,North Dakota Mortgage Lending Law Amendment,Amendment,State-ND,ND DFI,JUR-034,2026-01-04,9999-12-31,Medium,Active,21,1,State Notice 2025-0705,Q4 2025,No
EVT-00886,2025-10-20,Alabama: Issued state usury law maximum rate adjustment,Amendment,Rate Limits,AL SBD,JUR-001,2025-12-28,2026-07-19,High,Pending,1,1,State Notice 2025-0886,Q4 2025,Yes
EVT-00921,2025-10-20,Arkansas: Published state mortgage fraud examination guidance,Guidance,Financial Crime,AR SRD,JUR-004,2026-01-16,9999-12-31,Medium,Active,5,1,State Notice 2025-0921,Q4 2025,No
EVT-01096,2025-10-21,Maryland: Final rule on state escrow account auditing requirements,Final Rule,Escrow,MD OFR,JUR-020,2025-10-24,2026-10-30,Medium,Pending,1,0,State Notice 2025-1096,Q4 2025,No
EVT-01161,2025-10-21,Montana: Proposed rule on state foreclosure prevention mediation,Proposed Rule,Foreclosure Prevention,MT DBFI,JUR-026,2026-01-16,9999-12-31,High,Active,5,0,State Notice 2025-1161,Q4 2025,Yes
EVT-01236,2025-10-21,North Carolina: Published state mortgage fraud examination guidance,Guidance,Financial Crime,NC OCB,JUR-033,2026-01-16,9999-12-31,Medium,Active,4,0,State Notice 2025-1236,Q4 2025,No
EVT-01371,2025-10-21,Vermont: Updated state AMC registration and fee requirements,Amendment,Appraisal,VT DFR,JUR-045,2025-12-01,9999-12-31,Medium,Active,2,2,State Notice 2025-1371,Q4 2025,No
EVT-00342,2025-10-22,QM rule safe harbor points and fees thresholds adjusted for inflation,Final Rule,QM,CFPB,JUR-052,2025-11-27,9999-12-31,Medium,Active,9,1,FR Doc. 2025-73402,Q4 2025,No
EVT-00435,2025-10-22,Alaska Escrow Account Audit Requirements,Guidance,State-AK,AK DBS,JUR-002,2025-11-13,9999-12-31,Medium,Active,21,2,State Notice 2025-0435,Q4 2025,No
EVT-01108,2025-10-22,Massachusetts: Issued state usury law maximum rate adjustment,Amendment,Rate Limits,MA DOB,JUR-021,2026-01-14,9999-12-31,High,Active,3,2,State Notice 2025-1108,Q4 2025,Yes
EVT-00343,2025-10-23,RESPA Section 8 interpretation clarified for AfBA arrangements,New Rule,RESPA,CFPB,JUR-052,2026-01-07,9999-12-31,Low,Active,9,5,FR Doc. 2025-52714,Q4 2025,No
EVT-00989,2025-10-23,Georgia: Published state mortgage fraud examination guidance,Guidance,Financial Crime,GA DBF,JUR-010,2025-12-20,9999-12-31,Medium,Active,1,1,State Notice 2025-0989,Q4 2025,No
EVT-01010,2025-10-23,Idaho: Issued state usury law maximum rate adjustment,Amendment,Rate Limits,ID DOF,JUR-012,2025-12-14,9999-12-31,High,Active,1,2,State Notice 2025-1010,Q4 2025,Yes
EVT-01076,2025-10-23,Louisiana: Updated state AMC registration and fee requirements,Amendment,Appraisal,LA OFI,JUR-018,2025-11-29,9999-12-31,Medium,Active,4,1,State Notice 2025-1076,Q4 2025,No
EVT-01237,2025-10-23,North Carolina: Amended state consumer protection act mortgage provisions,Amendment,Consumer Protection,NC OCB,JUR-033,2025-10-28,9999-12-31,High,Active,2,2,State Notice 2025-1237,Q4 2025,Yes
EVT-01271,2025-10-23,Oklahoma: Issued state AI/ML underwriting fairness guidance,Guidance,Model Risk,OK Banking,JUR-036,2025-12-29,9999-12-31,Medium,Active,2,2,State Notice 2025-1271,Q4 2025,No
EVT-01030,2025-10-24,Indiana: Issued guidance on state fair lending examination priorities,Guidance,Fair Lending,IN DFI,JUR-014,2025-12-09,2026-12-22,High,Pending,5,0,State Notice 2025-1030,Q4 2025,No
EVT-01757,2025-10-25,Annual privacy notice distribution deadline reminder,Guidance,Privacy,RI DBR,JUR-039,2025-11-03,9999-12-31,Low,Active,6,1,State Notice 2025-1757,Q4 2025,No
EVT-00748,2025-10-26,Rhode Island Escrow Account Audit Requirements,Guidance,State-RI,RI DBR,JUR-039,2026-01-16,2026-12-19,High,Pending,6,2,State Notice 2025-0748,Q4 2025,Yes
EVT-00344,2025-10-27,VA funding fee schedule updated per 38 U.S.C. § 3729,Interpretation,VA,VA,JUR-058,2025-12-02,2026-09-07,High,Superseded,7,1,State Notice 2025-0344,Q4 2025,Yes
EVT-01399,2025-10-27,West Virginia: Issued guidance on state fair lending examination priorities,Guidance,Fair Lending,WV DOB,JUR-048,2026-01-02,9999-12-31,High,Active,2,1,State Notice 2025-1399,Q4 2025,Yes
EVT-01758,2025-10-28,No-action letter request received and under review,No-Action Letter,UDAAP,FHFA,JUR-057,2025-11-05,9999-12-31,Low,Active,9,0,FR Doc. 2025-58567,Q4 2025,No
EVT-01309,2025-10-29,South Carolina: Updated state AMC registration and fee requirements,Amendment,Appraisal,SC BFI,JUR-040,2025-12-30,9999-12-31,Medium,Active,3,2,State Notice 2025-1309,Q4 2025,No
EVT-01759,2025-10-30,Mortgage fraud referral submitted to state AG,Enforcement Action,Financial Crime,DE OSB,JUR-008,2025-11-27,9999-12-31,High,Active,4,0,State Notice 2025-1759,Q4 2025,No
EVT-00345,2025-10-31,FRB Regulation B amended to add sexual orientation to protected classes,Guidance,Fair Lending,FRB,JUR-052,2025-11-15,2027-04-27,High,Superseded,6,5,FR Doc. 2025-59105,Q4 2025,No
EVT-01372,2025-10-31,Vermont: Published state mortgage fraud examination guidance,Guidance,Financial Crime,VT DFR,JUR-045,2026-01-15,9999-12-31,Medium,Active,4,1,State Notice 2025-1372,Q4 2025,No
EVT-01760,2025-11-01,MLO license examination cycle initiated,Guidance,State Licensing,AR SRD,JUR-004,2025-11-19,9999-12-31,Low,Active,7,1,State Notice 2025-1760,Q4 2025,No
EVT-00346,2025-11-02,TILA APR calculation methodology updated for SOFR-indexed ARMs,Amendment,TILA,CFPB,JUR-052,2025-11-14,9999-12-31,Low,Active,11,1,FR Doc. 2025-42819,Q4 2025,No
EVT-00465,2025-11-02,California New Mortgage Disclosure Requirement,New Rule,State-CA,CA DFPI,JUR-005,2025-12-05,9999-12-31,High,Active,3,1,State Notice 2025-0465,Q4 2025,Yes
EVT-01761,2025-11-03,Predatory lending database quarterly update,Reporting,Predatory Lending,HUD,JUR-054,2026-01-01,9999-12-31,Medium,Active,6,0,FR Doc. 2025-85718,Q4 2025,Yes
EVT-00347,2025-11-04,HMDA 2024 data collection thresholds revised — open-end credit lines,New Rule,HMDA,CFPB,JUR-052,2025-12-22,9999-12-31,High,Active,12,3,FR Doc. 2025-89328,Q4 2025,Yes
EVT-00773,2025-11-04,Tennessee Fair Lending Examination Guidance,Guidance,State-TN,TN DFI,JUR-042,2026-01-08,9999-12-31,Medium,Active,23,2,State Notice 2025-0773,Q4 2025,No
EVT-00436,2025-11-05,Alaska Fair Lending Examination Guidance,Guidance,State-AK,AK DBS,JUR-002,2026-01-21,9999-12-31,High,Active,12,1,State Notice 2025-0436,Q4 2025,No
EVT-00887,2025-11-06,Alabama: Updated state AMC registration and fee requirements,Amendment,Appraisal,AL SBD,JUR-001,2025-12-16,9999-12-31,Medium,Active,1,2,State Notice 2025-0887,Q4 2025,No
EVT-01031,2025-11-07,Indiana: Proposed rule on state foreclosure prevention mediation,Proposed Rule,Foreclosure Prevention,IN DFI,JUR-014,2025-11-11,9999-12-31,High,Active,2,1,State Notice 2025-1031,Q4 2025,Yes
EVT-00576,2025-11-08,Louisiana Mortgage Lending Law Amendment,Amendment,State-LA,LA OFI,JUR-018,2026-02-06,9999-12-31,Medium,Active,16,3,State Notice 2025-0576,Q4 2025,No
EVT-00348,2025-11-09,HUD issued mortgagee letter on HECM principal limit factor update,Proposed Rule,Reverse Mortgage,HUD,JUR-054,2026-01-15,2027-08-31,Low,Pending,13,5,State Notice 2025-0348,Q4 2025,No
EVT-01762,2025-11-10,Interpretation letter issued on state disclosure requirements,Interpretation,Disclosure,NC OCB,JUR-033,2025-12-11,9999-12-31,Medium,Active,5,1,State Notice 2025-1762,Q4 2025,No
EVT-01763,2025-11-11,Regulatory compliance monitoring report submitted to agency,Reporting,State Licensing,MT DBFI,JUR-026,2025-12-10,2027-02-09,Low,Pending,4,1,State Notice 2025-1763,Q4 2025,No
EVT-00349,2025-11-12,Illinois predatory lending counseling database reporting activated,New Rule,Predatory Lending,IL DFI,JUR-013,2025-12-27,2027-09-18,Low,Superseded,12,2,State Notice 2025-0349,Q4 2025,No
EVT-01115,2025-11-13,Michigan: Issued guidance on state fair lending examination priorities,Guidance,Fair Lending,MI DIFS,JUR-022,2025-12-03,9999-12-31,High,Active,3,0,State Notice 2025-1115,Q4 2025,No
EVT-01332,2025-11-13,Tennessee: Published state mortgage fraud examination guidance,Guidance,Financial Crime,TN DFI,JUR-042,2026-01-23,9999-12-31,Medium,Active,5,2,State Notice 2025-1332,Q4 2025,No
EVT-00350,2025-11-14,Freddie Mac LTV limits tightened for investment property purchases,Proposed Rule,GSE,Freddie Mac,JUR-057,2026-01-24,9999-12-31,High,Active,18,5,State Notice 2025-0350,Q4 2025,No
EVT-01764,2025-11-15,Regulatory compliance monitoring report submitted to agency,Reporting,State Licensing,AR SRD,JUR-004,2025-12-03,9999-12-31,Low,Active,8,1,State Notice 2025-1764,Q4 2025,No
EVT-01765,2025-11-16,AMC registration renewal period opened,Guidance,Appraisal,OH DFI,JUR-035,2025-11-16,9999-12-31,Low,Active,2,1,State Notice 2025-1765,Q4 2025,No
EVT-01116,2025-11-17,Michigan: Proposed rule on state foreclosure prevention mediation,Proposed Rule,Foreclosure Prevention,MI DIFS,JUR-022,2026-01-02,9999-12-31,High,Active,5,0,State Notice 2025-1116,Q4 2025,Yes
EVT-00351,2025-11-18,QM rule safe harbor points and fees thresholds adjusted for inflation,Guidance,QM,CFPB,JUR-052,2026-01-15,9999-12-31,High,Active,13,0,FR Doc. 2025-17995,Q4 2025,Yes
EVT-00446,2025-11-18,Arizona Predatory Lending Enforcement Action,Enforcement Action,State-AZ,AZ DFI,JUR-003,2025-12-18,2027-10-26,Medium,Superseded,7,1,State Notice 2025-0446,Q4 2025,No
EVT-00352,2025-11-19,Fannie Mae desktop appraisal eligibility expanded nationwide,Guidance,GSE,Fannie Mae,JUR-057,2026-01-11,9999-12-31,Medium,Active,12,3,State Notice 2025-0352,Q4 2025,No
EVT-00570,2025-11-19,Kentucky Escrow Account Audit Requirements,Guidance,State-KY,KY DFI,JUR-017,2025-11-19,2027-09-03,Low,Pending,14,0,State Notice 2025-0570,Q4 2025,No
EVT-01077,2025-11-19,Louisiana: Published state mortgage fraud examination guidance,Guidance,Financial Crime,LA OFI,JUR-018,2025-12-23,9999-12-31,Medium,Active,1,0,State Notice 2025-1077,Q4 2025,No
EVT-01766,2025-11-20,Escrow account auditing standards reminder issued,Guidance,Escrow,FHFA,JUR-057,2025-12-13,9999-12-31,Low,Active,7,0,FR Doc. 2025-15930,Q4 2025,No
EVT-01767,2025-11-21,Regulatory sandbox application period opened,Guidance,Consumer Protection,MS DBCF,JUR-024,2025-12-09,2026-08-21,Low,Pending,7,1,State Notice 2025-1767,Q4 2025,No
EVT-01768,2025-11-22,Annual examination schedule published,Guidance,Safety & Soundness,LA OFI,JUR-018,2026-01-13,9999-12-31,Low,Active,10,0,State Notice 2025-1768,Q4 2025,No
EVT-01769,2025-11-23,Escrow account auditing standards reminder issued,Guidance,Escrow,CT DOB,JUR-007,2025-12-18,9999-12-31,Low,Active,6,1,State Notice 2025-1769,Q4 2025,No
EVT-00353,2025-11-24,FDIC updated appraisal independence requirements under 12 CFR 323,Proposed Rule,Appraisal,FDIC,JUR-055,2026-01-28,9999-12-31,High,Active,5,3,State Notice 2025-0353,Q4 2025,No
EVT-00354,2025-11-25,Ohio DFI updated QM points and fees exemption thresholds,Interpretation,QM,OH DFI,JUR-035,2026-01-10,9999-12-31,High,Active,14,3,State Notice 2025-0354,Q4 2025,Yes
EVT-00743,2025-11-25,Pennsylvania New Mortgage Disclosure Requirement,New Rule,State-PA,PA DBS,JUR-038,2026-01-08,2027-01-09,High,Pending,25,1,State Notice 2025-0743,Q4 2025,Yes
EVT-00872,2025-11-25,FHFA announced 2026 conforming loan limits,Amendment,GSE,FHFA,JUR-057,2026-01-02,9999-12-31,High,Active,24,2,FR Doc. 2025-72926,Q4 2025,No
EVT-01770,2025-11-26,Community Reinvestment Act assessment area update,Amendment,CRA,HUD,JUR-054,2026-01-03,9999-12-31,Medium,Active,7,0,FR Doc. 2025-76731,Q4 2025,No
EVT-01248,2025-11-27,North Dakota: Issued state usury law maximum rate adjustment,Amendment,Rate Limits,ND DFI,JUR-034,2026-02-20,9999-12-31,High,Active,3,0,State Notice 2025-1248,Q4 2025,No
EVT-01771,2025-11-28,MLO license examination cycle initiated,Guidance,State Licensing,VA BFI,JUR-046,2026-01-18,9999-12-31,Low,Active,8,1,State Notice 2025-1771,Q4 2025,No
EVT-00355,2025-11-29,Ohio DFI updated QM points and fees exemption thresholds,Proposed Rule,QM,OH DFI,JUR-035,2026-02-10,9999-12-31,High,Active,14,5,State Notice 2025-0355,Q4 2025,No
EVT-01772,2025-11-30,Escrow account auditing standards reminder issued,Guidance,Escrow,RI DBR,JUR-039,2026-01-26,9999-12-31,Low,Active,9,0,State Notice 2025-1772,Q4 2025,No
EVT-01773,2025-12-01,Mortgage fraud referral submitted to state AG,Enforcement Action,Financial Crime,FHFA,JUR-057,2025-12-26,9999-12-31,High,Active,5,1,FR Doc. 2025-90805,Q4 2025,No
EVT-00898,2025-12-02,Alaska: Proposed rule on state foreclosure prevention mediation,Proposed Rule,Foreclosure Prevention,AK DBS,JUR-002,2026-01-31,9999-12-31,High,Active,5,2,State Notice 2025-0898,Q4 2025,Yes
EVT-00930,2025-12-02,California: Final rule on state escrow account auditing requirements,Final Rule,Escrow,CA DFPI,JUR-005,2026-02-15,9999-12-31,Medium,Active,5,0,State Notice 2025-0930,Q4 2025,No
EVT-01297,2025-12-02,Rhode Island: Issued guidance on state fair lending examination priorities,Guidance,Fair Lending,RI DBR,JUR-039,2026-02-21,9999-12-31,High,Active,2,1,State Notice 2025-1297,Q4 2025,Yes
EVT-00356,2025-12-03,North Carolina OCOB issued guidance on non-QM loan disclosures,Amendment,State Licensing,NC OFR,JUR-033,2026-02-07,9999-12-31,Low,Active,25,2,State Notice 2025-0356,Q4 2025,No
EVT-00505,2025-12-03,Georgia High-Cost Loan Threshold Update,Amendment,State-GA,GA DBF,JUR-010,2026-02-03,9999-12-31,Low,Active,9,3,State Notice 2025-0505,Q4 2025,No
EVT-01193,2025-12-03,New Hampshire: Published state mortgage fraud examination guidance,Guidance,Financial Crime,NH Banking,JUR-029,2025-12-04,2027-05-13,Medium,Pending,3,1,State Notice 2025-1193,Q4 2025,No
EVT-00939,2025-12-04,Colorado: Proposed rule on state foreclosure prevention mediation,Proposed Rule,Foreclosure Prevention,CO DRE,JUR-006,2026-01-04,9999-12-31,High,Active,4,2,State Notice 2025-0939,Q4 2025,No
EVT-01238,2025-12-04,North Carolina: Issued state AI/ML underwriting fairness guidance,Guidance,Model Risk,NC OCB,JUR-033,2026-01-04,9999-12-31,Medium,Active,5,1,State Notice 2025-1238,Q4 2025,No
EVT-00357,2025-12-05,FRB Regulation B amended to add sexual orientation to protected classes,Guidance,Fair Lending,FRB,JUR-052,2026-01-25,2027-11-25,Medium,Pending,14,2,FR Doc. 2025-82539,Q4 2025,No
EVT-00551,2025-12-06,Iowa Foreclosure Procedure Update,Amendment,State-IA,IA DOB,JUR-015,2026-01-23,9999-12-31,Medium,Active,10,3,State Notice 2025-0551,Q4 2025,No
EVT-00358,2025-12-07,Texas Department of Savings issued escrow account audit requirements,New Rule,Escrow,TX DBO,JUR-043,2026-02-22,9999-12-31,High,Active,11,5,State Notice 2025-0358,Q4 2025,Yes
EVT-00708,2025-12-08,North Dakota Escrow Account Audit Requirements,Guidance,State-ND,ND DFI,JUR-034,2026-01-23,2027-12-23,High,Pending,17,0,State Notice 2025-0708,Q4 2025,Yes
EVT-00951,2025-12-08,Connecticut: Updated state AMC registration and fee requirements,Amendment,Appraisal,CT DOB,JUR-007,2026-02-03,9999-12-31,Medium,Active,5,0,State Notice 2025-0951,Q4 2025,No
EVT-00940,2025-12-09,Colorado: Final rule on state escrow account auditing requirements,Final Rule,Escrow,CO DRE,JUR-006,2026-01-03,9999-12-31,Medium,Active,3,2,State Notice 2025-0940,Q4 2025,Yes
EVT-01162,2025-12-09,Montana: Final rule on state escrow account auditing requirements,Final Rule,Escrow,MT DBFI,JUR-026,2026-01-12,9999-12-31,Medium,Active,3,1,State Notice 2025-1162,Q4 2025,No
EVT-00359,2025-12-10,California DFPI issued guidance on AI-assisted underwriting,No-Action Letter,State Licensing,CA DFPI,JUR-005,2026-01-27,9999-12-31,Critical,Active,7,4,State Notice 2025-0359,Q4 2025,No
EVT-00837,2025-12-10,Wyoming Fair Lending Examination Guidance,Guidance,State-WY,WY DOB,JUR-050,2026-01-19,9999-12-31,Low,Active,14,1,State Notice 2025-0837,Q4 2025,No
EVT-00888,2025-12-11,Alabama: Published state mortgage fraud examination guidance,Guidance,Financial Crime,AL SBD,JUR-001,2025-12-24,9999-12-31,Medium,Active,5,0,State Notice 2025-0888,Q4 2025,No
EVT-00741,2025-12-12,Pennsylvania Fair Lending Examination Guidance,Guidance,State-PA,PA DBS,JUR-038,2026-02-02,9999-12-31,Critical,Active,19,0,State Notice 2025-0741,Q4 2025,No
EVT-00782,2025-12-12,Texas Predatory Lending Enforcement Action,Enforcement Action,State-TX,TX DBO,JUR-043,2026-01-29,9999-12-31,Medium,Active,15,2,State Notice 2025-0782,Q4 2025,Yes
EVT-01109,2025-12-12,Massachusetts: Updated state AMC registration and fee requirements,Amendment,Appraisal,MA DOB,JUR-021,2026-01-15,9999-12-31,Medium,Active,3,1,State Notice 2025-1109,Q4 2025,No
EVT-01290,2025-12-12,Pennsylvania: Updated state AMC registration and fee requirements,Amendment,Appraisal,PA DBS,JUR-038,2026-01-15,9999-12-31,Medium,Active,5,2,State Notice 2025-1290,Q4 2025,No
EVT-00629,2025-12-13,Mississippi Fair Lending Examination Guidance,Guidance,State-MS,MS DBCF,JUR-024,2025-12-27,9999-12-31,Low,Active,16,3,State Notice 2025-0629,Q4 2025,No
EVT-01774,2025-12-14,Annual examination schedule published,Guidance,Safety & Soundness,NC OCB,JUR-033,2026-01-17,9999-12-31,Low,Active,8,1,State Notice 2025-1774,Q4 2025,No
EVT-00360,2025-12-15,Illinois predatory lending counseling database reporting activated,Amendment,Predatory Lending,IL DFI,JUR-013,2025-12-20,9999-12-31,Medium,Active,25,1,State Notice 2025-0360,Q4 2025,No
EVT-00361,2025-12-16,HMDA 2024 data collection thresholds revised — open-end credit lines,New Rule,HMDA,CFPB,JUR-052,2025-12-17,9999-12-31,Critical,Active,11,5,FR Doc. 2025-32040,Q4 2025,No
EVT-00889,2025-12-17,Alabama: Amended state consumer protection act mortgage provisions,Amendment,Consumer Protection,AL SBD,JUR-001,2025-12-26,9999-12-31,High,Active,2,0,State Notice 2025-0889,Q4 2025,No
EVT-01775,2025-12-18,NMLS call report quarterly submission reminder,Guidance,Reporting,FHFA,JUR-057,2026-01-30,9999-12-31,Low,Active,7,1,FR Doc. 2025-24366,Q4 2025,No
EVT-00432,2025-12-19,Alaska Mortgage Lending Law Amendment,Amendment,State-AK,AK DBS,JUR-002,2026-01-20,9999-12-31,Medium,Active,22,0,State Notice 2025-0432,Q4 2025,No
EVT-00362,2025-12-20,OCC model risk management supervisory expectations updated,Enforcement Action,Safety & Soundness,OCC,JUR-053,2025-12-30,9999-12-31,High,Active,24,4,State Notice 2025-0362,Q4 2025,Yes
EVT-00730,2025-12-20,Oregon High-Cost Loan Threshold Update,Amendment,State-OR,OR DFR,JUR-037,2026-02-04,9999-12-31,Medium,Active,21,2,State Notice 2025-0730,Q4 2025,No
EVT-01776,2025-12-21,Regulatory compliance monitoring report submitted to agency,Reporting,State Licensing,RI DBR,JUR-039,2026-01-20,9999-12-31,Low,Active,5,0,State Notice 2025-1776,Q4 2025,No
EVT-00667,2025-12-22,New Hampshire Foreclosure Procedure Update,Amendment,State-NH,NH BD,JUR-029,2026-02-25,9999-12-31,High,Active,12,1,State Notice 2025-0667,Q4 2025,Yes
EVT-00363,2025-12-23,Ohio DFI updated QM points and fees exemption thresholds,Enforcement Action,QM,OH DFI,JUR-035,2026-01-12,9999-12-31,Medium,Active,24,1,State Notice 2025-0363,Q4 2025,No
EVT-00792,2025-12-23,Vermont Annual MLO License Renewal Announcement,Guidance,State-VT,VT DFR,JUR-045,2026-01-20,9999-12-31,Low,Active,2,0,State Notice 2025-0792,Q4 2025,No
EVT-00990,2025-12-23,Georgia: Amended state consumer protection act mortgage provisions,Amendment,Consumer Protection,GA DBF,JUR-010,2026-01-14,2027-05-08,High,Pending,2,0,State Notice 2025-0990,Q4 2025,Yes
EVT-01239,2025-12-23,North Carolina: Updated state data breach notification rules for lenders,Amendment,Privacy,NC OCB,JUR-033,2026-01-15,9999-12-31,Medium,Active,3,0,State Notice 2025-1239,Q4 2025,Yes
EVT-01310,2025-12-23,South Carolina: Published state mortgage fraud examination guidance,Guidance,Financial Crime,SC BFI,JUR-040,2026-01-07,9999-12-31,Medium,Active,5,0,State Notice 2025-1310,Q4 2025,No
EVT-01777,2025-12-24,No-action letter request received and under review,No-Action Letter,UDAAP,NM FID,JUR-031,2026-01-26,9999-12-31,Low,Active,10,1,State Notice 2025-1777,Q4 2025,No
EVT-00827,2025-12-25,Wisconsin Foreclosure Procedure Update,Amendment,State-WI,WI DFI,JUR-049,2026-02-11,9999-12-31,Critical,Active,8,3,State Notice 2025-0827,Q4 2025,No
EVT-00931,2025-12-25,California: Issued state usury law maximum rate adjustment,Amendment,Rate Limits,CA DFPI,JUR-005,2026-01-23,9999-12-31,High,Active,1,1,State Notice 2025-0931,Q4 2025,Yes
EVT-00364,2025-12-26,VA funding fee schedule updated per 38 U.S.C. § 3729,No-Action Letter,VA,VA,JUR-058,2026-01-26,9999-12-31,Critical,Active,11,3,State Notice 2025-0364,Q4 2025,No
EVT-01778,2025-12-27,Escrow account auditing standards reminder issued,Guidance,Escrow,UT DRE,JUR-044,2026-01-11,9999-12-31,Low,Active,1,0,State Notice 2025-1778,Q4 2025,No
EVT-01779,2025-12-28,Flood insurance escrow compliance review initiated,Guidance,Flood Insurance,AK DBS,JUR-002,2026-01-25,9999-12-31,Low,Active,6,1,State Notice 2025-1779,Q4 2025,No
EVT-01780,2025-12-29,Escrow account auditing standards reminder issued,Guidance,Escrow,IN DFI,JUR-014,2026-01-30,9999-12-31,Low,Active,10,1,State Notice 2025-1780,Q4 2025,No
EVT-00365,2025-12-30,North Carolina OCOB issued guidance on non-QM loan disclosures,Final Rule,State Licensing,NC OFR,JUR-033,2026-03-05,9999-12-31,Low,Active,21,2,State Notice 2025-0365,Q4 2025,No
EVT-01097,2025-12-30,Maryland: Issued state usury law maximum rate adjustment,Amendment,Rate Limits,MD OFR,JUR-020,2026-01-05,9999-12-31,High,Active,1,0,State Notice 2025-1097,Q4 2025,Yes
EVT-01781,2025-12-31,No-action letter request received and under review,No-Action Letter,UDAAP,HUD,JUR-054,2026-01-13,2027-06-09,Low,Pending,8,1,FR Doc. 2025-96799,Q4 2025,No
EVT-00366,2026-01-01,FDIC updated appraisal independence requirements under 12 CFR 323,Final Rule,Appraisal,FDIC,JUR-055,2026-01-09,2027-05-06,Low,Superseded,13,5,State Notice 2026-0366,Q1 2026,No
EVT-00875,2026-01-01,HUD published FHA 2026 loan limits,Amendment,FHA,HUD,JUR-054,2026-02-21,2026-09-15,High,Pending,23,1,FR Doc. 2026-57521,Q1 2026,Yes
EVT-01426,2026-01-01,DC: Proposed rule on state foreclosure prevention mediation,Proposed Rule,Foreclosure Prevention,DC DISB,JUR-051,2026-02-10,9999-12-31,High,Active,5,1,State Notice 2026-1426,Q1 2026,Yes
EVT-01782,2026-01-02,Mortgage fraud referral submitted to state AG,Enforcement Action,Financial Crime,USDA,JUR-059,2026-01-23,2027-07-19,High,Pending,5,1,FR Doc. 2026-98587,Q1 2026,No
EVT-00484,2026-01-03,Connecticut MLO Continuing Education Update,Guidance,State-CT,CT DOB,JUR-007,2026-02-14,9999-12-31,High,Active,9,1,State Notice 2026-0484,Q1 2026,No
EVT-00367,2026-01-04,TILA APR calculation methodology updated for SOFR-indexed ARMs,Final Rule,TILA,CFPB,JUR-052,2026-02-08,9999-12-31,High,Active,5,5,FR Doc. 2026-10214,Q1 2026,Yes
EVT-00433,2026-01-04,Alaska High-Cost Loan Threshold Update,Amendment,State-AK,AK DBS,JUR-002,2026-02-07,2027-07-20,Critical,Superseded,4,2,State Notice 2026-0433,Q1 2026,No
EVT-00812,2026-01-05,Washington Escrow Account Audit Requirements,Guidance,State-WA,WA DFI,JUR-047,2026-03-31,9999-12-31,Critical,Active,25,1,State Notice 2026-0812,Q1 2026,No
EVT-00825,2026-01-05,Wisconsin Mortgage Lending Law Amendment,Amendment,State-WI,WI DFI,JUR-049,2026-02-24,9999-12-31,Medium,Active,24,1,State Notice 2026-0825,Q1 2026,No
EVT-00964,2026-01-05,Delaware: Issued state AI/ML underwriting fairness guidance,Guidance,Model Risk,DE OSB,JUR-008,2026-04-02,9999-12-31,Medium,Active,4,0,State Notice 2026-0964,Q1 2026,No
EVT-00368,2026-01-06,CFPB enforcement action: servicer fined $28M for escrow violations,Proposed Rule,Servicing,CFPB,JUR-052,2026-01-16,2026-08-24,Medium,Pending,10,3,FR Doc. 2026-45853,Q1 2026,No
EVT-01011,2026-01-06,Idaho: Updated state AMC registration and fee requirements,Amendment,Appraisal,ID DOF,JUR-012,2026-03-19,9999-12-31,Medium,Active,5,0,State Notice 2026-1011,Q1 2026,No
EVT-01223,2026-01-06,New York: Issued state usury law maximum rate adjustment,Amendment,Rate Limits,NY DFS,JUR-032,2026-03-25,9999-12-31,High,Active,5,2,State Notice 2026-1223,Q1 2026,No
EVT-01098,2026-01-07,Maryland: Updated state AMC registration and fee requirements,Amendment,Appraisal,MD OFR,JUR-020,2026-01-28,9999-12-31,Medium,Active,5,2,State Notice 2026-1098,Q1 2026,Yes
EVT-00581,2026-01-08,Louisiana Predatory Lending Enforcement Action,Enforcement Action,State-LA,LA OFI,JUR-018,2026-03-10,9999-12-31,Medium,Active,18,3,State Notice 2026-0581,Q1 2026,No
EVT-01298,2026-01-08,Rhode Island: Proposed rule on state foreclosure prevention mediation,Proposed Rule,Foreclosure Prevention,RI DBR,JUR-039,2026-01-18,9999-12-31,High,Active,1,0,State Notice 2026-1298,Q1 2026,Yes
EVT-00437,2026-01-09,Alaska Predatory Lending Enforcement Action,Enforcement Action,State-AK,AK DBS,JUR-002,2026-03-17,2027-08-10,High,Pending,16,0,State Notice 2026-0437,Q1 2026,Yes
EVT-00519,2026-01-09,Hawaii New Mortgage Disclosure Requirement,New Rule,State-HI,HI DFI,JUR-011,2026-01-15,9999-12-31,Medium,Active,21,0,State Notice 2026-0519,Q1 2026,No
EVT-00824,2026-01-09,Wisconsin Annual MLO License Renewal Announcement,Guidance,State-WI,WI DFI,JUR-049,2026-01-26,9999-12-31,Low,Active,4,1,State Notice 2026-0824,Q1 2026,No
EVT-00909,2026-01-09,Arizona: Issued state usury law maximum rate adjustment,Amendment,Rate Limits,AZ DFI,JUR-003,2026-02-20,9999-12-31,High,Active,5,0,State Notice 2026-0909,Q1 2026,No
EVT-01065,2026-01-09,Kentucky: Updated state AMC registration and fee requirements,Amendment,Appraisal,KY DFI,JUR-017,2026-03-16,9999-12-31,Medium,Active,1,0,State Notice 2026-1065,Q1 2026,Yes
EVT-01783,2026-01-10,Flood insurance escrow compliance review initiated,Guidance,Flood Insurance,KS OSBC,JUR-016,2026-01-27,9999-12-31,Low,Active,9,1,State Notice 2026-1783,Q1 2026,No
EVT-00369,2026-01-11,Texas Department of Savings issued escrow account audit requirements,Enforcement Action,Escrow,TX DBO,JUR-043,2026-02-17,2026-12-09,Critical,Pending,7,0,State Notice 2026-0369,Q1 2026,No
EVT-00507,2026-01-11,Georgia Escrow Account Audit Requirements,Guidance,State-GA,GA DBF,JUR-010,2026-01-21,9999-12-31,High,Active,8,3,State Notice 2026-0507,Q1 2026,Yes
EVT-01784,2026-01-12,Predatory lending database quarterly update,Reporting,Predatory Lending,FRB,JUR-056,2026-02-26,9999-12-31,Medium,Active,8,1,FR Doc. 2026-37168,Q1 2026,No
EVT-00370,2026-01-13,Pennsylvania DBS issued flood insurance escrow guidance,Amendment,Flood Insurance,PA DBS,JUR-038,2026-02-24,9999-12-31,Critical,Active,19,5,State Notice 2026-0370,Q1 2026,No
EVT-00590,2026-01-13,Maine Predatory Lending Enforcement Action,Enforcement Action,State-ME,ME BFI,JUR-019,2026-01-17,9999-12-31,Medium,Active,8,2,State Notice 2026-0590,Q1 2026,No
EVT-00821,2026-01-13,West Virginia Fair Lending Examination Guidance,Guidance,State-WV,WV DOB,JUR-048,2026-01-20,9999-12-31,High,Active,2,2,State Notice 2026-0821,Q1 2026,No
EVT-01785,2026-01-14,NMLS call report quarterly submission reminder,Guidance,Reporting,DC DISB,JUR-051,2026-01-31,2027-05-20,Low,Pending,2,1,State Notice 2026-1785,Q1 2026,No
EVT-00371,2026-01-15,VA funding fee schedule updated per 38 U.S.C. § 3729,Final Rule,VA,VA,JUR-058,2026-02-19,9999-12-31,Medium,Active,24,0,State Notice 2026-0371,Q1 2026,No
EVT-00873,2026-01-15,CFPB issued final rule on mortgage data reporting,Final Rule,HMDA,CFPB,JUR-052,2026-01-28,2027-02-13,High,Pending,21,0,FR Doc. 2026-46944,Q1 2026,Yes
EVT-01249,2026-01-15,North Dakota: Updated state AMC registration and fee requirements,Amendment,Appraisal,ND DFI,JUR-034,2026-03-14,9999-12-31,Medium,Active,4,0,State Notice 2026-1249,Q1 2026,No
EVT-01279,2026-01-16,Oregon: Proposed rule on state foreclosure prevention mediation,Proposed Rule,Foreclosure Prevention,OR DFR,JUR-037,2026-02-17,9999-12-31,High,Active,5,1,State Notice 2026-1279,Q1 2026,No
EVT-01786,2026-01-17,NMLS call report quarterly submission reminder,Guidance,Reporting,MN DOC,JUR-023,2026-03-07,9999-12-31,Low,Active,3,1,State Notice 2026-1786,Q1 2026,No
EVT-00372,2026-01-18,FRB Regulation B amended to add sexual orientation to protected classes,Amendment,Fair Lending,FRB,JUR-052,2026-02-20,9999-12-31,High,Active,10,2,FR Doc. 2026-25009,Q1 2026,Yes
EVT-01280,2026-01-19,Oregon: Final rule on state escrow account auditing requirements,Final Rule,Escrow,OR DFR,JUR-037,2026-04-16,9999-12-31,Medium,Active,4,1,State Notice 2026-1280,Q1 2026,No
EVT-00621,2026-01-20,Minnesota Fair Lending Examination Guidance,Guidance,State-MN,MN DOC,JUR-023,2026-04-12,9999-12-31,Medium,Active,13,2,State Notice 2026-0621,Q1 2026,No
EVT-01142,2026-01-20,Mississippi: Updated state data breach notification rules for lenders,Amendment,Privacy,MS DBCF,JUR-024,2026-04-15,2027-10-19,Medium,Pending,1,2,State Notice 2026-1142,Q1 2026,No
EVT-01041,2026-01-21,Iowa: Issued state usury law maximum rate adjustment,Amendment,Rate Limits,IA DOB,JUR-015,2026-03-19,9999-12-31,High,Active,5,1,State Notice 2026-1041,Q1 2026,No
EVT-00721,2026-01-22,Oklahoma Mortgage Lending Law Amendment,Amendment,State-OK,OK BD,JUR-036,2026-02-28,9999-12-31,Medium,Active,3,2,State Notice 2026-0721,Q1 2026,No
EVT-00373,2026-01-23,QM rule safe harbor points and fees thresholds adjusted for inflation,Interpretation,QM,CFPB,JUR-052,2026-03-30,9999-12-31,Critical,Active,23,4,FR Doc. 2026-19146,Q1 2026,No
EVT-00783,2026-01-23,Texas New Mortgage Disclosure Requirement,New Rule,State-TX,TX DBO,JUR-043,2026-03-09,2027-06-02,Low,Superseded,20,3,State Notice 2026-0783,Q1 2026,No
EVT-00374,2026-01-24,TILA APR calculation methodology updated for SOFR-indexed ARMs,No-Action Letter,TILA,CFPB,JUR-052,2026-02-04,9999-12-31,Medium,Active,24,2,FR Doc. 2026-12950,Q1 2026,No
EVT-00598,2026-01-24,Maryland Predatory Lending Enforcement Action,Enforcement Action,State-MD,MD OFR,JUR-020,2026-02-13,9999-12-31,High,Active,12,2,State Notice 2026-0598,Q1 2026,Yes
EVT-01787,2026-01-25,Regulatory compliance monitoring report submitted to agency,Reporting,State Licensing,ME BFI,JUR-019,2026-03-11,9999-12-31,Low,Active,2,1,State Notice 2026-1787,Q1 2026,No
EVT-01012,2026-01-26,Idaho: Published state mortgage fraud examination guidance,Guidance,Financial Crime,ID DOF,JUR-012,2026-04-06,9999-12-31,Medium,Active,4,1,State Notice 2026-1012,Q1 2026,No
EVT-01380,2026-01-26,Virginia: Final rule on state escrow account auditing requirements,Final Rule,Escrow,VA BFI,JUR-046,2026-01-27,9999-12-31,Medium,Active,1,2,State Notice 2026-1380,Q1 2026,No
EVT-00375,2026-01-27,Pennsylvania DBS issued flood insurance escrow guidance,Enforcement Action,Flood Insurance,PA DBS,JUR-038,2026-03-30,9999-12-31,Medium,Active,21,4,State Notice 2026-0375,Q1 2026,No
EVT-00976,2026-01-28,Florida: Published state mortgage fraud examination guidance,Guidance,Financial Crime,FL OFR,JUR-009,2026-03-09,9999-12-31,Medium,Active,1,1,State Notice 2026-0976,Q1 2026,No
EVT-00977,2026-01-29,Florida: Amended state consumer protection act mortgage provisions,Amendment,Consumer Protection,FL OFR,JUR-009,2026-01-31,2027-08-04,High,Pending,4,0,State Notice 2026-0977,Q1 2026,No
EVT-01272,2026-01-29,Oklahoma: Updated state data breach notification rules for lenders,Amendment,Privacy,OK Banking,JUR-036,2026-03-22,9999-12-31,Medium,Active,5,2,State Notice 2026-1272,Q1 2026,No
EVT-01417,2026-01-29,Wyoming: Proposed rule on state foreclosure prevention mediation,Proposed Rule,Foreclosure Prevention,WY DOB,JUR-050,2026-01-30,9999-12-31,High,Active,1,1,State Notice 2026-1417,Q1 2026,Yes
EVT-00441,2026-01-30,Arizona Mortgage Lending Law Amendment,Amendment,State-AZ,AZ DFI,JUR-003,2026-02-20,2027-10-26,Medium,Pending,7,1,State Notice 2026-0441,Q1 2026,No
EVT-00767,2026-01-31,South Dakota New Mortgage Disclosure Requirement,New Rule,State-SD,SD DOB,JUR-041,2026-03-07,2027-01-02,Critical,Pending,5,0,State Notice 2026-0767,Q1 2026,No
EVT-00376,2026-02-01,FDIC updated appraisal independence requirements under 12 CFR 323,Amendment,Appraisal,FDIC,JUR-055,2026-03-04,9999-12-31,High,Active,10,4,State Notice 2026-0376,Q1 2026,Yes
EVT-00453,2026-02-01,Arkansas Escrow Account Audit Requirements,Guidance,State-AR,AR SRD,JUR-004,2026-02-13,2026-08-27,High,Superseded,3,1,State Notice 2026-0453,Q1 2026,No
EVT-00874,2026-02-01,OCC finalized operational resilience guidelines,Final Rule,Safety & Soundness,OCC,JUR-053,2026-03-28,9999-12-31,High,Active,14,0,FR Doc. 2026-71595,Q1 2026,Yes
EVT-00377,2026-02-02,ECOA small business data collection rule effective date confirmed,Enforcement Action,ECOA,FRB,JUR-052,2026-02-20,2027-12-30,Medium,Pending,21,5,FR Doc. 2026-94705,Q1 2026,No
EVT-00747,2026-02-02,Rhode Island Foreclosure Procedure Update,Amendment,State-RI,RI DBR,JUR-039,2026-03-09,2027-07-12,High,Superseded,20,0,State Notice 2026-0747,Q1 2026,No
EVT-00922,2026-02-02,Arkansas: Amended state consumer protection act mortgage provisions,Amendment,Consumer Protection,AR SRD,JUR-004,2026-03-01,9999-12-31,High,Active,3,0,State Notice 2026-0922,Q1 2026,No
EVT-00636,2026-02-03,Missouri Escrow Account Audit Requirements,Guidance,State-MO,MO DOF,JUR-025,2026-03-02,9999-12-31,Medium,Active,8,3,State Notice 2026-0636,Q1 2026,No
EVT-00847,2026-02-04,District of Columbia New Mortgage Disclosure Requirement,New Rule,State-DC,DC DISB,JUR-051,2026-03-17,9999-12-31,Critical,Active,13,3,State Notice 2026-0847,Q1 2026,No
EVT-00965,2026-02-04,Delaware: Updated state data breach notification rules for lenders,Amendment,Privacy,DE OSB,JUR-008,2026-03-09,2027-09-07,Medium,Pending,4,0,State Notice 2026-0965,Q1 2026,No
EVT-00378,2026-02-05,Texas Department of Savings issued escrow account audit requirements,Guidance,Escrow,TX DBO,JUR-043,2026-03-16,9999-12-31,High,Active,14,0,State Notice 2026-0378,Q1 2026,Yes
EVT-01224,2026-02-05,New York: Updated state AMC registration and fee requirements,Amendment,Appraisal,NY DFS,JUR-032,2026-03-19,9999-12-31,Medium,Active,2,2,State Notice 2026-1224,Q1 2026,No
EVT-00890,2026-02-06,Alabama: Issued state AI/ML underwriting fairness guidance,Guidance,Model Risk,AL SBD,JUR-001,2026-04-08,9999-12-31,Medium,Active,4,1,State Notice 2026-0890,Q1 2026,No
EVT-00941,2026-02-06,Colorado: Issued state usury law maximum rate adjustment,Amendment,Rate Limits,CO DRE,JUR-006,2026-04-28,2027-10-02,High,Pending,4,1,State Notice 2026-0941,Q1 2026,No
EVT-01788,2026-02-07,Regulatory sandbox application period opened,Guidance,Consumer Protection,TN DFI,JUR-042,2026-02-23,9999-12-31,Low,Active,8,0,State Notice 2026-1788,Q1 2026,No
EVT-00379,2026-02-08,California DFPI issued guidance on AI-assisted underwriting,Guidance,State Licensing,CA DFPI,JUR-005,2026-04-08,2027-11-12,Low,Superseded,18,2,State Notice 2026-0379,Q1 2026,No
EVT-00739,2026-02-08,Pennsylvania Foreclosure Procedure Update,Amendment,State-PA,PA DBS,JUR-038,2026-04-22,9999-12-31,Medium,Active,18,1,State Notice 2026-0739,Q1 2026,No
EVT-01789,2026-02-09,State usury rate quarterly adjustment published,Amendment,Rate Limits,FRB,JUR-056,2026-03-25,2027-06-26,High,Pending,2,0,FR Doc. 2026-27992,Q1 2026,Yes
EVT-01790,2026-02-10,Predatory lending database quarterly update,Reporting,Predatory Lending,ND DFI,JUR-034,2026-03-22,9999-12-31,Medium,Active,4,0,State Notice 2026-1790,Q1 2026,No
EVT-01299,2026-02-11,Rhode Island: Final rule on state escrow account auditing requirements,Final Rule,Escrow,RI DBR,JUR-039,2026-05-04,2027-07-08,Medium,Pending,3,2,State Notice 2026-1299,Q1 2026,No
EVT-00380,2026-02-12,FRB Regulation B amended to add sexual orientation to protected classes,Proposed Rule,Fair Lending,FRB,JUR-052,2026-02-22,2026-10-30,Low,Superseded,10,1,FR Doc. 2026-66370,Q1 2026,No
EVT-00836,2026-02-12,Wyoming Escrow Account Audit Requirements,Guidance,State-WY,WY DOB,JUR-050,2026-04-16,9999-12-31,High,Active,21,3,State Notice 2026-0836,Q1 2026,No
EVT-00645,2026-02-13,Montana Fair Lending Examination Guidance,Guidance,State-MT,MT DBFI,JUR-026,2026-04-01,9999-12-31,High,Active,19,1,State Notice 2026-0645,Q1 2026,Yes
EVT-01391,2026-02-13,Washington: Updated state AMC registration and fee requirements,Amendment,Appraisal,WA DFI,JUR-047,2026-03-11,9999-12-31,Medium,Active,5,0,State Notice 2026-1391,Q1 2026,Yes
EVT-00381,2026-02-14,Pennsylvania DBS issued flood insurance escrow guidance,No-Action Letter,Flood Insurance,PA DBS,JUR-038,2026-02-19,2027-10-24,High,Superseded,17,0,State Notice 2026-0381,Q1 2026,Yes
EVT-01791,2026-02-15,MLO license examination cycle initiated,Guidance,State Licensing,NE DBF,JUR-027,2026-03-08,9999-12-31,Low,Active,8,0,State Notice 2026-1791,Q1 2026,No
EVT-01792,2026-02-16,Final rule effective date confirmed,Final Rule,Disclosure,CFPB,JUR-052,2026-04-16,2027-03-23,High,Pending,8,1,FR Doc. 2026-63334,Q1 2026,No
EVT-01194,2026-02-17,New Hampshire: Amended state consumer protection act mortgage provisions,Amendment,Consumer Protection,NH Banking,JUR-029,2026-03-29,2027-05-13,High,Pending,2,0,State Notice 2026-1194,Q1 2026,No
EVT-00382,2026-02-18,TILA APR calculation methodology updated for SOFR-indexed ARMs,Amendment,TILA,CFPB,JUR-052,2026-05-15,9999-12-31,High,Active,10,1,FR Doc. 2026-71805,Q1 2026,Yes
EVT-00818,2026-02-18,West Virginia High-Cost Loan Threshold Update,Amendment,State-WV,WV DOB,JUR-048,2026-04-18,9999-12-31,Low,Active,24,0,State Notice 2026-0818,Q1 2026,No
EVT-01152,2026-02-18,Missouri: Updated state AMC registration and fee requirements,Amendment,Appraisal,MO DOF,JUR-025,2026-04-10,9999-12-31,Medium,Active,5,1,State Notice 2026-1152,Q1 2026,No
EVT-01066,2026-02-19,Kentucky: Published state mortgage fraud examination guidance,Guidance,Financial Crime,KY DFI,JUR-017,2026-05-15,9999-12-31,Medium,Active,2,0,State Notice 2026-1066,Q1 2026,Yes
EVT-01793,2026-02-20,Proposed rule comment period opened,Proposed Rule,State Licensing,ME BFI,JUR-019,2026-03-10,9999-12-31,Medium,Active,1,0,State Notice 2026-1793,Q1 2026,No
EVT-00383,2026-02-21,Florida OFR updated mortgage broker continuing education requirements,Guidance,State Licensing,FL OFR,JUR-009,2026-04-01,9999-12-31,High,Active,24,2,State Notice 2026-0383,Q1 2026,No
EVT-01794,2026-02-22,No-action letter request received and under review,No-Action Letter,UDAAP,IA DOB,JUR-015,2026-03-28,9999-12-31,Low,Active,1,0,State Notice 2026-1794,Q1 2026,No
EVT-00384,2026-02-23,Florida OFR updated mortgage broker continuing education requirements,Final Rule,State Licensing,FL OFR,JUR-009,2026-02-26,2027-06-19,Low,Pending,18,4,State Notice 2026-0384,Q1 2026,No
EVT-00732,2026-02-24,Oregon Escrow Account Audit Requirements,Guidance,State-OR,OR DFR,JUR-037,2026-03-11,9999-12-31,Medium,Active,23,3,State Notice 2026-0732,Q1 2026,No
EVT-00899,2026-02-24,Alaska: Final rule on state escrow account auditing requirements,Final Rule,Escrow,AK DBS,JUR-002,2026-05-21,9999-12-31,Medium,Active,1,2,State Notice 2026-0899,Q1 2026,No
EVT-01042,2026-02-24,Iowa: Updated state AMC registration and fee requirements,Amendment,Appraisal,IA DOB,JUR-015,2026-04-09,9999-12-31,Medium,Active,2,1,State Notice 2026-1042,Q1 2026,No
EVT-01795,2026-02-25,Foreclosure mediation program quarterly report,Reporting,Foreclosure Prevention,HUD,JUR-054,2026-04-19,9999-12-31,Medium,Active,8,0,FR Doc. 2026-62034,Q1 2026,No
EVT-00385,2026-02-26,Texas Department of Savings issued escrow account audit requirements,Guidance,Escrow,TX DBO,JUR-043,2026-03-01,2027-12-28,Medium,Pending,24,1,State Notice 2026-0385,Q1 2026,No
EVT-01311,2026-02-26,South Carolina: Amended state consumer protection act mortgage provisions,Amendment,Consumer Protection,SC BFI,JUR-040,2026-05-25,9999-12-31,High,Active,1,0,State Notice 2026-1311,Q1 2026,Yes
EVT-00900,2026-02-27,Alaska: Issued state usury law maximum rate adjustment,Amendment,Rate Limits,AK DBS,JUR-002,2026-05-10,2027-09-09,High,Pending,5,1,State Notice 2026-0900,Q1 2026,Yes
EVT-00749,2026-02-28,Rhode Island Fair Lending Examination Guidance,Guidance,State-RI,RI DBR,JUR-039,2026-03-05,9999-12-31,Critical,Active,3,0,State Notice 2026-0749,Q1 2026,No
EVT-01796,2026-03-01,AMC registration renewal period opened,Guidance,Appraisal,AZ DFI,JUR-003,2026-03-01,9999-12-31,Low,Active,5,0,State Notice 2026-1796,Q1 2026,No
EVT-00624,2026-03-02,Mississippi Annual MLO License Renewal Announcement,Guidance,State-MS,MS DBCF,JUR-024,2026-03-28,2027-04-24,High,Pending,19,1,State Notice 2026-0624,Q1 2026,Yes
EVT-01087,2026-03-02,Maine: Final rule on state escrow account auditing requirements,Final Rule,Escrow,ME BFI,JUR-019,2026-04-20,9999-12-31,Medium,Active,3,2,State Notice 2026-1087,Q1 2026,Yes
EVT-01099,2026-03-02,Maryland: Published state mortgage fraud examination guidance,Guidance,Financial Crime,MD OFR,JUR-020,2026-05-28,9999-12-31,Medium,Active,3,0,State Notice 2026-1099,Q1 2026,No
EVT-00386,2026-03-03,HUD issued mortgagee letter on HECM principal limit factor update,Final Rule,Reverse Mortgage,HUD,JUR-054,2026-04-24,2027-09-20,High,Pending,9,1,State Notice 2026-0386,Q1 2026,Yes
EVT-01400,2026-03-03,West Virginia: Proposed rule on state foreclosure prevention mediation,Proposed Rule,Foreclosure Prevention,WV DOB,JUR-048,2026-05-03,2026-11-08,High,Pending,4,2,State Notice 2026-1400,Q1 2026,Yes
EVT-01418,2026-03-03,Wyoming: Final rule on state escrow account auditing requirements,Final Rule,Escrow,WY DOB,JUR-050,2026-04-16,9999-12-31,Medium,Active,3,1,State Notice 2026-1418,Q1 2026,No
EVT-01797,2026-03-04,Mortgage fraud referral submitted to state AG,Enforcement Action,Financial Crime,TN DFI,JUR-042,2026-04-06,2028-02-20,High,Pending,3,1,State Notice 2026-1797,Q1 2026,Yes
EVT-01153,2026-03-05,Missouri: Published state mortgage fraud examination guidance,Guidance,Financial Crime,MO DOF,JUR-025,2026-03-26,9999-12-31,Medium,Active,5,2,State Notice 2026-1153,Q1 2026,No
EVT-00387,2026-03-06,FHA MIP annual premium restructure for first-time homebuyers,Final Rule,FHA,HUD,JUR-054,2026-03-22,9999-12-31,Medium,Active,4,4,State Notice 2026-0387,Q1 2026,No
EVT-00991,2026-03-06,Georgia: Issued state AI/ML underwriting fairness guidance,Guidance,Model Risk,GA DBF,JUR-010,2026-03-19,9999-12-31,Medium,Active,1,2,State Notice 2026-0991,Q1 2026,No
EVT-01333,2026-03-06,Tennessee: Amended state consumer protection act mortgage provisions,Amendment,Consumer Protection,TN DFI,JUR-042,2026-04-18,2027-02-03,High,Pending,1,0,State Notice 2026-1333,Q1 2026,No
EVT-00728,2026-03-07,Oregon Annual MLO License Renewal Announcement,Guidance,State-OR,OR DFR,JUR-037,2026-03-11,9999-12-31,Medium,Active,22,3,State Notice 2026-0728,Q1 2026,No
EVT-00388,2026-03-08,Illinois predatory lending counseling database reporting activated,Final Rule,Predatory Lending,IL DFI,JUR-013,2026-05-02,2027-10-14,Medium,Pending,20,0,State Notice 2026-0388,Q1 2026,No
EVT-01798,2026-03-09,Flood insurance escrow compliance review initiated,Guidance,Flood Insurance,DE OSB,JUR-008,2026-03-19,9999-12-31,Low,Active,8,1,State Notice 2026-1798,Q1 2026,No
EVT-00389,2026-03-10,North Carolina OCOB issued guidance on non-QM loan disclosures,Enforcement Action,State Licensing,NC OFR,JUR-033,2026-05-14,2027-12-23,High,Superseded,20,1,State Notice 2026-0389,Q1 2026,No
EVT-01312,2026-03-10,South Carolina: Issued state AI/ML underwriting fairness guidance,Guidance,Model Risk,SC BFI,JUR-040,2026-04-27,9999-12-31,Medium,Active,5,2,State Notice 2026-1312,Q1 2026,No
EVT-01381,2026-03-10,Virginia: Issued state usury law maximum rate adjustment,Amendment,Rate Limits,VA BFI,JUR-046,2026-03-16,9999-12-31,High,Active,2,2,State Notice 2026-1381,Q1 2026,No
EVT-01427,2026-03-10,DC: Final rule on state escrow account auditing requirements,Final Rule,Escrow,DC DISB,JUR-051,2026-05-25,9999-12-31,Medium,Active,1,1,State Notice 2026-1427,Q1 2026,Yes
EVT-01799,2026-03-11,Enforcement consent order issued,Enforcement Action,Consumer Protection,WV DOB,JUR-048,2026-04-30,9999-12-31,High,Active,5,0,State Notice 2026-1799,Q1 2026,Yes
EVT-01800,2026-03-12,Fair lending examination scheduled,Guidance,Fair Lending,SD DOB,JUR-041,2026-05-03,9999-12-31,Medium,Active,7,1,State Notice 2026-1800,Q1 2026,No
EVT-00390,2026-03-13,FRB Regulation B amended to add sexual orientation to protected classes,Proposed Rule,Fair Lending,FRB,JUR-052,2026-05-31,2026-12-21,Medium,Pending,11,3,FR Doc. 2026-44569,Q1 2026,No
EVT-01801,2026-03-14,MLO license examination cycle initiated,Guidance,State Licensing,MT DBFI,JUR-026,2026-04-25,9999-12-31,Low,Active,2,0,State Notice 2026-1801,Q1 2026,No
EVT-00447,2026-03-15,Arizona New Mortgage Disclosure Requirement,New Rule,State-AZ,AZ DFI,JUR-003,2026-05-27,9999-12-31,Medium,Active,16,3,State Notice 2026-0447,Q1 2026,No
EVT-01802,2026-03-16,Escrow account auditing standards reminder issued,Guidance,Escrow,KS OSBC,JUR-016,2026-04-01,9999-12-31,Low,Active,7,0,State Notice 2026-1802,Q1 2026,No
EVT-00391,2026-03-17,QM rule safe harbor points and fees thresholds adjusted for inflation,Proposed Rule,QM,CFPB,JUR-052,2026-05-22,9999-12-31,Low,Active,24,3,FR Doc. 2026-55074,Q1 2026,No
EVT-00583,2026-03-17,Louisiana MLO Continuing Education Update,Guidance,State-LA,LA OFI,JUR-018,2026-05-05,9999-12-31,High,Active,2,2,State Notice 2026-0583,Q1 2026,Yes
EVT-00815,2026-03-18,Washington New Mortgage Disclosure Requirement,New Rule,State-WA,WA DFI,JUR-047,2026-05-25,9999-12-31,High,Active,11,3,State Notice 2026-0815,Q1 2026,No
EVT-01032,2026-03-18,Indiana: Final rule on state escrow account auditing requirements,Final Rule,Escrow,IN DFI,JUR-014,2026-04-09,2028-02-13,Medium,Pending,2,2,State Notice 2026-1032,Q1 2026,No
EVT-01195,2026-03-18,New Hampshire: Issued state AI/ML underwriting fairness guidance,Guidance,Model Risk,NH Banking,JUR-029,2026-06-05,9999-12-31,Medium,Active,5,2,State Notice 2026-1195,Q1 2026,No
EVT-01344,2026-03-18,Texas: Published state mortgage fraud examination guidance,Guidance,Financial Crime,TX DBO,JUR-043,2026-04-13,9999-12-31,Medium,Active,1,2,State Notice 2026-1344,Q1 2026,No
EVT-01803,2026-03-19,High-cost mortgage threshold annual adjustment,Amendment,High-Cost Mortgage,FHFA,JUR-057,2026-04-25,9999-12-31,High,Active,1,1,FR Doc. 2026-85088,Q1 2026,No
EVT-00392,2026-03-20,Pennsylvania DBS issued flood insurance escrow guidance,No-Action Letter,Flood Insurance,PA DBS,JUR-038,2026-04-01,9999-12-31,Medium,Active,3,0,State Notice 2026-0392,Q1 2026,Yes
EVT-00662,2026-03-20,Nevada Predatory Lending Enforcement Action,Enforcement Action,State-NV,NV DML,JUR-028,2026-05-10,2028-01-07,Low,Superseded,10,0,State Notice 2026-0662,Q1 2026,No
EVT-00787,2026-03-20,Utah Foreclosure Procedure Update,Amendment,State-UT,UT DRE,JUR-044,2026-06-14,9999-12-31,Medium,Active,13,2,State Notice 2026-0787,Q1 2026,No
EVT-00891,2026-03-20,Alabama: Updated state data breach notification rules for lenders,Amendment,Privacy,AL SBD,JUR-001,2026-03-30,9999-12-31,Medium,Active,4,0,State Notice 2026-0891,Q1 2026,No
EVT-01804,2026-03-21,Annual privacy notice distribution deadline reminder,Guidance,Privacy,VT DFR,JUR-045,2026-04-05,9999-12-31,Low,Active,1,0,State Notice 2026-1804,Q1 2026,No
EVT-01805,2026-03-22,Regulatory sandbox application period opened,Guidance,Consumer Protection,MD OFR,JUR-020,2026-04-01,9999-12-31,Low,Active,7,1,State Notice 2026-1805,Q1 2026,No
EVT-00601,2026-03-23,Massachusetts Mortgage Lending Law Amendment,Amendment,State-MA,MA DOB,JUR-021,2026-04-29,9999-12-31,Low,Active,1,3,State Notice 2026-0601,Q1 2026,No
EVT-00393,2026-03-24,RESPA Section 8 interpretation clarified for AfBA arrangements,New Rule,RESPA,CFPB,JUR-052,2026-04-21,9999-12-31,Low,Active,21,4,FR Doc. 2026-80627,Q1 2026,No
EVT-00394,2026-03-25,New York DFS cybersecurity requirements extended to mortgage servicers,No-Action Letter,Servicing,NY DFS,JUR-032,2026-04-24,9999-12-31,Critical,Active,22,5,State Notice 2026-0394,Q1 2026,No
EVT-00487,2026-03-26,Delaware High-Cost Loan Threshold Update,Amendment,State-DE,DE OSB,JUR-008,2026-04-19,9999-12-31,Medium,Active,23,3,State Notice 2026-0487,Q1 2026,Yes
EVT-00750,2026-03-27,Rhode Island Predatory Lending Enforcement Action,Enforcement Action,State-RI,RI DBR,JUR-039,2026-04-29,9999-12-31,Low,Active,25,3,State Notice 2026-0750,Q1 2026,No
EVT-00833,2026-03-28,Wyoming Mortgage Lending Law Amendment,Amendment,State-WY,WY DOB,JUR-050,2026-06-12,2027-11-02,Critical,Superseded,8,2,State Notice 2026-0833,Q1 2026,No
EVT-00395,2026-03-29,HMDA 2024 data collection thresholds revised — open-end credit lines,No-Action Letter,HMDA,CFPB,JUR-052,2026-06-09,9999-12-31,High,Active,12,1,FR Doc. 2026-64298,Q1 2026,Yes
EVT-00820,2026-03-30,West Virginia Escrow Account Audit Requirements,Guidance,State-WV,WV DOB,JUR-048,2026-04-08,9999-12-31,High,Active,12,0,State Notice 2026-0820,Q1 2026,No
EVT-01806,2026-03-31,Enforcement consent order issued,Enforcement Action,Consumer Protection,ME BFI,JUR-019,2026-05-09,9999-12-31,High,Active,4,0,State Notice 2026-1806,Q1 2026,No
EVT-01807,2026-04-01,Escrow account auditing standards reminder issued,Guidance,Escrow,NJ DBI,JUR-030,2026-05-09,2027-11-22,Low,Pending,7,1,State Notice 2026-1807,Q2 2026,No
EVT-00396,2026-04-02,CFPB published circular on digital mortgage advertising disclosures,Proposed Rule,UDAAP,CFPB,JUR-052,2026-05-07,2027-01-04,High,Pending,20,1,FR Doc. 2026-82258,Q2 2026,No
EVT-01808,2026-04-03,Interpretation letter issued on state disclosure requirements,Interpretation,Disclosure,TX DBO,JUR-043,2026-05-21,9999-12-31,Medium,Active,4,0,State Notice 2026-1808,Q2 2026,No
EVT-00485,2026-04-04,Delaware Annual MLO License Renewal Announcement,Guidance,State-DE,DE OSB,JUR-008,2026-05-07,9999-12-31,High,Active,20,3,State Notice 2026-0485,Q2 2026,No
EVT-00397,2026-04-05,North Carolina OCOB issued guidance on non-QM loan disclosures,Enforcement Action,State Licensing,NC OFR,JUR-033,2026-06-17,9999-12-31,Medium,Active,25,0,State Notice 2026-0397,Q2 2026,No
EVT-00876,2026-04-05,CFPB issued advisory opinion on RESPA Section 8,Guidance,RESPA,CFPB,JUR-052,2026-05-03,2027-10-28,High,Pending,16,0,FR Doc. 2026-65979,Q2 2026,No
EVT-01214,2026-04-06,New Mexico: Final rule on state escrow account auditing requirements,Final Rule,Escrow,NM FID,JUR-031,2026-05-26,9999-12-31,Medium,Active,2,0,State Notice 2026-1214,Q2 2026,Yes
EVT-00398,2026-04-07,FRB Regulation B amended to add sexual orientation to protected classes,Guidance,Fair Lending,FRB,JUR-052,2026-07-06,2027-06-23,Medium,Pending,10,3,FR Doc. 2026-47307,Q2 2026,No
EVT-01117,2026-04-07,Michigan: Final rule on state escrow account auditing requirements,Final Rule,Escrow,MI DIFS,JUR-022,2026-04-22,9999-12-31,Medium,Active,3,2,State Notice 2026-1117,Q2 2026,No
EVT-01172,2026-04-08,Nebraska: Updated state AMC registration and fee requirements,Amendment,Appraisal,NE DBF,JUR-027,2026-06-26,9999-12-31,Medium,Pending,5,2,State Notice 2026-1172,Q2 2026,No
EVT-01809,2026-04-09,BSA/AML examination initiated for mortgage lenders,Enforcement Action,AML/BSA,VA BFI,JUR-046,2026-04-13,9999-12-31,High,Active,10,0,State Notice 2026-1809,Q2 2026,Yes
EVT-00399,2026-04-10,VA funding fee schedule updated per 38 U.S.C. § 3729,No-Action Letter,VA,VA,JUR-058,2026-06-14,2027-10-06,Low,Superseded,24,2,State Notice 2026-0399,Q2 2026,No
EVT-00429,2026-04-10,Alabama New Mortgage Disclosure Requirement,New Rule,State-AL,AL SBD,JUR-001,2026-05-31,9999-12-31,Medium,Active,5,3,State Notice 2026-0429,Q2 2026,Yes
EVT-00777,2026-04-10,Texas Mortgage Lending Law Amendment,Amendment,State-TX,TX DBO,JUR-043,2026-06-10,2027-12-31,High,Pending,5,1,State Notice 2026-0777,Q2 2026,No
EVT-01043,2026-04-10,Iowa: Published state mortgage fraud examination guidance,Guidance,Financial Crime,IA DOB,JUR-015,2026-05-01,9999-12-31,Medium,Active,3,0,State Notice 2026-1043,Q2 2026,No
EVT-01810,2026-04-11,Regulatory compliance monitoring report submitted to agency,Reporting,State Licensing,OK Banking,JUR-036,2026-06-07,9999-12-31,Low,Active,9,0,State Notice 2026-1810,Q2 2026,No
EVT-00612,2026-04-12,Michigan Escrow Account Audit Requirements,Guidance,State-MI,MI DIFS,JUR-022,2026-05-30,2027-12-11,Critical,Superseded,4,1,State Notice 2026-0612,Q2 2026,No
EVT-00400,2026-04-13,North Carolina OCOB issued guidance on non-QM loan disclosures,Proposed Rule,State Licensing,NC OFR,JUR-033,2026-06-12,9999-12-31,High,Active,7,5,State Notice 2026-0400,Q2 2026,No
EVT-01078,2026-04-13,Louisiana: Amended state consumer protection act mortgage provisions,Amendment,Consumer Protection,LA OFI,JUR-018,2026-06-25,9999-12-31,High,Pending,3,1,State Notice 2026-1078,Q2 2026,Yes
EVT-01811,2026-04-14,Regulatory sandbox application period opened,Guidance,Consumer Protection,HI DFI,JUR-011,2026-06-07,9999-12-31,Low,Active,9,1,State Notice 2026-1811,Q2 2026,No
EVT-00401,2026-04-15,QM rule safe harbor points and fees thresholds adjusted for inflation,Interpretation,QM,CFPB,JUR-052,2026-05-14,9999-12-31,High,Active,19,0,FR Doc. 2026-33094,Q2 2026,Yes
EVT-01024,2026-04-15,Illinois: Amended state consumer protection act mortgage provisions,Amendment,Consumer Protection,IL DFI,JUR-013,2026-06-18,9999-12-31,High,Active,5,1,State Notice 2026-1024,Q2 2026,Yes
EVT-01044,2026-04-15,Iowa: Amended state consumer protection act mortgage provisions,Amendment,Consumer Protection,IA DOB,JUR-015,2026-06-05,9999-12-31,High,Active,3,0,State Notice 2026-1044,Q2 2026,No
EVT-00641,2026-04-16,Montana Mortgage Lending Law Amendment,Amendment,State-MT,MT DBFI,JUR-026,2026-06-26,9999-12-31,Medium,Pending,22,0,State Notice 2026-0641,Q2 2026,No
EVT-01812,2026-04-17,Mortgage examination findings letter issued,Enforcement Action,Safety & Soundness,VA BFI,JUR-046,2026-05-18,2027-02-15,Medium,Pending,9,1,State Notice 2026-1812,Q2 2026,No
EVT-00844,2026-04-18,District of Columbia Escrow Account Audit Requirements,Guidance,State-DC,DC DISB,JUR-051,2026-07-12,9999-12-31,Medium,Pending,16,1,State Notice 2026-0844,Q2 2026,No
EVT-00402,2026-04-19,HUD issued mortgagee letter on HECM principal limit factor update,Amendment,Reverse Mortgage,HUD,JUR-054,2026-04-25,9999-12-31,Low,Active,11,5,State Notice 2026-0402,Q2 2026,No
EVT-00444,2026-04-19,Arizona Escrow Account Audit Requirements,Guidance,State-AZ,AZ DFI,JUR-003,2026-06-28,2027-08-07,High,Pending,1,0,State Notice 2026-0444,Q2 2026,No
EVT-01154,2026-04-20,Missouri: Amended state consumer protection act mortgage provisions,Amendment,Consumer Protection,MO DOF,JUR-025,2026-07-04,9999-12-31,High,Pending,5,1,State Notice 2026-1154,Q2 2026,Yes
EVT-01419,2026-04-20,Wyoming: Issued state usury law maximum rate adjustment,Amendment,Rate Limits,WY DOB,JUR-050,2026-05-26,2027-09-26,High,Pending,1,2,State Notice 2026-1419,Q2 2026,Yes
EVT-00665,2026-04-21,New Hampshire Mortgage Lending Law Amendment,Amendment,State-NH,NH BD,JUR-029,2026-06-11,9999-12-31,Medium,Active,13,2,State Notice 2026-0665,Q2 2026,Yes
EVT-01428,2026-04-21,DC: Issued state usury law maximum rate adjustment,Amendment,Rate Limits,DC DISB,JUR-051,2026-06-25,9999-12-31,High,Pending,1,2,State Notice 2026-1428,Q2 2026,Yes
EVT-00403,2026-04-22,VA funding fee schedule updated per 38 U.S.C. § 3729,New Rule,VA,VA,JUR-058,2026-05-29,2028-05-17,High,Pending,20,2,State Notice 2026-0403,Q2 2026,No
EVT-01173,2026-04-22,Nebraska: Published state mortgage fraud examination guidance,Guidance,Financial Crime,NE DBF,JUR-027,2026-05-19,9999-12-31,Medium,Active,1,2,State Notice 2026-1173,Q2 2026,No
EVT-01360,2026-04-22,Utah: Issued state AI/ML underwriting fairness guidance,Guidance,Model Risk,UT DRE,JUR-044,2026-05-31,9999-12-31,Medium,Active,3,0,State Notice 2026-1360,Q2 2026,Yes
EVT-01813,2026-04-23,MLO license examination cycle initiated,Guidance,State Licensing,NC OCB,JUR-033,2026-05-22,9999-12-31,Low,Active,10,0,State Notice 2026-1813,Q2 2026,No
EVT-00404,2026-04-24,USDA Rural Development updated guaranteed loan income limits,Interpretation,Government Lending,USDA,JUR-059,2026-07-06,2027-10-20,Critical,Pending,2,3,State Notice 2026-0404,Q2 2026,No
EVT-01814,2026-04-25,Annual examination schedule published,Guidance,Safety & Soundness,NJ DBI,JUR-030,2026-06-07,9999-12-31,Low,Active,5,0,State Notice 2026-1814,Q2 2026,No
EVT-01815,2026-04-26,NMLS call report quarterly submission reminder,Guidance,Reporting,KY DFI,JUR-017,2026-06-17,9999-12-31,Low,Active,1,0,State Notice 2026-1815,Q2 2026,No
EVT-01816,2026-04-27,Regulatory sandbox application period opened,Guidance,Consumer Protection,NV DML,JUR-028,2026-06-10,9999-12-31,Low,Active,2,0,State Notice 2026-1816,Q2 2026,No
EVT-00530,2026-04-28,Illinois Annual MLO License Renewal Announcement,Guidance,State-IL,IL DFI,JUR-013,2026-06-01,9999-12-31,Medium,Active,3,2,State Notice 2026-0530,Q2 2026,Yes
EVT-00405,2026-04-29,QM rule safe harbor points and fees thresholds adjusted for inflation,Enforcement Action,QM,CFPB,JUR-052,2026-05-21,9999-12-31,High,Active,20,3,FR Doc. 2026-99148,Q2 2026,No
EVT-01088,2026-04-29,Maine: Issued state usury law maximum rate adjustment,Amendment,Rate Limits,ME BFI,JUR-019,2026-05-02,9999-12-31,High,Active,5,0,State Notice 2026-1088,Q2 2026,No
EVT-00978,2026-04-30,Florida: Issued state AI/ML underwriting fairness guidance,Guidance,Model Risk,FL OFR,JUR-009,2026-07-26,9999-12-31,Medium,Pending,2,1,State Notice 2026-0978,Q2 2026,No
EVT-01817,2026-05-01,Consumer complaint resolution procedures updated,Amendment,Consumer Protection,USDA,JUR-059,2026-05-19,9999-12-31,Medium,Active,3,0,FR Doc. 2026-63591,Q2 2026,No
EVT-00406,2026-05-02,FDIC updated appraisal independence requirements under 12 CFR 323,No-Action Letter,Appraisal,FDIC,JUR-055,2026-07-05,9999-12-31,Medium,Pending,14,1,State Notice 2026-0406,Q2 2026,No
EVT-00407,2026-05-03,HMDA 2024 data collection thresholds revised — open-end credit lines,Interpretation,HMDA,CFPB,JUR-052,2026-05-07,2027-08-07,Medium,Superseded,11,4,FR Doc. 2026-39441,Q2 2026,No
EVT-00560,2026-05-03,Kansas Foreclosure Procedure Update,Amendment,State-KS,KS OSBC,JUR-016,2026-07-14,9999-12-31,Medium,Pending,4,3,State Notice 2026-0560,Q2 2026,No
EVT-01128,2026-05-04,Minnesota: Updated state AMC registration and fee requirements,Amendment,Appraisal,MN DOC,JUR-023,2026-05-07,9999-12-31,Medium,Active,2,2,State Notice 2026-1128,Q2 2026,No
EVT-01361,2026-05-04,Utah: Updated state data breach notification rules for lenders,Amendment,Privacy,UT DRE,JUR-044,2026-05-19,9999-12-31,Medium,Active,3,1,State Notice 2026-1361,Q2 2026,No
EVT-00534,2026-05-05,Illinois Escrow Account Audit Requirements,Guidance,State-IL,IL DFI,JUR-013,2026-08-02,2027-02-08,Medium,Pending,17,1,State Notice 2026-0534,Q2 2026,No
EVT-00813,2026-05-05,Washington Fair Lending Examination Guidance,Guidance,State-WA,WA DFI,JUR-047,2026-05-15,9999-12-31,Medium,Active,17,2,State Notice 2026-0813,Q2 2026,No
EVT-01291,2026-05-05,Pennsylvania: Published state mortgage fraud examination guidance,Guidance,Financial Crime,PA DBS,JUR-038,2026-05-31,9999-12-31,Medium,Active,4,2,State Notice 2026-1291,Q2 2026,No
EVT-01409,2026-05-06,Wisconsin: Final rule on state escrow account auditing requirements,Final Rule,Escrow,WI DFI,JUR-049,2026-06-01,9999-12-31,Medium,Active,1,0,State Notice 2026-1409,Q2 2026,No
EVT-00408,2026-05-07,Texas Department of Savings issued escrow account audit requirements,Amendment,Escrow,TX DBO,JUR-043,2026-06-08,2028-03-22,Critical,Pending,5,0,State Notice 2026-0408,Q2 2026,No
EVT-00623,2026-05-07,Minnesota New Mortgage Disclosure Requirement,New Rule,State-MN,MN DOC,JUR-023,2026-05-09,9999-12-31,High,Active,8,1,State Notice 2026-0623,Q2 2026,Yes
EVT-01818,2026-05-08,Interpretation letter issued on state disclosure requirements,Interpretation,Disclosure,WA DFI,JUR-047,2026-06-03,2027-12-18,Medium,Pending,7,1,State Notice 2026-1818,Q2 2026,No
EVT-00409,2026-05-09,FDIC updated appraisal independence requirements under 12 CFR 323,Guidance,Appraisal,FDIC,JUR-055,2026-05-26,2027-06-30,High,Superseded,9,1,State Notice 2026-0409,Q2 2026,Yes
EVT-00680,2026-05-09,New Mexico Annual MLO License Renewal Announcement,Guidance,State-NM,NM FID,JUR-031,2026-05-15,2027-10-19,Critical,Superseded,3,2,State Notice 2026-0680,Q2 2026,No
EVT-01819,2026-05-10,NMLS call report quarterly submission reminder,Guidance,Reporting,MO DOF,JUR-025,2026-05-15,9999-12-31,Low,Active,9,0,State Notice 2026-1819,Q2 2026,No
EVT-00910,2026-05-11,Arizona: Updated state AMC registration and fee requirements,Amendment,Appraisal,AZ DFI,JUR-003,2026-05-13,2028-04-14,Medium,Pending,3,2,State Notice 2026-0910,Q2 2026,No
EVT-01001,2026-05-11,Hawaii: Updated state AMC registration and fee requirements,Amendment,Appraisal,HI DFI,JUR-011,2026-05-21,9999-12-31,Medium,Active,5,2,State Notice 2026-1001,Q2 2026,Yes
EVT-00410,2026-05-12,OCC model risk management supervisory expectations updated,Interpretation,Safety & Soundness,OCC,JUR-053,2026-05-18,2028-05-17,Medium,Superseded,16,2,State Notice 2026-0410,Q2 2026,No
EVT-00578,2026-05-12,Louisiana Foreclosure Procedure Update,Amendment,State-LA,LA OFI,JUR-018,2026-07-16,9999-12-31,Low,Pending,3,2,State Notice 2026-0578,Q2 2026,No
EVT-01196,2026-05-12,New Hampshire: Updated state data breach notification rules for lenders,Amendment,Privacy,NH Banking,JUR-029,2026-05-22,9999-12-31,Medium,Active,5,1,State Notice 2026-1196,Q2 2026,No
EVT-01345,2026-05-13,Texas: Amended state consumer protection act mortgage provisions,Amendment,Consumer Protection,TX DBO,JUR-043,2026-07-01,2028-06-14,High,Pending,3,2,State Notice 2026-1345,Q2 2026,Yes
EVT-00525,2026-05-14,Idaho Escrow Account Audit Requirements,Guidance,State-ID,ID DOF,JUR-012,2026-05-29,2027-01-06,Critical,Pending,12,3,State Notice 2026-0525,Q2 2026,No
EVT-01820,2026-05-15,Proposed rule comment period opened,Proposed Rule,State Licensing,OCC,JUR-053,2026-06-18,9999-12-31,Medium,Active,9,0,FR Doc. 2026-61518,Q2 2026,No
EVT-00411,2026-05-16,HUD issued mortgagee letter on HECM principal limit factor update,Amendment,Reverse Mortgage,HUD,JUR-054,2026-07-09,2028-07-08,Medium,Pending,11,3,State Notice 2026-0411,Q2 2026,No
EVT-01821,2026-05-17,Flood insurance escrow compliance review initiated,Guidance,Flood Insurance,AL SBD,JUR-001,2026-07-04,9999-12-31,Low,Pending,1,1,State Notice 2026-1821,Q2 2026,No
EVT-00669,2026-05-18,New Hampshire Fair Lending Examination Guidance,Guidance,State-NH,NH BD,JUR-029,2026-06-06,2027-02-18,Critical,Superseded,6,3,State Notice 2026-0669,Q2 2026,No
EVT-01118,2026-05-18,Michigan: Issued state usury law maximum rate adjustment,Amendment,Rate Limits,MI DIFS,JUR-022,2026-07-23,2028-02-06,High,Pending,3,2,State Notice 2026-1118,Q2 2026,Yes
EVT-00412,2026-05-19,Pennsylvania DBS issued flood insurance escrow guidance,Proposed Rule,Flood Insurance,PA DBS,JUR-038,2026-07-02,9999-12-31,High,Pending,17,3,State Notice 2026-0412,Q2 2026,No
EVT-00682,2026-05-19,New Mexico High-Cost Loan Threshold Update,Amendment,State-NM,NM FID,JUR-031,2026-06-07,9999-12-31,Medium,Active,19,1,State Notice 2026-0682,Q2 2026,No
EVT-01055,2026-05-19,Kansas: Published state mortgage fraud examination guidance,Guidance,Financial Crime,KS OSBC,JUR-016,2026-06-09,9999-12-31,Medium,Active,4,2,State Notice 2026-1055,Q2 2026,No
EVT-01392,2026-05-19,Washington: Published state mortgage fraud examination guidance,Guidance,Financial Crime,WA DFI,JUR-047,2026-06-05,2027-08-17,Medium,Pending,2,1,State Notice 2026-1392,Q2 2026,No
EVT-01257,2026-05-20,Ohio: Final rule on state escrow account auditing requirements,Final Rule,Escrow,OH DFI,JUR-035,2026-06-06,2027-03-05,Medium,Pending,1,2,State Notice 2026-1257,Q2 2026,No
EVT-00563,2026-05-21,Kansas Predatory Lending Enforcement Action,Enforcement Action,State-KS,KS OSBC,JUR-016,2026-06-22,9999-12-31,High,Active,8,0,State Notice 2026-0563,Q2 2026,No
EVT-01401,2026-05-22,West Virginia: Final rule on state escrow account auditing requirements,Final Rule,Escrow,WV DOB,JUR-048,2026-06-22,9999-12-31,Medium,Active,1,2,State Notice 2026-1401,Q2 2026,No
EVT-00413,2026-05-23,OCC model risk management supervisory expectations updated,Final Rule,Safety & Soundness,OCC,JUR-053,2026-06-30,9999-12-31,Medium,Pending,10,5,State Notice 2026-0413,Q2 2026,No
EVT-00694,2026-05-23,New York Predatory Lending Enforcement Action,Enforcement Action,State-NY,NY DFS,JUR-032,2026-06-09,9999-12-31,Critical,Active,2,3,State Notice 2026-0694,Q2 2026,No
EVT-01822,2026-05-24,Regulatory sandbox application period opened,Guidance,Consumer Protection,UT DRE,JUR-044,2026-07-09,9999-12-31,Low,Pending,9,1,State Notice 2026-1822,Q2 2026,No
EVT-01393,2026-05-25,Washington: Amended state consumer protection act mortgage provisions,Amendment,Consumer Protection,WA DFI,JUR-047,2026-06-08,9999-12-31,High,Active,4,2,State Notice 2026-1393,Q2 2026,No
EVT-00414,2026-05-26,RESPA Section 8 interpretation clarified for AfBA arrangements,Interpretation,RESPA,CFPB,JUR-052,2026-06-15,9999-12-31,High,Active,14,1,FR Doc. 2026-87629,Q2 2026,No
EVT-00415,2026-05-27,QM rule safe harbor points and fees thresholds adjusted for inflation,Final Rule,QM,CFPB,JUR-052,2026-08-15,2027-10-08,Medium,Pending,3,2,FR Doc. 2026-99110,Q2 2026,No
EVT-01225,2026-05-27,New York: Published state mortgage fraud examination guidance,Guidance,Financial Crime,NY DFS,JUR-032,2026-08-02,9999-12-31,Medium,Pending,4,1,State Notice 2026-1225,Q2 2026,No
EVT-00877,2026-05-28,FRB published final rule on Regulation B updates,Final Rule,ECOA,FRB,JUR-056,2026-07-02,9999-12-31,High,Pending,20,2,FR Doc. 2026-17370,Q2 2026,Yes
EVT-00726,2026-05-29,Oklahoma Predatory Lending Enforcement Action,Enforcement Action,State-OK,OK BD,JUR-036,2026-08-23,9999-12-31,Critical,Pending,2,1,State Notice 2026-0726,Q2 2026,No
EVT-01346,2026-05-29,Texas: Issued state AI/ML underwriting fairness guidance,Guidance,Model Risk,TX DBO,JUR-043,2026-06-22,9999-12-31,Medium,Active,4,0,State Notice 2026-1346,Q2 2026,No
EVT-01823,2026-05-30,Annual examination schedule published,Guidance,Safety & Soundness,MO DOF,JUR-025,2026-07-21,9999-12-31,Low,Pending,4,0,State Notice 2026-1823,Q2 2026,No
EVT-00416,2026-05-31,Ohio DFI updated QM points and fees exemption thresholds,Proposed Rule,QM,OH DFI,JUR-035,2026-07-23,9999-12-31,Low,Pending,7,2,State Notice 2026-0416,Q2 2026,No
EVT-01824,2026-06-01,High-cost mortgage threshold annual adjustment,Amendment,High-Cost Mortgage,LA OFI,JUR-018,2026-07-30,9999-12-31,High,Pending,2,0,State Notice 2026-1824,Q2 2026,No
EVT-00417,2026-06-02,California DFPI issued guidance on AI-assisted underwriting,No-Action Letter,State Licensing,CA DFPI,JUR-005,2026-06-19,9999-12-31,Critical,Active,24,2,State Notice 2026-0417,Q2 2026,No
EVT-01410,2026-06-03,Wisconsin: Issued state usury law maximum rate adjustment,Amendment,Rate Limits,WI DFI,JUR-049,2026-07-09,2028-04-22,High,Pending,3,1,State Notice 2026-1410,Q2 2026,No
EVT-01347,2026-06-04,Texas: Updated state data breach notification rules for lenders,Amendment,Privacy,TX DBO,JUR-043,2026-07-09,9999-12-31,Medium,Pending,2,2,State Notice 2026-1347,Q2 2026,No
EVT-00418,2026-06-05,Texas Department of Savings issued escrow account audit requirements,Proposed Rule,Escrow,TX DBO,JUR-043,2026-08-10,9999-12-31,Critical,Pending,6,2,State Notice 2026-0418,Q2 2026,No
EVT-01079,2026-06-05,Louisiana: Issued state AI/ML underwriting fairness guidance,Guidance,Model Risk,LA OFI,JUR-018,2026-08-15,2027-12-23,Medium,Pending,5,0,State Notice 2026-1079,Q2 2026,No
EVT-00467,2026-06-06,Colorado Annual MLO License Renewal Announcement,Guidance,State-CO,CO DRE,JUR-006,2026-08-28,9999-12-31,Medium,Pending,22,2,State Notice 2026-0467,Q2 2026,No
EVT-00740,2026-06-07,Pennsylvania Escrow Account Audit Requirements,Guidance,State-PA,PA DBS,JUR-038,2026-06-18,9999-12-31,High,Active,13,3,State Notice 2026-0740,Q2 2026,No
EVT-00503,2026-06-08,Georgia Annual MLO License Renewal Announcement,Guidance,State-GA,GA DBF,JUR-010,2026-08-11,2028-05-08,Medium,Pending,6,3,State Notice 2026-0503,Q2 2026,Yes
EVT-01258,2026-06-08,Ohio: Issued state usury law maximum rate adjustment,Amendment,Rate Limits,OH DFI,JUR-035,2026-08-31,9999-12-31,High,Pending,3,0,State Notice 2026-1258,Q2 2026,Yes
EVT-00419,2026-06-09,VA funding fee schedule updated per 38 U.S.C. § 3729,New Rule,VA,VA,JUR-058,2026-07-20,2027-08-21,High,Pending,19,4,State Notice 2026-0419,Q2 2026,Yes
EVT-01825,2026-06-10,Final rule effective date confirmed,Final Rule,Disclosure,WY DOB,JUR-050,2026-06-25,9999-12-31,High,Pending,4,0,State Notice 2026-1825,Q2 2026,Yes
EVT-01826,2026-06-11,Mortgage examination findings letter issued,Enforcement Action,Safety & Soundness,NH Banking,JUR-029,2026-07-24,2027-03-10,Medium,Pending,4,0,State Notice 2026-1826,Q2 2026,No
EVT-00420,2026-06-12,CFPB published circular on digital mortgage advertising disclosures,Guidance,UDAAP,CFPB,JUR-052,2026-09-08,9999-12-31,High,Pending,10,0,FR Doc. 2026-49360,Q2 2026,No
EVT-00631,2026-06-13,Mississippi New Mortgage Disclosure Requirement,New Rule,State-MS,MS DBCF,JUR-024,2026-06-18,2028-05-31,Low,Superseded,10,3,State Notice 2026-0631,Q2 2026,No
EVT-01827,2026-06-14,NMLS call report quarterly submission reminder,Guidance,Reporting,NH Banking,JUR-029,2026-06-28,9999-12-31,Low,Pending,9,0,State Notice 2026-1827,Q2 2026,No
EVT-00529,2026-06-15,Idaho MLO Continuing Education Update,Guidance,State-ID,ID DOF,JUR-012,2026-08-22,9999-12-31,Critical,Pending,15,3,State Notice 2026-0529,Q2 2026,No
EVT-00421,2026-06-16,Ohio DFI updated QM points and fees exemption thresholds,Interpretation,QM,OH DFI,JUR-035,2026-09-10,9999-12-31,Critical,Pending,8,5,State Notice 2026-0421,Q2 2026,No
EVT-00932,2026-06-16,California: Updated state AMC registration and fee requirements,Amendment,Appraisal,CA DFPI,JUR-005,2026-06-28,9999-12-31,Medium,Pending,5,2,State Notice 2026-0932,Q2 2026,No
